Latest,IV,Delta,Gamma,Theta,Vega,"IV Skew",Type,Time,Strike,Latest,IV,Delta,Gamma,Theta,Vega,"IV Skew",Type,Time
"3,046.40s",0.00%,0.9912,0.0000,0.0000,0.0000,-23.34%,Call,09/01/26,"1,350.00",0.10s,74.13%,-0.0002,0.0000,-0.0075,0.0184,+50.79%,Put,09/01/26
"3,021.40s",0.00%,0.9912,0.0000,0.0000,0.0000,-23.34%,Call,09/01/26,"1,375.00",0.10s,73.00%,-0.0002,0.0000,-0.0075,0.0187,+49.66%,Put,09/01/26
"2,996.40s",0.00%,0.9912,0.0000,0.0000,0.0000,-23.34%,Call,09/01/26,"1,400.00",0.10s,71.90%,-0.0002,0.0000,-0.0075,0.0189,+48.56%,Put,09/01/26
"2,971.40s",0.00%,0.9912,0.0000,0.0000,0.0000,-23.34%,Call,09/01/26,"1,425.00",0.10s,70.81%,-0.0002,0.0000,-0.0074,0.0192,+47.47%,Put,09/01/26
"2,946.40s",0.00%,0.9912,0.0000,0.0000,0.0000,-23.34%,Call,09/01/26,"1,450.00",0.10s,69.74%,-0.0003,0.0000,-0.0074,0.0195,+46.40%,Put,09/01/26
"2,921.40s",0.00%,0.9912,0.0000,0.0000,0.0000,-23.34%,Call,09/01/26,"1,475.00",0.20s,72.45%,-0.0005,0.0000,-0.0137,0.0344,+49.12%,Put,09/01/26
"2,896.40s",0.00%,0.9912,0.0000,0.0000,0.0000,-23.34%,Call,09/01/26,"1,500.00",0.20s,71.37%,-0.0005,0.0000,-0.0137,0.0349,+48.03%,Put,09/01/26
"2,871.40s",0.00%,0.9912,0.0000,0.0000,0.0000,-23.34%,Call,09/01/26,"1,525.00",0.20s,70.30%,-0.0005,0.0000,-0.0136,0.0353,+46.96%,Put,09/01/26
"2,866.40s",0.00%,0.9912,0.0000,0.0000,0.0000,-23.34%,Call,09/01/26,"1,530.00",0.20s,70.09%,-0.0005,0.0000,-0.0136,0.0354,+46.75%,Put,09/01/26
"2,856.40s",0.00%,0.9912,0.0000,0.0000,0.0000,-23.34%,Call,09/01/26,"1,540.00",0.20s,69.67%,-0.0005,0.0000,-0.0136,0.0357,+46.33%,Put,09/01/26
"2,846.40s",0.00%,0.9912,0.0000,0.0000,0.0000,-23.34%,Call,09/01/26,"1,550.00",0.20s,69.25%,-0.0005,0.0000,-0.0136,0.0359,+45.92%,Put,09/01/26
"2,836.40s",0.00%,0.9912,0.0000,0.0000,0.0000,-23.34%,Call,09/01/26,"1,560.00",0.20s,68.84%,-0.0005,0.0000,-0.0136,0.0361,+45.50%,Put,09/01/26
"2,826.40s",0.00%,0.9912,0.0000,0.0000,0.0000,-23.34%,Call,09/01/26,"1,570.00",0.20s,68.43%,-0.0005,0.0000,-0.0136,0.0363,+45.09%,Put,09/01/26
"2,821.40s",0.00%,0.9912,0.0000,0.0000,0.0000,-23.34%,Call,09/01/26,"1,575.00",0.20s,68.22%,-0.0005,0.0000,-0.0136,0.0364,+44.88%,Put,09/01/26
"2,816.40s",0.00%,0.9912,0.0000,0.0000,0.0000,-23.34%,Call,09/01/26,"1,580.00",0.20s,68.02%,-0.0005,0.0000,-0.0136,0.0365,+44.68%,Put,09/01/26
"2,806.40s",0.00%,0.9912,0.0000,0.0000,0.0000,-23.34%,Call,09/01/26,"1,590.00",0.20s,67.61%,-0.0005,0.0000,-0.0135,0.0367,+44.27%,Put,09/01/26
"2,796.40s",0.00%,0.9912,0.0000,0.0000,0.0000,-23.34%,Call,09/01/26,"1,600.00",0.20s,67.21%,-0.0005,0.0000,-0.0135,0.0369,+43.87%,Put,09/01/26
"2,786.40s",0.00%,0.9912,0.0000,0.0000,0.0000,-23.34%,Call,09/01/26,"1,610.00",0.20s,66.81%,-0.0005,0.0000,-0.0135,0.0371,+43.47%,Put,09/01/26
"2,776.40s",0.00%,0.9912,0.0000,0.0000,0.0000,-23.34%,Call,09/01/26,"1,620.00",0.20s,66.41%,-0.0005,0.0000,-0.0135,0.0373,+43.07%,Put,09/01/26
"2,771.40s",0.00%,0.9912,0.0000,0.0000,0.0000,-23.34%,Call,09/01/26,"1,625.00",0.20s,66.21%,-0.0005,0.0000,-0.0135,0.0374,+42.87%,Put,09/01/26
"2,766.40s",0.00%,0.9912,0.0000,0.0000,0.0000,-23.34%,Call,09/01/26,"1,630.00",0.20s,66.01%,-0.0005,0.0000,-0.0135,0.0375,+42.67%,Put,09/01/26
"2,761.40s",0.00%,0.9912,0.0000,0.0000,0.0000,-23.34%,Call,09/01/26,"1,635.00",0.20s,65.81%,-0.0005,0.0000,-0.0135,0.0376,+42.48%,Put,09/01/26
"2,756.40s",0.00%,0.9912,0.0000,0.0000,0.0000,-23.34%,Call,09/01/26,"1,640.00",0.20s,65.62%,-0.0005,0.0000,-0.0135,0.0377,+42.28%,Put,09/01/26
"2,751.40s",0.00%,0.9912,0.0000,0.0000,0.0000,-23.34%,Call,09/01/26,"1,645.00",0.20s,65.42%,-0.0005,0.0000,-0.0135,0.0378,+42.08%,Put,09/01/26
"2,746.40s",0.00%,0.9912,0.0000,0.0000,0.0000,-23.34%,Call,09/01/26,"1,650.00",0.20s,65.22%,-0.0005,0.0000,-0.0135,0.0379,+41.89%,Put,09/01/26
"2,741.40s",0.00%,0.9912,0.0000,0.0000,0.0000,-23.34%,Call,09/01/26,"1,655.00",0.20s,65.03%,-0.0005,0.0000,-0.0135,0.0380,+41.69%,Put,09/01/26
"2,736.40s",0.00%,0.9912,0.0000,0.0000,0.0000,-23.34%,Call,09/01/26,"1,660.00",0.20s,64.84%,-0.0005,0.0000,-0.0134,0.0381,+41.50%,Put,09/01/26
"2,731.40s",0.00%,0.9912,0.0000,0.0000,0.0000,-23.34%,Call,09/01/26,"1,665.00",0.20s,64.64%,-0.0005,0.0000,-0.0134,0.0382,+41.30%,Put,09/01/26
"2,726.40s",0.00%,0.9912,0.0000,0.0000,0.0000,-23.34%,Call,09/01/26,"1,670.00",0.20s,64.45%,-0.0005,0.0000,-0.0134,0.0384,+41.11%,Put,09/01/26
"2,721.40s",0.00%,0.9912,0.0000,0.0000,0.0000,-23.61%,Call,09/01/26,"1,675.00",0.20s,64.26%,-0.0005,0.0000,-0.0134,0.0385,+40.92%,Put,09/01/26
"2,716.40s",0.00%,0.9912,0.0000,0.0000,0.0000,-23.34%,Call,09/01/26,"1,680.00",0.20s,64.06%,-0.0005,0.0000,-0.0134,0.0386,+40.73%,Put,09/01/26
"2,711.40s",0.00%,0.9912,0.0000,0.0000,0.0000,-23.34%,Call,09/01/26,"1,685.00",0.20s,63.87%,-0.0005,0.0000,-0.0134,0.0387,+40.53%,Put,09/01/26
"2,706.40s",0.00%,0.9912,0.0000,0.0000,0.0000,-23.34%,Call,09/01/26,"1,690.00",0.20s,63.68%,-0.0005,0.0000,-0.0134,0.0388,+40.34%,Put,09/01/26
"2,701.40s",0.00%,0.9912,0.0000,0.0000,0.0000,-23.34%,Call,09/01/26,"1,695.00",0.20s,63.49%,-0.0005,0.0000,-0.0134,0.0389,+40.15%,Put,09/01/26
"2,696.40s",0.00%,0.9912,0.0000,0.0000,0.0000,-23.34%,Call,09/01/26,"1,700.00",0.20s,63.30%,-0.0005,0.0000,-0.0134,0.0390,+39.96%,Put,09/01/26
"2,691.40s",0.00%,0.9912,0.0000,0.0000,0.0000,-23.34%,Call,09/01/26,"1,705.00",0.20s,63.11%,-0.0005,0.0000,-0.0134,0.0391,+39.77%,Put,09/01/26
"2,686.40s",0.00%,0.9912,0.0000,0.0000,0.0000,-23.34%,Call,09/01/26,"1,710.00",0.20s,62.92%,-0.0005,0.0000,-0.0134,0.0392,+39.59%,Put,09/01/26
"2,681.40s",0.00%,0.9912,0.0000,0.0000,0.0000,-23.34%,Call,09/01/26,"1,715.00",0.20s,62.74%,-0.0005,0.0000,-0.0134,0.0393,+39.40%,Put,09/01/26
"2,676.40s",0.00%,0.9912,0.0000,0.0000,0.0000,-23.34%,Call,09/01/26,"1,720.00",0.20s,62.55%,-0.0005,0.0000,-0.0134,0.0394,+39.21%,Put,09/01/26
"2,671.40s",0.00%,0.9912,0.0000,0.0000,0.0000,-23.34%,Call,09/01/26,"1,725.00",0.20s,62.36%,-0.0005,0.0000,-0.0134,0.0396,+39.02%,Put,09/01/26
"2,666.40s",0.00%,0.9912,0.0000,0.0000,0.0000,-23.34%,Call,09/01/26,"1,730.00",0.20s,62.17%,-0.0005,0.0000,-0.0133,0.0397,+38.84%,Put,09/01/26
"2,661.40s",0.00%,0.9912,0.0000,0.0000,0.0000,-23.34%,Call,09/01/26,"1,735.00",0.20s,61.99%,-0.0005,0.0000,-0.0133,0.0398,+38.65%,Put,09/01/26
"2,656.40s",0.00%,0.9912,0.0000,0.0000,0.0000,-23.34%,Call,09/01/26,"1,740.00",0.20s,61.80%,-0.0005,0.0000,-0.0133,0.0399,+38.46%,Put,09/01/26
"2,651.40s",0.00%,0.9912,0.0000,0.0000,0.0000,-23.34%,Call,09/01/26,"1,745.00",0.20s,61.62%,-0.0005,0.0000,-0.0133,0.0400,+38.28%,Put,09/01/26
"2,646.40s",0.00%,0.9912,0.0000,0.0000,0.0000,-23.34%,Call,09/01/26,"1,750.00",0.20s,61.43%,-0.0005,0.0000,-0.0133,0.0401,+38.10%,Put,09/01/26
"2,641.40s",0.00%,0.9912,0.0000,0.0000,0.0000,-23.34%,Call,09/01/26,"1,755.00",0.20s,61.25%,-0.0005,0.0000,-0.0133,0.0402,+37.91%,Put,09/01/26
"2,636.40s",0.00%,0.9912,0.0000,0.0000,0.0000,-23.34%,Call,09/01/26,"1,760.00",0.20s,61.07%,-0.0006,0.0000,-0.0133,0.0403,+37.73%,Put,09/01/26
"2,631.40s",0.00%,0.9912,0.0000,0.0000,0.0000,-23.34%,Call,09/01/26,"1,765.00",0.20s,60.88%,-0.0006,0.0000,-0.0133,0.0404,+37.55%,Put,09/01/26
"2,626.40s",0.00%,0.9912,0.0000,0.0000,0.0000,-23.34%,Call,09/01/26,"1,770.00",0.20s,60.70%,-0.0006,0.0000,-0.0133,0.0406,+37.36%,Put,09/01/26
"2,621.40s",0.00%,0.9912,0.0000,0.0000,0.0000,-23.34%,Call,09/01/26,"1,775.00",0.30s,62.60%,-0.0008,0.0000,-0.0190,0.0558,+39.27%,Put,09/01/26
"2,616.40s",0.00%,0.9912,0.0000,0.0000,0.0000,-23.34%,Call,09/01/26,"1,780.00",0.30s,62.42%,-0.0008,0.0000,-0.0190,0.0560,+39.08%,Put,09/01/26
"2,611.40s",0.00%,0.9912,0.0000,0.0000,0.0000,-23.34%,Call,09/01/26,"1,785.00",0.30s,62.23%,-0.0008,0.0000,-0.0190,0.0561,+38.89%,Put,09/01/26
"2,606.40s",0.00%,0.9912,0.0000,0.0000,0.0000,-23.34%,Call,09/01/26,"1,790.00",0.30s,62.05%,-0.0008,0.0000,-0.0190,0.0563,+38.71%,Put,09/01/26
"2,601.40s",0.00%,0.9912,0.0000,0.0000,0.0000,-23.34%,Call,09/01/26,"1,795.00",0.30s,61.86%,-0.0008,0.0000,-0.0189,0.0565,+38.52%,Put,09/01/26
"2,596.40s",0.00%,0.9912,0.0000,0.0000,0.0000,-23.34%,Call,09/01/26,"1,800.00",0.30s,61.67%,-0.0008,0.0000,-0.0189,0.0566,+38.34%,Put,09/01/26
"2,591.40s",0.00%,0.9912,0.0000,0.0000,0.0000,-23.34%,Call,09/01/26,"1,805.00",0.30s,61.49%,-0.0008,0.0000,-0.0189,0.0568,+38.15%,Put,09/01/26
"2,586.40s",0.00%,0.9912,0.0000,0.0000,0.0000,-23.34%,Call,09/01/26,"1,810.00",0.30s,61.31%,-0.0008,0.0000,-0.0189,0.0569,+37.97%,Put,09/01/26
"2,581.40s",0.00%,0.9912,0.0000,0.0000,0.0000,-23.34%,Call,09/01/26,"1,815.00",0.30s,61.12%,-0.0008,0.0000,-0.0189,0.0571,+37.78%,Put,09/01/26
"2,576.40s",0.00%,0.9912,0.0000,0.0000,0.0000,-23.61%,Call,09/01/26,"1,820.00",0.30s,60.94%,-0.0008,0.0000,-0.0189,0.0572,+37.60%,Put,09/01/26
"2,571.40s",0.00%,0.9912,0.0000,0.0000,0.0000,-23.34%,Call,09/01/26,"1,825.00",0.30s,60.76%,-0.0008,0.0000,-0.0189,0.0574,+37.42%,Put,09/01/26
"2,566.40s",0.00%,0.9912,0.0000,0.0000,0.0000,-23.34%,Call,09/01/26,"1,830.00",0.30s,60.58%,-0.0008,0.0000,-0.0189,0.0576,+37.24%,Put,09/01/26
"2,561.40s",0.00%,0.9912,0.0000,0.0000,0.0000,-23.34%,Call,09/01/26,"1,835.00",0.30s,60.39%,-0.0008,0.0000,-0.0189,0.0577,+37.06%,Put,09/01/26
"2,556.40s",0.00%,0.9912,0.0000,0.0000,0.0000,-23.34%,Call,09/01/26,"1,840.00",0.30s,60.21%,-0.0008,0.0000,-0.0189,0.0579,+36.88%,Put,09/01/26
"2,551.40s",0.00%,0.9912,0.0000,0.0000,0.0000,-23.34%,Call,09/01/26,"1,845.00",0.30s,60.03%,-0.0008,0.0000,-0.0188,0.0580,+36.69%,Put,09/01/26
"2,546.40s",0.00%,0.9912,0.0000,0.0000,0.0000,-23.61%,Call,09/01/26,"1,850.00",0.30s,59.85%,-0.0008,0.0000,-0.0188,0.0582,+36.51%,Put,09/01/26
"2,541.40s",0.00%,0.9912,0.0000,0.0000,0.0000,-23.34%,Call,09/01/26,"1,855.00",0.30s,59.67%,-0.0008,0.0000,-0.0188,0.0584,+36.34%,Put,09/01/26
"2,536.40s",0.00%,0.9912,0.0000,0.0000,0.0000,-23.34%,Call,09/01/26,"1,860.00",0.30s,59.49%,-0.0008,0.0000,-0.0188,0.0585,+36.16%,Put,09/01/26
"2,531.40s",0.00%,0.9912,0.0000,0.0000,0.0000,-23.34%,Call,09/01/26,"1,865.00",0.30s,59.32%,-0.0008,0.0000,-0.0188,0.0587,+35.98%,Put,09/01/26
"2,526.40s",0.00%,0.9912,0.0000,0.0000,0.0000,-23.34%,Call,09/01/26,"1,870.00",0.30s,59.14%,-0.0008,0.0000,-0.0188,0.0589,+35.80%,Put,09/01/26
"2,521.40s",0.00%,0.9912,0.0000,0.0000,0.0000,-23.34%,Call,09/01/26,"1,875.00",0.30s,58.96%,-0.0008,0.0000,-0.0188,0.0590,+35.62%,Put,09/01/26
"2,516.40s",0.00%,0.9912,0.0000,0.0000,0.0000,-23.34%,Call,09/01/26,"1,880.00",0.30s,58.78%,-0.0008,0.0000,-0.0188,0.0592,+35.45%,Put,09/01/26
"2,511.40s",0.00%,0.9912,0.0000,0.0000,0.0000,-23.34%,Call,09/01/26,"1,885.00",0.30s,58.61%,-0.0008,0.0000,-0.0188,0.0593,+35.27%,Put,09/01/26
"2,506.40s",0.00%,0.9912,0.0000,0.0000,0.0000,-23.34%,Call,09/01/26,"1,890.00",0.30s,58.43%,-0.0008,0.0000,-0.0187,0.0595,+35.09%,Put,09/01/26
"2,501.40s",0.00%,0.9912,0.0000,0.0000,0.0000,-23.34%,Call,09/01/26,"1,895.00",0.30s,58.26%,-0.0008,0.0000,-0.0187,0.0597,+34.92%,Put,09/01/26
"2,496.40s",0.00%,0.9912,0.0000,0.0000,0.0000,-23.34%,Call,09/01/26,"1,900.00",0.30s,58.08%,-0.0008,0.0000,-0.0187,0.0598,+34.74%,Put,09/01/26
"2,491.40s",0.00%,0.9912,0.0000,0.0000,0.0000,-23.34%,Call,09/01/26,"1,905.00",0.30s,57.91%,-0.0008,0.0000,-0.0187,0.0600,+34.57%,Put,09/01/26
"2,486.40s",0.00%,0.9912,0.0000,0.0000,0.0000,-23.34%,Call,09/01/26,"1,910.00",0.30s,57.73%,-0.0008,0.0000,-0.0187,0.0602,+34.39%,Put,09/01/26
"2,481.40s",0.00%,0.9912,0.0000,0.0000,0.0000,-23.34%,Call,09/01/26,"1,915.00",0.30s,57.56%,-0.0009,0.0000,-0.0187,0.0603,+34.22%,Put,09/01/26
"2,476.40s",0.00%,0.9912,0.0000,0.0000,0.0000,-23.34%,Call,09/01/26,"1,920.00",0.30s,57.38%,-0.0009,0.0000,-0.0187,0.0605,+34.05%,Put,09/01/26
"2,471.40s",0.00%,0.9912,0.0000,0.0000,0.0000,-23.34%,Call,09/01/26,"1,925.00",0.30s,57.21%,-0.0009,0.0000,-0.0187,0.0607,+33.87%,Put,09/01/26
"2,466.40s",0.00%,0.9912,0.0000,0.0000,0.0000,-23.34%,Call,09/01/26,"1,930.00",0.30s,57.04%,-0.0009,0.0000,-0.0187,0.0608,+33.70%,Put,09/01/26
"2,461.40s",0.00%,0.9912,0.0000,0.0000,0.0000,-23.34%,Call,09/01/26,"1,935.00",0.30s,56.87%,-0.0009,0.0000,-0.0186,0.0610,+33.53%,Put,09/01/26
"2,456.40s",0.00%,0.9912,0.0000,0.0000,0.0000,-23.34%,Call,09/01/26,"1,940.00",0.30s,56.69%,-0.0009,0.0000,-0.0186,0.0612,+33.36%,Put,09/01/26
"2,451.40s",0.00%,0.9912,0.0000,0.0000,0.0000,-23.34%,Call,09/01/26,"1,945.00",0.30s,56.52%,-0.0009,0.0000,-0.0186,0.0613,+33.19%,Put,09/01/26
"2,446.40s",0.00%,0.9912,0.0000,0.0000,0.0000,-23.34%,Call,09/01/26,"1,950.00",0.30s,56.35%,-0.0009,0.0000,-0.0186,0.0615,+33.01%,Put,09/01/26
"2,441.40s",0.00%,0.9912,0.0000,0.0000,0.0000,-23.61%,Call,09/01/26,"1,955.00",0.30s,56.18%,-0.0009,0.0000,-0.0186,0.0617,+32.84%,Put,09/01/26
"2,436.40s",0.00%,0.9912,0.0000,0.0000,0.0000,-23.34%,Call,09/01/26,"1,960.00",0.30s,56.01%,-0.0009,0.0000,-0.0186,0.0619,+32.67%,Put,09/01/26
"2,431.40s",0.00%,0.9912,0.0000,0.0000,0.0000,-23.34%,Call,09/01/26,"1,965.00",0.30s,55.84%,-0.0009,0.0000,-0.0186,0.0620,+32.50%,Put,09/01/26
"2,426.40s",0.00%,0.9912,0.0000,0.0000,0.0000,-23.34%,Call,09/01/26,"1,970.00",0.30s,55.67%,-0.0009,0.0000,-0.0186,0.0622,+32.34%,Put,09/01/26
"2,421.40s",0.00%,0.9912,0.0000,0.0000,0.0000,-23.34%,Call,09/01/26,"1,975.00",0.30s,55.51%,-0.0009,0.0000,-0.0186,0.0624,+32.17%,Put,09/01/26
"2,416.40s",0.00%,0.9912,0.0000,0.0000,0.0000,-23.34%,Call,09/01/26,"1,980.00",0.30s,55.34%,-0.0009,0.0000,-0.0185,0.0626,+32.00%,Put,09/01/26
"2,411.40s",0.00%,0.9912,0.0000,0.0000,0.0000,-23.34%,Call,09/01/26,"1,985.00",0.40s,56.59%,-0.0011,0.0000,-0.0239,0.0783,+33.25%,Put,09/01/26
"2,406.40s",0.00%,0.9912,0.0000,0.0000,0.0000,-23.34%,Call,09/01/26,"1,990.00",0.40s,56.42%,-0.0011,0.0000,-0.0238,0.0785,+33.08%,Put,09/01/26
"2,401.40s",0.00%,0.9912,0.0000,0.0000,0.0000,-23.34%,Call,09/01/26,"1,995.00",0.40s,56.25%,-0.0011,0.0000,-0.0238,0.0787,+32.91%,Put,09/01/26
"2,396.40s",0.00%,0.9912,0.0000,0.0000,0.0000,-23.34%,Call,09/01/26,"2,000.00",0.60s,58.24%,-0.0016,0.0000,-0.0339,0.1074,+34.90%,Put,09/01/26
"2,391.40s",0.00%,0.9912,0.0000,0.0000,0.0000,-23.34%,Call,09/01/26,"2,005.00",0.40s,55.91%,-0.0011,0.0000,-0.0238,0.0792,+32.57%,Put,09/01/26
"2,386.40s",0.00%,0.9912,0.0000,0.0000,0.0000,-23.34%,Call,09/01/26,"2,010.00",0.40s,55.74%,-0.0011,0.0000,-0.0238,0.0794,+32.40%,Put,09/01/26
"2,381.40s",0.00%,0.9912,0.0000,0.0000,0.0000,-23.34%,Call,09/01/26,"2,015.00",0.40s,55.57%,-0.0012,0.0000,-0.0238,0.0796,+32.23%,Put,09/01/26
"2,376.40s",0.00%,0.9912,0.0000,0.0000,0.0000,-23.34%,Call,09/01/26,"2,020.00",0.40s,55.40%,-0.0012,0.0000,-0.0237,0.0798,+32.06%,Put,09/01/26
"2,371.40s",0.00%,0.9912,0.0000,0.0000,0.0000,-23.34%,Call,09/01/26,"2,025.00",0.40s,55.23%,-0.0012,0.0000,-0.0237,0.0800,+31.90%,Put,09/01/26
"2,366.40s",0.00%,0.9912,0.0000,0.0000,0.0000,-23.34%,Call,09/01/26,"2,030.00",0.40s,55.07%,-0.0012,0.0000,-0.0237,0.0803,+31.73%,Put,09/01/26
"2,361.40s",0.00%,0.9912,0.0000,0.0000,0.0000,-23.34%,Call,09/01/26,"2,035.00",0.40s,54.90%,-0.0012,0.0000,-0.0237,0.0805,+31.56%,Put,09/01/26
"2,356.40s",0.00%,0.9912,0.0000,0.0000,0.0000,-23.34%,Call,09/01/26,"2,040.00",0.40s,54.73%,-0.0012,0.0000,-0.0237,0.0807,+31.39%,Put,09/01/26
"2,351.40s",0.00%,0.9912,0.0000,0.0000,0.0000,-23.34%,Call,09/01/26,"2,045.00",0.40s,54.56%,-0.0012,0.0000,-0.0237,0.0809,+31.23%,Put,09/01/26
"2,346.40s",0.00%,0.9912,0.0000,0.0000,0.0000,-23.34%,Call,09/01/26,"2,050.00",0.40s,54.40%,-0.0012,0.0000,-0.0237,0.0812,+31.06%,Put,09/01/26
"2,341.40s",0.00%,0.9912,0.0000,0.0000,0.0000,-23.34%,Call,09/01/26,"2,055.00",0.40s,54.23%,-0.0012,0.0000,-0.0236,0.0814,+30.89%,Put,09/01/26
"2,336.40s",0.00%,0.9912,0.0000,0.0000,0.0000,-23.34%,Call,09/01/26,"2,060.00",0.40s,54.07%,-0.0012,0.0000,-0.0236,0.0816,+30.73%,Put,09/01/26
"2,331.40s",0.00%,0.9912,0.0000,0.0000,0.0000,-23.34%,Call,09/01/26,"2,065.00",0.40s,53.90%,-0.0012,0.0000,-0.0236,0.0818,+30.56%,Put,09/01/26
"2,326.40s",0.00%,0.9912,0.0000,0.0000,0.0000,-23.34%,Call,09/01/26,"2,070.00",0.40s,53.74%,-0.0012,0.0000,-0.0236,0.0821,+30.40%,Put,09/01/26
"2,321.40s",0.00%,0.9912,0.0000,0.0000,0.0000,-23.34%,Call,09/01/26,"2,075.00",0.40s,53.57%,-0.0012,0.0000,-0.0236,0.0823,+30.23%,Put,09/01/26
"2,316.40s",0.00%,0.9912,0.0000,0.0000,0.0000,-23.34%,Call,09/01/26,"2,080.00",0.40s,53.41%,-0.0012,0.0000,-0.0236,0.0825,+30.07%,Put,09/01/26
"2,311.40s",0.00%,0.9912,0.0000,0.0000,0.0000,-23.34%,Call,09/01/26,"2,085.00",0.40s,53.25%,-0.0012,0.0000,-0.0236,0.0828,+29.91%,Put,09/01/26
"2,306.40s",0.00%,0.9912,0.0000,0.0000,0.0000,-23.34%,Call,09/01/26,"2,090.00",0.40s,53.08%,-0.0012,0.0000,-0.0235,0.0830,+29.74%,Put,09/01/26
"2,301.40s",0.00%,0.9912,0.0000,0.0000,0.0000,-23.34%,Call,09/01/26,"2,095.00",0.40s,52.92%,-0.0012,0.0000,-0.0235,0.0832,+29.58%,Put,09/01/26
"2,296.40s",0.00%,0.9912,0.0000,0.0000,0.0000,-23.34%,Call,09/01/26,"2,100.00",0.40s,52.76%,-0.0012,0.0000,-0.0235,0.0835,+29.42%,Put,09/01/26
"2,291.40s",0.00%,0.9912,0.0000,0.0000,0.0000,-23.34%,Call,09/01/26,"2,105.00",0.40s,52.59%,-0.0012,0.0000,-0.0235,0.0837,+29.26%,Put,09/01/26
"2,286.40s",0.00%,0.9912,0.0000,0.0000,0.0000,-23.34%,Call,09/01/26,"2,110.00",0.40s,52.43%,-0.0012,0.0000,-0.0235,0.0839,+29.09%,Put,09/01/26
"2,281.40s",0.00%,0.9912,0.0000,0.0000,0.0000,-23.34%,Call,09/01/26,"2,115.00",0.40s,52.27%,-0.0012,0.0000,-0.0235,0.0842,+28.93%,Put,09/01/26
"2,276.40s",0.00%,0.9912,0.0000,0.0000,0.0000,-23.34%,Call,09/01/26,"2,120.00",0.40s,52.11%,-0.0012,0.0000,-0.0234,0.0844,+28.77%,Put,09/01/26
"2,271.40s",0.00%,0.9912,0.0000,0.0000,0.0000,-23.34%,Call,09/01/26,"2,125.00",0.40s,51.95%,-0.0012,0.0000,-0.0234,0.0846,+28.61%,Put,09/01/26
"2,266.40s",0.00%,0.9912,0.0000,0.0000,0.0000,-23.34%,Call,09/01/26,"2,130.00",0.40s,51.79%,-0.0012,0.0000,-0.0234,0.0849,+28.45%,Put,09/01/26
"2,261.40s",0.00%,0.9912,0.0000,0.0000,0.0000,-23.34%,Call,09/01/26,"2,135.00",0.40s,51.63%,-0.0012,0.0000,-0.0234,0.0851,+28.29%,Put,09/01/26
"2,256.40s",0.00%,0.9912,0.0000,0.0000,0.0000,-23.34%,Call,09/01/26,"2,140.00",0.50s,52.55%,-0.0015,0.0000,-0.0284,0.1011,+29.21%,Put,09/01/26
"2,251.40s",0.00%,0.9912,0.0000,0.0000,0.0000,-23.34%,Call,09/01/26,"2,145.00",0.50s,52.38%,-0.0015,0.0000,-0.0284,0.1014,+29.04%,Put,09/01/26
"2,246.40s",0.00%,0.9912,0.0000,0.0000,0.0000,-23.34%,Call,09/01/26,"2,150.00",0.50s,52.22%,-0.0015,0.0000,-0.0284,0.1017,+28.88%,Put,09/01/26
"2,241.40s",0.00%,0.9912,0.0000,0.0000,0.0000,-23.34%,Call,09/01/26,"2,155.00",0.50s,52.06%,-0.0015,0.0000,-0.0284,0.1020,+28.72%,Put,09/01/26
"2,236.40s",0.00%,0.9912,0.0000,0.0000,0.0000,-23.34%,Call,09/01/26,"2,160.00",0.50s,51.90%,-0.0015,0.0000,-0.0283,0.1023,+28.56%,Put,09/01/26
"2,231.40s",0.00%,0.9912,0.0000,0.0000,0.0000,-23.34%,Call,09/01/26,"2,165.00",0.50s,51.74%,-0.0015,0.0000,-0.0283,0.1026,+28.40%,Put,09/01/26
"2,226.40s",0.00%,0.9912,0.0000,0.0000,0.0000,-23.34%,Call,09/01/26,"2,170.00",0.50s,51.58%,-0.0015,0.0000,-0.0283,0.1028,+28.24%,Put,09/01/26
"2,221.40s",0.00%,0.9912,0.0000,0.0000,0.0000,-23.34%,Call,09/01/26,"2,175.00",0.50s,51.42%,-0.0015,0.0000,-0.0283,0.1031,+28.08%,Put,09/01/26
"2,216.40s",0.00%,0.9912,0.0000,0.0000,0.0000,-23.34%,Call,09/01/26,"2,180.00",0.50s,51.26%,-0.0015,0.0000,-0.0283,0.1034,+27.92%,Put,09/01/26
"2,211.40s",0.00%,0.9912,0.0000,0.0000,0.0000,-23.34%,Call,09/01/26,"2,185.00",0.50s,51.10%,-0.0015,0.0000,-0.0282,0.1037,+27.76%,Put,09/01/26
"2,206.40s",0.00%,0.9912,0.0000,0.0000,0.0000,-23.34%,Call,09/01/26,"2,190.00",0.50s,50.94%,-0.0015,0.0000,-0.0282,0.1040,+27.60%,Put,09/01/26
"2,201.40s",0.00%,0.9912,0.0000,0.0000,0.0000,-23.34%,Call,09/01/26,"2,195.00",0.50s,50.78%,-0.0015,0.0000,-0.0282,0.1043,+27.44%,Put,09/01/26
"2,196.40s",0.00%,0.9912,0.0000,0.0000,0.0000,-23.34%,Call,09/01/26,"2,200.00",0.50s,50.62%,-0.0016,0.0000,-0.0282,0.1046,+27.29%,Put,09/01/26
"2,191.40s",0.00%,0.9912,0.0000,0.0000,0.0000,-23.34%,Call,09/01/26,"2,205.00",0.50s,50.47%,-0.0016,0.0000,-0.0282,0.1049,+27.13%,Put,09/01/26
"2,186.40s",0.00%,0.9912,0.0000,0.0000,0.0000,-23.34%,Call,09/01/26,"2,210.00",0.50s,50.31%,-0.0016,0.0000,-0.0281,0.1052,+26.97%,Put,09/01/26
"2,181.40s",0.00%,0.9912,0.0000,0.0000,0.0000,-23.34%,Call,09/01/26,"2,215.00",0.50s,50.15%,-0.0016,0.0000,-0.0281,0.1055,+26.81%,Put,09/01/26
"2,176.40s",0.00%,0.9912,0.0000,0.0000,0.0000,-23.34%,Call,09/01/26,"2,220.00",0.50s,50.00%,-0.0016,0.0000,-0.0281,0.1058,+26.66%,Put,09/01/26
"2,171.40s",0.00%,0.9912,0.0000,0.0000,0.0000,-23.34%,Call,09/01/26,"2,225.00",0.50s,49.84%,-0.0016,0.0000,-0.0281,0.1061,+26.50%,Put,09/01/26
"2,166.40s",0.00%,0.9912,0.0000,0.0000,0.0000,-23.34%,Call,09/01/26,"2,230.00",0.50s,49.68%,-0.0016,0.0000,-0.0281,0.1064,+26.34%,Put,09/01/26
"2,161.40s",0.00%,0.9912,0.0000,0.0000,0.0000,-23.34%,Call,09/01/26,"2,235.00",0.50s,49.53%,-0.0016,0.0000,-0.0280,0.1067,+26.19%,Put,09/01/26
"2,156.40s",0.00%,0.9912,0.0000,0.0000,0.0000,-23.34%,Call,09/01/26,"2,240.00",0.50s,49.37%,-0.0016,0.0000,-0.0280,0.1070,+26.03%,Put,09/01/26
"2,151.40s",0.00%,0.9912,0.0000,0.0000,0.0000,-23.34%,Call,09/01/26,"2,245.00",0.50s,49.22%,-0.0016,0.0000,-0.0280,0.1073,+25.88%,Put,09/01/26
"2,146.40s",99.91%,0.9398,0.0001,-1.3183,2.1890,+76.57%,Call,09/01/26,"2,250.00",0.60s,49.93%,-0.0019,0.0000,-0.0328,0.1234,+26.59%,Put,09/01/26
"2,141.40s",99.61%,0.9397,0.0001,-1.3168,2.1932,+76.27%,Call,09/01/26,"2,255.00",0.60s,49.77%,-0.0019,0.0000,-0.0328,0.1238,+26.43%,Put,09/01/26
"2,136.40s",99.31%,0.9396,0.0001,-1.3153,2.1974,+75.97%,Call,09/01/26,"2,260.00",0.60s,49.62%,-0.0019,0.0000,-0.0327,0.1241,+26.28%,Put,09/01/26
"2,131.40s",99.01%,0.9394,0.0001,-1.3138,2.2016,+75.67%,Call,09/01/26,"2,265.00",0.60s,49.46%,-0.0019,0.0000,-0.0327,0.1245,+26.12%,Put,09/01/26
"2,126.40s",98.71%,0.9393,0.0001,-1.3123,2.2058,+75.37%,Call,09/01/26,"2,270.00",0.60s,49.30%,-0.0019,0.0000,-0.0327,0.1248,+25.97%,Put,09/01/26
"2,121.40s",98.41%,0.9392,0.0001,-1.3108,2.2100,+75.07%,Call,09/01/26,"2,275.00",0.60s,49.15%,-0.0019,0.0000,-0.0327,0.1252,+25.81%,Put,09/01/26
"2,116.40s",98.11%,0.9391,0.0001,-1.3093,2.2143,+74.77%,Call,09/01/26,"2,280.00",0.60s,48.99%,-0.0019,0.0000,-0.0327,0.1255,+25.65%,Put,09/01/26
"2,111.40s",97.81%,0.9389,0.0001,-1.3078,2.2185,+74.47%,Call,09/01/26,"2,285.00",0.60s,48.84%,-0.0019,0.0000,-0.0326,0.1259,+25.50%,Put,09/01/26
"2,106.40s",97.51%,0.9388,0.0001,-1.3063,2.2227,+74.17%,Call,09/01/26,"2,290.00",0.60s,48.68%,-0.0019,0.0000,-0.0326,0.1262,+25.35%,Put,09/01/26
"2,101.40s",97.21%,0.9387,0.0001,-1.3048,2.2270,+73.88%,Call,09/01/26,"2,295.00",0.60s,48.53%,-0.0019,0.0000,-0.0326,0.1266,+25.19%,Put,09/01/26
"2,096.40s",96.92%,0.9386,0.0001,-1.3033,2.2312,+73.58%,Call,09/01/26,"2,300.00",0.60s,48.38%,-0.0019,0.0000,-0.0326,0.1270,+25.04%,Put,09/01/26
"2,091.40s",96.62%,0.9384,0.0001,-1.3018,2.2355,+73.28%,Call,09/01/26,"2,305.00",0.60s,48.22%,-0.0019,0.0000,-0.0325,0.1273,+24.88%,Put,09/01/26
"2,086.40s",96.33%,0.9383,0.0001,-1.3003,2.2398,+72.99%,Call,09/01/26,"2,310.00",0.60s,48.07%,-0.0019,0.0000,-0.0325,0.1277,+24.73%,Put,09/01/26
"2,081.40s",96.03%,0.9382,0.0001,-1.2988,2.2440,+72.69%,Call,09/01/26,"2,315.00",0.60s,47.92%,-0.0019,0.0000,-0.0325,0.1280,+24.58%,Put,09/01/26
"2,076.40s",95.74%,0.9380,0.0001,-1.2973,2.2483,+72.40%,Call,09/01/26,"2,320.00",0.60s,47.76%,-0.0019,0.0000,-0.0325,0.1284,+24.43%,Put,09/01/26
"2,071.40s",95.45%,0.9379,0.0001,-1.2958,2.2526,+72.11%,Call,09/01/26,"2,325.00",0.60s,47.61%,-0.0020,0.0000,-0.0324,0.1288,+24.27%,Put,09/01/26
"2,066.40s",95.15%,0.9378,0.0001,-1.2942,2.2569,+71.81%,Call,09/01/26,"2,330.00",0.70s,48.19%,-0.0022,0.0000,-0.0370,0.1449,+24.85%,Put,09/01/26
"2,061.40s",94.86%,0.9377,0.0001,-1.2927,2.2612,+71.52%,Call,09/01/26,"2,335.00",0.70s,48.04%,-0.0022,0.0000,-0.0370,0.1453,+24.70%,Put,09/01/26
"2,056.40s",94.57%,0.9375,0.0001,-1.2912,2.2655,+71.23%,Call,09/01/26,"2,340.00",0.70s,47.88%,-0.0022,0.0000,-0.0370,0.1457,+24.54%,Put,09/01/26
"2,051.40s",94.28%,0.9374,0.0001,-1.2897,2.2698,+70.94%,Call,09/01/26,"2,345.00",0.70s,47.73%,-0.0022,0.0000,-0.0370,0.1461,+24.39%,Put,09/01/26
"2,046.40s",93.99%,0.9373,0.0001,-1.2882,2.2742,+70.65%,Call,09/01/26,"2,350.00",0.70s,47.58%,-0.0022,0.0000,-0.0369,0.1466,+24.24%,Put,09/01/26
"2,041.40s",93.70%,0.9371,0.0001,-1.2866,2.2785,+70.36%,Call,09/01/26,"2,355.00",0.70s,47.42%,-0.0023,0.0000,-0.0369,0.1470,+24.09%,Put,09/01/26
"2,036.40s",93.41%,0.9370,0.0001,-1.2851,2.2828,+70.07%,Call,09/01/26,"2,360.00",0.70s,47.27%,-0.0023,0.0000,-0.0369,0.1474,+23.93%,Put,09/01/26
"2,031.40s",93.12%,0.9369,0.0001,-1.2836,2.2872,+69.78%,Call,09/01/26,"2,365.00",0.70s,47.12%,-0.0023,0.0000,-0.0368,0.1478,+23.78%,Put,09/01/26
"2,026.40s",92.84%,0.9368,0.0001,-1.2821,2.2916,+69.50%,Call,09/01/26,"2,370.00",0.70s,46.97%,-0.0023,0.0000,-0.0368,0.1482,+23.63%,Put,09/01/26
"2,021.40s",92.55%,0.9366,0.0001,-1.2805,2.2959,+69.21%,Call,09/01/26,"2,375.00",0.70s,46.82%,-0.0023,0.0000,-0.0368,0.1487,+23.48%,Put,09/01/26
"2,016.40s",92.26%,0.9365,0.0001,-1.2790,2.3003,+68.92%,Call,09/01/26,"2,380.00",0.70s,46.67%,-0.0023,0.0000,-0.0368,0.1491,+23.33%,Put,09/01/26
"2,011.40s",91.98%,0.9364,0.0001,-1.2775,2.3047,+68.64%,Call,09/01/26,"2,385.00",0.70s,46.52%,-0.0023,0.0000,-0.0367,0.1495,+23.18%,Put,09/01/26
"2,006.40s",91.69%,0.9362,0.0001,-1.2759,2.3091,+68.35%,Call,09/01/26,"2,390.00",0.70s,46.37%,-0.0023,0.0000,-0.0367,0.1500,+23.03%,Put,09/01/26
"2,001.40s",91.41%,0.9361,0.0001,-1.2744,2.3135,+68.07%,Call,09/01/26,"2,395.00",0.70s,46.22%,-0.0023,0.0000,-0.0367,0.1504,+22.88%,Put,09/01/26
"1,996.40s",91.12%,0.9360,0.0001,-1.2728,2.3179,+67.79%,Call,09/01/26,"2,400.00",0.80s,46.70%,-0.0026,0.0000,-0.0411,0.1665,+23.36%,Put,09/01/26
"1,991.40s",90.84%,0.9358,0.0001,-1.2713,2.3223,+67.50%,Call,09/01/26,"2,405.00",0.80s,46.55%,-0.0026,0.0000,-0.0411,0.1670,+23.21%,Put,09/01/26
"1,986.40s",90.56%,0.9357,0.0001,-1.2698,2.3268,+67.22%,Call,09/01/26,"2,410.00",0.80s,46.40%,-0.0026,0.0000,-0.0411,0.1675,+23.06%,Put,09/01/26
"1,981.40s",90.28%,0.9356,0.0001,-1.2682,2.3312,+66.94%,Call,09/01/26,"2,415.00",0.80s,46.24%,-0.0026,0.0000,-0.0410,0.1679,+22.91%,Put,09/01/26
"1,976.40s",90.00%,0.9354,0.0001,-1.2667,2.3356,+66.66%,Call,09/01/26,"2,420.00",0.80s,46.09%,-0.0026,0.0000,-0.0410,0.1684,+22.76%,Put,09/01/26
"1,971.40s",89.72%,0.9353,0.0001,-1.2651,2.3401,+66.38%,Call,09/01/26,"2,425.00",0.80s,45.94%,-0.0026,0.0000,-0.0410,0.1689,+22.61%,Put,09/01/26
"1,966.40s",89.44%,0.9351,0.0001,-1.2636,2.3446,+66.10%,Call,09/01/26,"2,430.00",0.80s,45.79%,-0.0026,0.0000,-0.0409,0.1694,+22.46%,Put,09/01/26
"1,961.40s",89.16%,0.9350,0.0001,-1.2620,2.3490,+65.82%,Call,09/01/26,"2,435.00",0.80s,45.65%,-0.0026,0.0000,-0.0409,0.1699,+22.31%,Put,09/01/26
"1,956.40s",88.88%,0.9349,0.0001,-1.2605,2.3535,+65.54%,Call,09/01/26,"2,440.00",0.80s,45.50%,-0.0027,0.0000,-0.0409,0.1704,+22.16%,Put,09/01/26
"1,951.40s",88.60%,0.9347,0.0001,-1.2589,2.3580,+65.26%,Call,09/01/26,"2,445.00",0.80s,45.35%,-0.0027,0.0000,-0.0408,0.1709,+22.01%,Put,09/01/26
"1,946.40s",88.32%,0.9346,0.0001,-1.2574,2.3625,+64.98%,Call,09/01/26,"2,450.00",0.80s,45.20%,-0.0027,0.0000,-0.0408,0.1714,+21.86%,Put,09/01/26
"1,941.40s",88.04%,0.9345,0.0001,-1.2558,2.3670,+64.71%,Call,09/01/26,"2,455.00",0.80s,45.05%,-0.0027,0.0000,-0.0408,0.1719,+21.71%,Put,09/01/26
"1,936.40s",87.77%,0.9343,0.0001,-1.2542,2.3715,+64.43%,Call,09/01/26,"2,460.00",0.90s,45.46%,-0.0030,0.0000,-0.0451,0.1880,+22.12%,Put,09/01/26
"1,931.40s",87.49%,0.9342,0.0001,-1.2527,2.3761,+64.15%,Call,09/01/26,"2,465.00",0.90s,45.31%,-0.0030,0.0000,-0.0451,0.1885,+21.97%,Put,09/01/26
"1,926.40s",87.22%,0.9341,0.0001,-1.2511,2.3806,+63.88%,Call,09/01/26,"2,470.00",0.90s,45.16%,-0.0030,0.0000,-0.0450,0.1890,+21.82%,Put,09/01/26
"1,921.40s",86.94%,0.9339,0.0001,-1.2495,2.3852,+63.60%,Call,09/01/26,"2,475.00",0.90s,45.01%,-0.0030,0.0000,-0.0450,0.1896,+21.67%,Put,09/01/26
"1,916.40s",86.67%,0.9338,0.0001,-1.2480,2.3897,+63.33%,Call,09/01/26,"2,480.00",0.90s,44.86%,-0.0030,0.0000,-0.0449,0.1901,+21.52%,Put,09/01/26
"1,911.40s",86.39%,0.9336,0.0001,-1.2464,2.3943,+63.05%,Call,09/01/26,"2,485.00",0.90s,44.71%,-0.0030,0.0000,-0.0449,0.1907,+21.38%,Put,09/01/26
"1,906.40s",86.12%,0.9335,0.0001,-1.2448,2.3989,+62.78%,Call,09/01/26,"2,490.00",0.90s,44.57%,-0.0030,0.0000,-0.0449,0.1913,+21.23%,Put,09/01/26
"1,901.40s",85.85%,0.9334,0.0001,-1.2433,2.4035,+62.51%,Call,09/01/26,"2,495.00",0.90s,44.42%,-0.0030,0.0000,-0.0448,0.1918,+21.08%,Put,09/01/26
"1,896.40s",85.58%,0.9332,0.0001,-1.2417,2.4081,+62.24%,Call,09/01/26,"2,500.00",0.90s,44.27%,-0.0030,0.0000,-0.0448,0.1924,+20.93%,Put,09/01/26
"1,891.40s",85.30%,0.9331,0.0001,-1.2401,2.4127,+61.97%,Call,09/01/26,"2,505.00",0.90s,44.12%,-0.0031,0.0000,-0.0448,0.1929,+20.79%,Put,09/01/26
"1,886.40s",85.03%,0.9329,0.0001,-1.2385,2.4173,+61.69%,Call,09/01/26,"2,510.00",1.00s,44.47%,-0.0033,0.0000,-0.0490,0.2090,+21.14%,Put,09/01/26
"1,881.40s",84.76%,0.9328,0.0001,-1.2370,2.4219,+61.42%,Call,09/01/26,"2,515.00",1.00s,44.33%,-0.0033,0.0000,-0.0489,0.2096,+20.99%,Put,09/01/26
"1,876.40s",84.49%,0.9326,0.0001,-1.2354,2.4265,+61.15%,Call,09/01/26,"2,520.00",1.00s,44.18%,-0.0034,0.0000,-0.0489,0.2102,+20.84%,Put,09/01/26
"1,871.40s",84.22%,0.9325,0.0001,-1.2338,2.4312,+60.88%,Call,09/01/26,"2,525.00",1.00s,44.03%,-0.0034,0.0000,-0.0488,0.2108,+20.69%,Put,09/01/26
"1,866.40s",83.95%,0.9324,0.0001,-1.2322,2.4359,+60.62%,Call,09/01/26,"2,530.00",1.00s,43.88%,-0.0034,0.0000,-0.0488,0.2114,+20.55%,Put,09/01/26
"1,861.40s",83.69%,0.9322,0.0001,-1.2306,2.4405,+60.35%,Call,09/01/26,"2,535.00",1.00s,43.74%,-0.0034,0.0000,-0.0488,0.2121,+20.40%,Put,09/01/26
"1,856.40s",83.42%,0.9321,0.0001,-1.2290,2.4452,+60.08%,Call,09/01/26,"2,540.00",1.00s,43.59%,-0.0034,0.0000,-0.0487,0.2127,+20.25%,Put,09/01/26
"1,851.40s",83.15%,0.9319,0.0001,-1.2274,2.4499,+59.81%,Call,09/01/26,"2,545.00",1.00s,43.44%,-0.0034,0.0000,-0.0487,0.2133,+20.11%,Put,09/01/26
"1,846.40s",82.88%,0.9318,0.0001,-1.2258,2.4546,+59.55%,Call,09/01/26,"2,550.00",1.00s,43.30%,-0.0034,0.0000,-0.0486,0.2139,+19.96%,Put,09/01/26
"1,841.40s",82.62%,0.9316,0.0001,-1.2243,2.4593,+59.28%,Call,09/01/26,"2,555.00",1.00s,43.15%,-0.0034,0.0000,-0.0486,0.2146,+19.81%,Put,09/01/26
"1,836.40s",82.35%,0.9315,0.0001,-1.2227,2.4640,+59.01%,Call,09/01/26,"2,560.00",1.10s,43.46%,-0.0037,0.0000,-0.0527,0.2306,+20.12%,Put,09/01/26
"1,831.40s",82.09%,0.9313,0.0001,-1.2211,2.4688,+58.75%,Call,09/01/26,"2,565.00",1.10s,43.31%,-0.0037,0.0000,-0.0526,0.2313,+19.97%,Put,09/01/26
"1,826.40s",81.82%,0.9312,0.0001,-1.2195,2.4735,+58.48%,Call,09/01/26,"2,570.00",1.10s,43.16%,-0.0037,0.0000,-0.0526,0.2320,+19.82%,Put,09/01/26
"1,821.40s",81.56%,0.9310,0.0001,-1.2179,2.4783,+58.22%,Call,09/01/26,"2,575.00",1.10s,43.02%,-0.0038,0.0000,-0.0525,0.2327,+19.68%,Put,09/01/26
"1,816.40s",81.30%,0.9309,0.0001,-1.2163,2.4831,+57.96%,Call,09/01/26,"2,580.00",1.10s,42.87%,-0.0038,0.0000,-0.0525,0.2333,+19.53%,Put,09/01/26
"1,811.40s",81.03%,0.9307,0.0001,-1.2147,2.4878,+57.69%,Call,09/01/26,"2,585.00",1.10s,42.73%,-0.0038,0.0000,-0.0524,0.2340,+19.39%,Put,09/01/26
"1,806.40s",80.77%,0.9306,0.0001,-1.2131,2.4926,+57.43%,Call,09/01/26,"2,590.00",1.10s,42.58%,-0.0038,0.0000,-0.0524,0.2347,+19.24%,Put,09/01/26
"1,801.40s",80.51%,0.9304,0.0001,-1.2114,2.4974,+57.17%,Call,09/01/26,"2,595.00",1.10s,42.44%,-0.0038,0.0000,-0.0524,0.2354,+19.10%,Put,09/01/26
"1,796.40s",80.25%,0.9303,0.0001,-1.2098,2.5023,+56.91%,Call,09/01/26,"2,600.00",1.20s,42.70%,-0.0041,0.0000,-0.0564,0.2514,+19.36%,Put,09/01/26
"1,791.40s",79.99%,0.9301,0.0001,-1.2082,2.5071,+56.65%,Call,09/01/26,"2,605.00",1.20s,42.56%,-0.0041,0.0000,-0.0563,0.2522,+19.22%,Put,09/01/26
"1,786.40s",79.73%,0.9300,0.0001,-1.2066,2.5119,+56.39%,Call,09/01/26,"2,610.00",1.20s,42.41%,-0.0041,0.0000,-0.0563,0.2529,+19.07%,Put,09/01/26
"1,781.40s",79.47%,0.9298,0.0001,-1.2050,2.5168,+56.13%,Call,09/01/26,"2,615.00",1.20s,42.27%,-0.0041,0.0000,-0.0562,0.2537,+18.93%,Put,09/01/26
"1,776.40s",79.21%,0.9297,0.0001,-1.2034,2.5216,+55.87%,Call,09/01/26,"2,620.00",1.20s,42.12%,-0.0042,0.0000,-0.0561,0.2544,+18.78%,Put,09/01/26
"1,771.40s",78.95%,0.9295,0.0001,-1.2018,2.5265,+55.61%,Call,09/01/26,"2,625.00",1.20s,41.98%,-0.0042,0.0000,-0.0561,0.2552,+18.64%,Put,09/01/26
"1,766.40s",78.69%,0.9294,0.0001,-1.2001,2.5314,+55.35%,Call,09/01/26,"2,630.00",1.20s,41.83%,-0.0042,0.0000,-0.0560,0.2559,+18.49%,Put,09/01/26
"1,761.40s",78.43%,0.9292,0.0001,-1.1985,2.5363,+55.09%,Call,09/01/26,"2,635.00",1.20s,41.69%,-0.0042,0.0000,-0.0560,0.2567,+18.35%,Put,09/01/26
"1,756.40s",78.17%,0.9291,0.0001,-1.1969,2.5412,+54.83%,Call,09/01/26,"2,640.00",1.30s,41.92%,-0.0045,0.0000,-0.0599,0.2727,+18.58%,Put,09/01/26
"1,751.40s",77.92%,0.9289,0.0001,-1.1953,2.5462,+54.58%,Call,09/01/26,"2,645.00",1.30s,41.78%,-0.0045,0.0000,-0.0598,0.2735,+18.44%,Put,09/01/26
"1,746.40s",77.66%,0.9288,0.0001,-1.1937,2.5511,+54.32%,Call,09/01/26,"2,650.00",1.30s,41.63%,-0.0045,0.0000,-0.0598,0.2743,+18.29%,Put,09/01/26
"1,741.40s",77.40%,0.9286,0.0001,-1.1920,2.5560,+54.06%,Call,09/01/26,"2,655.00",1.30s,41.49%,-0.0045,0.0000,-0.0597,0.2751,+18.15%,Put,09/01/26
"1,736.40s",77.15%,0.9285,0.0001,-1.1904,2.5610,+53.81%,Call,09/01/26,"2,660.00",1.30s,41.34%,-0.0045,0.0000,-0.0597,0.2760,+18.00%,Put,09/01/26
"1,731.40s",76.89%,0.9283,0.0001,-1.1888,2.5660,+53.55%,Call,09/01/26,"2,665.00",1.30s,41.20%,-0.0046,0.0000,-0.0596,0.2768,+17.86%,Put,09/01/26
"1,726.40s",76.64%,0.9281,0.0001,-1.1871,2.5710,+53.30%,Call,09/01/26,"2,670.00",1.30s,41.06%,-0.0046,0.0000,-0.0596,0.2776,+17.72%,Put,09/01/26
"1,721.40s",76.38%,0.9280,0.0001,-1.1855,2.5760,+53.04%,Call,09/01/26,"2,675.00",1.40s,41.26%,-0.0049,0.0000,-0.0634,0.2936,+17.92%,Put,09/01/26
"1,716.40s",76.13%,0.9278,0.0001,-1.1839,2.5810,+52.79%,Call,09/01/26,"2,680.00",1.40s,41.12%,-0.0049,0.0000,-0.0633,0.2945,+17.78%,Put,09/01/26
"1,711.40s",75.88%,0.9277,0.0001,-1.1822,2.5860,+52.54%,Call,09/01/26,"2,685.00",1.40s,40.97%,-0.0049,0.0000,-0.0633,0.2954,+17.64%,Put,09/01/26
"1,706.40s",75.62%,0.9275,0.0001,-1.1806,2.5911,+52.28%,Call,09/01/26,"2,690.00",1.40s,40.83%,-0.0049,0.0000,-0.0632,0.2962,+17.49%,Put,09/01/26
"1,701.40s",75.37%,0.9273,0.0001,-1.1789,2.5961,+52.03%,Call,09/01/26,"2,695.00",1.40s,40.69%,-0.0049,0.0000,-0.0631,0.2971,+17.35%,Put,09/01/26
"1,696.40s",75.12%,0.9272,0.0001,-1.1773,2.6012,+51.78%,Call,09/01/26,"2,700.00",1.40s,40.54%,-0.0050,0.0000,-0.0631,0.2980,+17.21%,Put,09/01/26
"1,691.40s",74.87%,0.9270,0.0001,-1.1756,2.6063,+51.53%,Call,09/01/26,"2,705.00",1.40s,40.40%,-0.0050,0.0000,-0.0630,0.2989,+17.06%,Put,09/01/26
"1,686.40s",74.62%,0.9269,0.0001,-1.1740,2.6114,+51.28%,Call,09/01/26,"2,710.00",1.50s,40.58%,-0.0053,0.0000,-0.0668,0.3149,+17.25%,Put,09/01/26
"1,681.40s",74.37%,0.9267,0.0001,-1.1723,2.6165,+51.03%,Call,09/01/26,"2,715.00",1.50s,40.44%,-0.0053,0.0000,-0.0667,0.3159,+17.10%,Put,09/01/26
"1,676.40s",74.12%,0.9265,0.0001,-1.1707,2.6216,+50.78%,Call,09/01/26,"2,720.00",1.50s,40.30%,-0.0053,0.0000,-0.0666,0.3168,+16.96%,Put,09/01/26
"1,671.40s",73.87%,0.9264,0.0001,-1.1690,2.6268,+50.53%,Call,09/01/26,"2,725.00",1.50s,40.15%,-0.0053,0.0000,-0.0666,0.3178,+16.82%,Put,09/01/26
"1,666.40s",73.62%,0.9262,0.0001,-1.1674,2.6319,+50.28%,Call,09/01/26,"2,730.00",1.50s,40.01%,-0.0053,0.0000,-0.0665,0.3187,+16.67%,Put,09/01/26
"1,661.40s",73.37%,0.9260,0.0001,-1.1657,2.6371,+50.03%,Call,09/01/26,"2,735.00",1.50s,39.87%,-0.0054,0.0000,-0.0664,0.3197,+16.53%,Put,09/01/26
"1,656.40s",73.12%,0.9259,0.0001,-1.1641,2.6423,+49.78%,Call,09/01/26,"2,740.00",1.60s,40.03%,-0.0057,0.0000,-0.0701,0.3356,+16.69%,Put,09/01/26
"1,651.40s",72.87%,0.9257,0.0001,-1.1624,2.6475,+49.53%,Call,09/01/26,"2,745.00",1.60s,39.89%,-0.0057,0.0000,-0.0701,0.3367,+16.55%,Put,09/01/26
"1,646.40s",72.62%,0.9255,0.0001,-1.1607,2.6527,+49.29%,Call,09/01/26,"2,750.00",1.60s,39.75%,-0.0057,0.0000,-0.0700,0.3377,+16.41%,Put,09/01/26
"1,641.40s",72.38%,0.9254,0.0001,-1.1591,2.6579,+49.04%,Call,09/01/26,"2,755.00",1.60s,39.60%,-0.0057,0.0000,-0.0699,0.3387,+16.27%,Put,09/01/26
"1,636.40s",72.13%,0.9252,0.0001,-1.1574,2.6632,+48.79%,Call,09/01/26,"2,760.00",1.60s,39.46%,-0.0057,0.0000,-0.0698,0.3398,+16.12%,Put,09/01/26
"1,631.40s",71.89%,0.9250,0.0001,-1.1558,2.6684,+48.55%,Call,09/01/26,"2,765.00",1.60s,39.32%,-0.0058,0.0000,-0.0698,0.3408,+15.98%,Put,09/01/26
"1,626.40s",71.64%,0.9249,0.0001,-1.1541,2.6737,+48.30%,Call,09/01/26,"2,770.00",1.70s,39.46%,-0.0061,0.0000,-0.0734,0.3567,+16.13%,Put,09/01/26
"1,621.40s",71.39%,0.9247,0.0001,-1.1524,2.6790,+48.06%,Call,09/01/26,"2,775.00",1.70s,39.32%,-0.0061,0.0000,-0.0733,0.3578,+15.98%,Put,09/01/26
"1,616.40s",71.15%,0.9245,0.0001,-1.1507,2.6843,+47.81%,Call,09/01/26,"2,780.00",1.70s,39.18%,-0.0061,0.0000,-0.0732,0.3589,+15.84%,Put,09/01/26
"1,611.40s",70.91%,0.9244,0.0001,-1.1491,2.6896,+47.57%,Call,09/01/26,"2,785.00",1.70s,39.04%,-0.0061,0.0000,-0.0731,0.3601,+15.70%,Put,09/01/26
"1,606.40s",70.66%,0.9242,0.0001,-1.1474,2.6950,+47.32%,Call,09/01/26,"2,790.00",1.70s,38.90%,-0.0062,0.0000,-0.0731,0.3612,+15.56%,Put,09/01/26
"1,601.40s",70.42%,0.9240,0.0001,-1.1457,2.7003,+47.08%,Call,09/01/26,"2,795.00",1.80s,39.03%,-0.0065,0.0000,-0.0766,0.3771,+15.69%,Put,09/01/26
"1,596.40s",70.17%,0.9238,0.0001,-1.1440,2.7057,+46.84%,Call,09/01/26,"2,800.00",1.80s,38.88%,-0.0065,0.0000,-0.0765,0.3782,+15.54%,Put,09/01/26
"1,591.40s",69.93%,0.9237,0.0001,-1.1423,2.7111,+46.59%,Call,09/01/26,"2,805.00",1.80s,38.74%,-0.0065,0.0000,-0.0765,0.3794,+15.40%,Put,09/01/26
"1,586.40s",69.69%,0.9235,0.0001,-1.1407,2.7165,+46.35%,Call,09/01/26,"2,810.00",1.80s,38.60%,-0.0065,0.0000,-0.0764,0.3806,+15.26%,Put,09/01/26
"1,581.40s",69.45%,0.9233,0.0001,-1.1390,2.7219,+46.11%,Call,09/01/26,"2,815.00",1.80s,38.46%,-0.0066,0.0000,-0.0763,0.3818,+15.12%,Put,09/01/26
"1,576.40s",69.21%,0.9231,0.0001,-1.1373,2.7274,+45.87%,Call,09/01/26,"2,820.00",1.90s,38.57%,-0.0069,0.0000,-0.0798,0.3976,+15.23%,Put,09/01/26
"1,571.40s",68.97%,0.9230,0.0001,-1.1356,2.7328,+45.63%,Call,09/01/26,"2,825.00",1.90s,38.43%,-0.0069,0.0000,-0.0797,0.3989,+15.09%,Put,09/01/26
"1,566.40s",68.72%,0.9228,0.0001,-1.1339,2.7383,+45.39%,Call,09/01/26,"2,830.00",1.90s,38.29%,-0.0069,0.0000,-0.0796,0.4001,+14.95%,Put,09/01/26
"1,561.40s",68.48%,0.9226,0.0001,-1.1322,2.7438,+45.15%,Call,09/01/26,"2,835.00",1.90s,38.15%,-0.0069,0.0000,-0.0795,0.4014,+14.81%,Put,09/01/26
"1,556.40s",68.24%,0.9224,0.0001,-1.1305,2.7493,+44.91%,Call,09/01/26,"2,840.00",1.90s,38.01%,-0.0070,0.0000,-0.0794,0.4026,+14.67%,Put,09/01/26
"1,551.40s",68.00%,0.9223,0.0001,-1.1288,2.7548,+44.67%,Call,09/01/26,"2,845.00",2.00s,38.11%,-0.0073,0.0000,-0.0829,0.4185,+14.77%,Put,09/01/26
"1,546.40s",67.77%,0.9221,0.0001,-1.1271,2.7603,+44.43%,Call,09/01/26,"2,850.00",2.00s,37.97%,-0.0073,0.0000,-0.0828,0.4198,+14.63%,Put,09/01/26
"1,541.40s",67.53%,0.9219,0.0001,-1.1254,2.7659,+44.19%,Call,09/01/26,"2,855.00",2.00s,37.83%,-0.0073,0.0000,-0.0827,0.4211,+14.49%,Put,09/01/26
"1,536.40s",67.29%,0.9217,0.0001,-1.1237,2.7715,+43.95%,Call,09/01/26,"2,860.00",2.00s,37.69%,-0.0073,0.0000,-0.0826,0.4225,+14.35%,Put,09/01/26
"1,531.40s",67.05%,0.9215,0.0001,-1.1220,2.7771,+43.71%,Call,09/01/26,"2,865.00",2.10s,37.78%,-0.0077,0.0000,-0.0860,0.4383,+14.44%,Put,09/01/26
"1,526.40s",66.81%,0.9213,0.0001,-1.1203,2.7827,+43.48%,Call,09/01/26,"2,870.00",2.10s,37.64%,-0.0077,0.0000,-0.0859,0.4397,+14.30%,Put,09/01/26
"1,521.40s",66.58%,0.9212,0.0001,-1.1186,2.7883,+43.24%,Call,09/01/26,"2,875.00",2.10s,37.50%,-0.0077,0.0000,-0.0858,0.4411,+14.16%,Put,09/01/26
"1,516.40s",66.34%,0.9210,0.0001,-1.1169,2.7940,+43.00%,Call,09/01/26,"2,880.00",2.10s,37.35%,-0.0077,0.0000,-0.0857,0.4425,+14.02%,Put,09/01/26
"1,511.40s",66.10%,0.9208,0.0001,-1.1152,2.7996,+42.77%,Call,09/01/26,"2,885.00",2.20s,37.44%,-0.0081,0.0000,-0.0890,0.4583,+14.10%,Put,09/01/26
"1,506.40s",65.87%,0.9206,0.0001,-1.1135,2.8053,+42.53%,Call,09/01/26,"2,890.00",2.20s,37.29%,-0.0081,0.0000,-0.0889,0.4597,+13.96%,Put,09/01/26
"1,501.40s",65.63%,0.9204,0.0001,-1.1117,2.8110,+42.29%,Call,09/01/26,"2,895.00",2.20s,37.15%,-0.0081,0.0000,-0.0888,0.4612,+13.82%,Put,09/01/26
"1,496.40s",65.40%,0.9202,0.0001,-1.1100,2.8167,+42.06%,Call,09/01/26,"2,900.00",2.60s,37.83%,-0.0093,0.0000,-0.1021,0.5184,+14.49%,Put,09/01/26
"1,491.40s",65.16%,0.9200,0.0001,-1.1083,2.8225,+41.82%,Call,09/01/26,"2,905.00",2.30s,37.08%,-0.0085,0.0000,-0.0920,0.4784,+13.75%,Put,09/01/26
"1,486.40s",64.93%,0.9199,0.0001,-1.1066,2.8282,+41.59%,Call,09/01/26,"2,910.00",2.30s,36.94%,-0.0085,0.0000,-0.0919,0.4800,+13.61%,Put,09/01/26
"1,481.40s",64.69%,0.9197,0.0001,-1.1049,2.8340,+41.36%,Call,09/01/26,"2,915.00",2.30s,36.80%,-0.0085,0.0000,-0.0918,0.4815,+13.46%,Put,09/01/26
"1,476.40s",64.46%,0.9195,0.0001,-1.1031,2.8398,+41.12%,Call,09/01/26,"2,920.00",2.30s,36.66%,-0.0086,0.0000,-0.0917,0.4830,+13.32%,Put,09/01/26
"1,471.40s",64.23%,0.9193,0.0001,-1.1014,2.8456,+40.89%,Call,09/01/26,"2,925.00",2.40s,36.73%,-0.0089,0.0000,-0.0949,0.4988,+13.39%,Put,09/01/26
"1,466.40s",63.99%,0.9191,0.0001,-1.0997,2.8515,+40.66%,Call,09/01/26,"2,930.00",2.40s,36.58%,-0.0089,0.0000,-0.0948,0.5004,+13.25%,Put,09/01/26
"1,461.40s",63.76%,0.9189,0.0001,-1.0979,2.8573,+40.42%,Call,09/01/26,"2,935.00",2.40s,36.44%,-0.0089,0.0000,-0.0947,0.5021,+13.11%,Put,09/01/26
"1,456.40s",63.53%,0.9187,0.0001,-1.0962,2.8632,+40.19%,Call,09/01/26,"2,940.00",2.50s,36.50%,-0.0093,0.0000,-0.0978,0.5178,+13.16%,Put,09/01/26
"1,451.40s",63.30%,0.9185,0.0001,-1.0945,2.8691,+39.96%,Call,09/01/26,"2,945.00",2.50s,36.36%,-0.0093,0.0000,-0.0977,0.5195,+13.02%,Put,09/01/26
"1,446.40s",63.07%,0.9183,0.0001,-1.0927,2.8750,+39.73%,Call,09/01/26,"2,950.00",2.50s,36.22%,-0.0093,0.0000,-0.0976,0.5212,+12.88%,Put,09/01/26
"1,441.40s",62.84%,0.9181,0.0001,-1.0910,2.8810,+39.50%,Call,09/01/26,"2,955.00",2.50s,36.08%,-0.0094,0.0000,-0.0975,0.5228,+12.74%,Put,09/01/26
"1,436.40s",62.60%,0.9179,0.0001,-1.0892,2.8869,+39.27%,Call,09/01/26,"2,960.00",2.60s,36.13%,-0.0097,0.0000,-0.1006,0.5386,+12.79%,Put,09/01/26
"1,431.40s",62.37%,0.9177,0.0001,-1.0875,2.8929,+39.04%,Call,09/01/26,"2,965.00",2.60s,35.99%,-0.0097,0.0000,-0.1005,0.5404,+12.65%,Put,09/01/26
"1,426.40s",62.14%,0.9175,0.0001,-1.0857,2.8989,+38.81%,Call,09/01/26,"2,970.00",2.60s,35.84%,-0.0098,0.0000,-0.1004,0.5421,+12.51%,Put,09/01/26
"1,421.40s",61.91%,0.9173,0.0001,-1.0840,2.9050,+38.58%,Call,09/01/26,"2,975.00",2.70s,35.89%,-0.0101,0.0000,-0.1035,0.5579,+12.55%,Put,09/01/26
"1,416.40s",61.69%,0.9171,0.0001,-1.0822,2.9110,+38.35%,Call,09/01/26,"2,980.00",2.70s,35.75%,-0.0101,0.0000,-0.1034,0.5597,+12.41%,Put,09/01/26
"1,411.40s",61.46%,0.9169,0.0001,-1.0805,2.9171,+38.12%,Call,09/01/26,"2,985.00",2.70s,35.61%,-0.0102,0.0000,-0.1032,0.5615,+12.27%,Put,09/01/26
"1,406.40s",61.23%,0.9167,0.0001,-1.0787,2.9232,+37.89%,Call,09/01/26,"2,990.00",2.80s,35.64%,-0.0105,0.0000,-0.1063,0.5773,+12.30%,Put,09/01/26
"1,401.40s",61.00%,0.9165,0.0001,-1.0770,2.9293,+37.66%,Call,09/01/26,"2,995.00",2.80s,35.50%,-0.0105,0.0000,-0.1062,0.5791,+12.16%,Put,09/01/26
"1,396.40s",60.77%,0.9163,0.0001,-1.0752,2.9354,+37.43%,Call,09/01/26,"3,000.00",3.00s,35.70%,-0.0111,0.0000,-0.1123,0.6084,+12.36%,Put,09/01/26
"1,391.40s",60.54%,0.9161,0.0001,-1.0735,2.9416,+37.21%,Call,09/01/26,"3,005.00",2.80s,35.22%,-0.0106,0.0000,-0.1059,0.5830,+11.88%,Put,09/01/26
"1,386.40s",60.32%,0.9159,0.0001,-1.0717,2.9478,+36.98%,Call,09/01/26,"3,010.00",2.70s,34.91%,-0.0104,0.0000,-0.1026,0.5708,+11.57%,Put,09/01/26
"1,381.40s",60.09%,0.9157,0.0001,-1.0699,2.9540,+36.75%,Call,09/01/26,"3,015.00",2.90s,35.11%,-0.0110,0.0000,-0.1088,0.6007,+11.77%,Put,09/01/26
"1,376.40s",59.86%,0.9155,0.0001,-1.0682,2.9602,+36.53%,Call,09/01/26,"3,020.00",2.90s,34.97%,-0.0110,0.0000,-0.1086,0.6027,+11.63%,Put,09/01/26
"1,371.40s",59.64%,0.9152,0.0001,-1.0664,2.9665,+36.30%,Call,09/01/26,"3,025.00",3.00s,34.99%,-0.0114,0.0000,-0.1116,0.6185,+11.65%,Put,09/01/26
"1,366.40s",59.41%,0.9150,0.0001,-1.0646,2.9728,+36.07%,Call,09/01/26,"3,030.00",3.00s,34.85%,-0.0114,0.0000,-0.1114,0.6205,+11.51%,Put,09/01/26
"1,361.40s",59.19%,0.9148,0.0001,-1.0628,2.9791,+35.85%,Call,09/01/26,"3,035.00",3.00s,34.71%,-0.0114,0.0000,-0.1113,0.6226,+11.37%,Put,09/01/26
"1,356.40s",58.96%,0.9146,0.0001,-1.0611,2.9854,+35.62%,Call,09/01/26,"3,040.00",3.10s,34.73%,-0.0118,0.0000,-0.1142,0.6384,+11.39%,Put,09/01/26
"1,351.40s",58.74%,0.9144,0.0001,-1.0593,2.9917,+35.40%,Call,09/01/26,"3,045.00",3.10s,34.59%,-0.0118,0.0000,-0.1141,0.6405,+11.25%,Put,09/01/26
"1,346.50s",58.55%,0.9141,0.0001,-1.0591,3.0009,+35.21%,Call,09/01/26,"3,050.00",3.20s,34.60%,-0.0122,0.0000,-0.1170,0.6563,+11.26%,Put,09/01/26
"1,341.50s",58.32%,0.9139,0.0001,-1.0573,3.0073,+34.98%,Call,09/01/26,"3,055.00",3.20s,34.46%,-0.0122,0.0000,-0.1168,0.6585,+11.12%,Put,09/01/26
"1,336.50s",58.10%,0.9137,0.0001,-1.0555,3.0137,+34.76%,Call,09/01/26,"3,060.00",3.20s,34.32%,-0.0123,0.0000,-0.1167,0.6606,+10.98%,Put,09/01/26
"1,331.50s",57.87%,0.9134,0.0001,-1.0538,3.0202,+34.54%,Call,09/01/26,"3,065.00",3.30s,34.33%,-0.0126,0.0000,-0.1196,0.6764,+10.99%,Put,09/01/26
"1,326.50s",57.65%,0.9132,0.0001,-1.0520,3.0266,+34.31%,Call,09/01/26,"3,070.00",3.30s,34.19%,-0.0126,0.0000,-0.1194,0.6787,+10.85%,Put,09/01/26
"1,321.50s",57.43%,0.9130,0.0001,-1.0502,3.0332,+34.09%,Call,09/01/26,"3,075.00",3.30s,34.05%,-0.0127,0.0000,-0.1192,0.6810,+10.71%,Put,09/01/26
"1,316.50s",57.21%,0.9128,0.0001,-1.0484,3.0397,+33.87%,Call,09/01/26,"3,080.00",3.40s,34.06%,-0.0130,0.0000,-0.1221,0.6968,+10.72%,Put,09/01/26
"1,311.50s",56.98%,0.9125,0.0001,-1.0466,3.0462,+33.64%,Call,09/01/26,"3,085.00",3.40s,33.92%,-0.0131,0.0000,-0.1219,0.6991,+10.58%,Put,09/01/26
"1,306.60s",56.79%,0.9122,0.0001,-1.0464,3.0556,+33.46%,Call,09/01/26,"3,090.00",3.40s,33.78%,-0.0131,0.0000,-0.1217,0.7015,+10.44%,Put,09/01/26
"1,301.60s",56.57%,0.9120,0.0001,-1.0446,3.0623,+33.23%,Call,09/01/26,"3,095.00",3.50s,33.78%,-0.0135,0.0000,-0.1245,0.7173,+10.44%,Put,09/01/26
"1,296.60s",56.35%,0.9118,0.0001,-1.0428,3.0689,+33.01%,Call,09/01/26,"3,100.00",3.20s,33.21%,-0.0126,0.0000,-0.1154,0.6787,+9.87%,Put,09/01/26
"1,291.60s",56.13%,0.9115,0.0001,-1.0410,3.0756,+32.79%,Call,09/01/26,"3,105.00",3.60s,33.63%,-0.0139,0.0001,-0.1271,0.7356,+10.30%,Put,09/01/26
"1,286.60s",55.91%,0.9113,0.0001,-1.0392,3.0823,+32.57%,Call,09/01/26,"3,110.00",3.60s,33.49%,-0.0139,0.0001,-0.1269,0.7381,+10.16%,Put,09/01/26
"1,281.60s",55.69%,0.9111,0.0001,-1.0373,3.0890,+32.35%,Call,09/01/26,"3,115.00",3.60s,33.35%,-0.0140,0.0001,-0.1268,0.7406,+10.02%,Put,09/01/26
"1,276.70s",55.50%,0.9107,0.0001,-1.0371,3.0986,+32.16%,Call,09/01/26,"3,120.00",3.10s,32.51%,-0.0125,0.0000,-0.1117,0.6738,+9.17%,Put,09/01/26
"1,271.70s",55.28%,0.9105,0.0001,-1.0353,3.1054,+31.94%,Call,09/01/26,"3,125.00",3.70s,33.21%,-0.0144,0.0001,-0.1293,0.7591,+9.87%,Put,09/01/26
"1,266.70s",55.06%,0.9103,0.0001,-1.0335,3.1122,+31.72%,Call,09/01/26,"3,130.00",3.80s,33.20%,-0.0147,0.0001,-0.1320,0.7749,+9.86%,Put,09/01/26
"1,261.70s",54.84%,0.9100,0.0001,-1.0317,3.1191,+31.50%,Call,09/01/26,"3,135.00",3.80s,33.06%,-0.0148,0.0001,-0.1318,0.7776,+9.72%,Put,09/01/26
"1,256.70s",54.62%,0.9098,0.0001,-1.0298,3.1260,+31.28%,Call,09/01/26,"3,140.00",3.80s,32.92%,-0.0149,0.0001,-0.1316,0.7802,+9.58%,Put,09/01/26
"1,251.80s",54.44%,0.9095,0.0001,-1.0296,3.1357,+31.10%,Call,09/01/26,"3,145.00",3.90s,32.90%,-0.0152,0.0001,-0.1343,0.7962,+9.56%,Put,09/01/26
"1,246.80s",54.22%,0.9092,0.0001,-1.0278,3.1427,+30.88%,Call,09/01/26,"3,150.00",3.90s,32.76%,-0.0153,0.0001,-0.1341,0.7989,+9.42%,Put,09/01/26
"1,241.80s",54.00%,0.9090,0.0001,-1.0259,3.1497,+30.66%,Call,09/01/26,"3,155.00",4.00s,32.75%,-0.0156,0.0001,-0.1367,0.8148,+9.41%,Put,09/01/26
"1,236.80s",53.78%,0.9087,0.0001,-1.0241,3.1567,+30.44%,Call,09/01/26,"3,160.00",4.00s,32.61%,-0.0157,0.0001,-0.1365,0.8176,+9.27%,Put,09/01/26
"1,231.90s",53.60%,0.9084,0.0001,-1.0238,3.1666,+30.26%,Call,09/01/26,"3,165.00",4.10s,32.59%,-0.0161,0.0001,-0.1391,0.8336,+9.25%,Put,09/01/26
"1,226.90s",53.38%,0.9081,0.0001,-1.0220,3.1737,+30.04%,Call,09/01/26,"3,170.00",4.10s,32.45%,-0.0161,0.0001,-0.1389,0.8365,+9.11%,Put,09/01/26
"1,221.90s",53.16%,0.9079,0.0001,-1.0201,3.1808,+29.82%,Call,09/01/26,"3,175.00",4.20s,32.43%,-0.0165,0.0001,-0.1415,0.8524,+9.09%,Put,09/01/26
"1,217.00s",52.98%,0.9076,0.0001,-1.0199,3.1908,+29.64%,Call,09/01/26,"3,180.00",4.20s,32.28%,-0.0165,0.0001,-0.1413,0.8554,+8.95%,Put,09/01/26
"1,212.00s",52.76%,0.9073,0.0001,-1.0180,3.1980,+29.42%,Call,09/01/26,"3,185.00",4.20s,32.14%,-0.0166,0.0001,-0.1411,0.8584,+8.81%,Put,09/01/26
"1,207.00s",52.54%,0.9070,0.0001,-1.0162,3.2052,+29.20%,Call,09/01/26,"3,190.00",4.30s,32.12%,-0.0170,0.0001,-0.1436,0.8744,+8.78%,Put,09/01/26
"1,202.10s",52.36%,0.9067,0.0001,-1.0159,3.2154,+29.02%,Call,09/01/26,"3,195.00",4.30s,31.98%,-0.0170,0.0001,-0.1434,0.8774,+8.64%,Put,09/01/26
"1,197.10s",52.14%,0.9064,0.0001,-1.0140,3.2226,+28.80%,Call,09/01/26,"3,200.00",4.40s,31.95%,-0.0174,0.0001,-0.1459,0.8935,+8.61%,Put,09/01/26
"1,192.10s",51.93%,0.9062,0.0001,-1.0121,3.2299,+28.59%,Call,09/01/26,"3,205.00",4.40s,31.81%,-0.0175,0.0001,-0.1457,0.8966,+8.47%,Put,09/01/26
"1,187.20s",51.74%,0.9058,0.0001,-1.0118,3.2402,+28.40%,Call,09/01/26,"3,210.00",4.50s,31.78%,-0.0178,0.0001,-0.1482,0.9127,+8.44%,Put,09/01/26
"1,182.20s",51.53%,0.9056,0.0001,-1.0100,3.2476,+28.19%,Call,09/01/26,"3,215.00",4.50s,31.64%,-0.0179,0.0001,-0.1479,0.9159,+8.30%,Put,09/01/26
"1,177.20s",51.31%,0.9053,0.0001,-1.0081,3.2550,+27.97%,Call,09/01/26,"3,220.00",4.60s,31.61%,-0.0183,0.0001,-0.1504,0.9320,+8.27%,Put,09/01/26
"1,172.30s",51.13%,0.9049,0.0001,-1.0078,3.2654,+27.79%,Call,09/01/26,"3,225.00",4.60s,31.47%,-0.0184,0.0001,-0.1502,0.9353,+8.13%,Put,09/01/26
"1,167.30s",50.92%,0.9047,0.0001,-1.0059,3.2729,+27.58%,Call,09/01/26,"3,230.00",4.70s,31.43%,-0.0187,0.0001,-0.1526,0.9514,+8.10%,Put,09/01/26
"1,162.40s",50.73%,0.9043,0.0001,-1.0056,3.2834,+27.39%,Call,09/01/26,"3,235.00",4.70s,31.29%,-0.0188,0.0001,-0.1524,0.9548,+7.96%,Put,09/01/26
"1,157.40s",50.52%,0.9040,0.0002,-1.0037,3.2910,+27.18%,Call,09/01/26,"3,240.00",4.80s,31.26%,-0.0192,0.0001,-0.1548,0.9710,+7.92%,Put,09/01/26
"1,152.40s",50.30%,0.9037,0.0002,-1.0018,3.2986,+26.97%,Call,09/01/26,"3,245.00",4.90s,31.22%,-0.0196,0.0001,-0.1572,0.9871,+7.88%,Put,09/01/26
"1,147.50s",50.12%,0.9034,0.0002,-1.0014,3.3092,+26.78%,Call,09/01/26,"3,250.00",4.90s,31.08%,-0.0197,0.0001,-0.1569,0.9906,+7.74%,Put,09/01/26
"1,142.50s",49.91%,0.9031,0.0002,-0.9995,3.3169,+26.57%,Call,09/01/26,"3,255.00",5.00s,31.04%,-0.0200,0.0001,-0.1593,1.0068,+7.70%,Put,09/01/26
"1,137.60s",49.73%,0.9027,0.0002,-0.9992,3.3276,+26.39%,Call,09/01/26,"3,260.00",5.00s,30.90%,-0.0201,0.0001,-0.1590,1.0104,+7.56%,Put,09/01/26
"1,132.60s",49.51%,0.9024,0.0002,-0.9973,3.3354,+26.17%,Call,09/01/26,"3,265.00",5.10s,30.85%,-0.0205,0.0001,-0.1613,1.0266,+7.51%,Put,09/01/26
"1,127.70s",49.33%,0.9020,0.0002,-0.9969,3.3462,+25.99%,Call,09/01/26,"3,270.00",5.10s,30.71%,-0.0206,0.0001,-0.1611,1.0303,+7.37%,Put,09/01/26
"1,122.70s",49.12%,0.9018,0.0002,-0.9950,3.3540,+25.78%,Call,09/01/26,"3,275.00",5.20s,30.67%,-0.0210,0.0001,-0.1634,1.0466,+7.33%,Put,09/01/26
"1,117.80s",48.94%,0.9014,0.0002,-0.9946,3.3649,+25.60%,Call,09/01/26,"3,280.00",5.30s,30.62%,-0.0214,0.0001,-0.1657,1.0628,+7.28%,Put,09/01/26
"1,112.80s",48.73%,0.9011,0.0002,-0.9927,3.3728,+25.39%,Call,09/01/26,"3,285.00",5.30s,30.48%,-0.0214,0.0001,-0.1654,1.0667,+7.14%,Put,09/01/26
"1,107.90s",48.54%,0.9007,0.0002,-0.9923,3.3838,+25.20%,Call,09/01/26,"3,290.00",5.40s,30.43%,-0.0218,0.0001,-0.1676,1.0830,+7.09%,Put,09/01/26
"1,102.90s",48.33%,0.9004,0.0002,-0.9904,3.3918,+24.99%,Call,09/01/26,"3,295.00",5.50s,30.38%,-0.0222,0.0001,-0.1699,1.0993,+7.04%,Put,09/01/26
"1,098.00s",48.15%,0.9000,0.0002,-0.9900,3.4029,+24.81%,Call,09/01/26,"3,300.00",6.20,30.85%,-0.0243,0.0001,-0.1871,1.1870,+7.51%,Put,"04:07 CT"
"1,093.10s",47.97%,0.8996,0.0002,-0.9896,3.4141,+24.63%,Call,09/01/26,"3,305.00",5.60s,30.19%,-0.0227,0.0001,-0.1718,1.1196,+6.85%,Put,09/01/26
"1,088.10s",47.76%,0.8993,0.0002,-0.9876,3.4222,+24.42%,Call,09/01/26,"3,310.00",5.70s,30.14%,-0.0231,0.0001,-0.1740,1.1360,+6.80%,Put,09/01/26
"1,083.20s",47.58%,0.8989,0.0002,-0.9872,3.4334,+24.24%,Call,09/01/26,"3,315.00",5.70s,30.00%,-0.0232,0.0001,-0.1737,1.1401,+6.66%,Put,09/01/26
"1,078.20s",47.37%,0.8986,0.0002,-0.9853,3.4417,+24.03%,Call,09/01/26,"3,320.00",5.80s,29.94%,-0.0236,0.0001,-0.1759,1.1566,+6.60%,Put,09/01/26
"1,073.30s",47.19%,0.8982,0.0002,-0.9848,3.4530,+23.85%,Call,09/01/26,"3,325.00",5.80s,29.80%,-0.0237,0.0001,-0.1755,1.1608,+6.46%,Put,09/01/26
"1,068.40s",47.01%,0.8978,0.0002,-0.9844,3.4644,+23.67%,Call,09/01/26,"3,330.00",6.10s,29.91%,-0.0247,0.0001,-0.1826,1.2014,+6.57%,Put,09/01/26
"1,063.40s",46.80%,0.8975,0.0002,-0.9824,3.4727,+23.46%,Call,09/01/26,"3,335.00",6.00s,29.69%,-0.0245,0.0001,-0.1798,1.1938,+6.35%,Put,09/01/26
"1,058.50s",46.62%,0.8970,0.0002,-0.9820,3.4842,+23.28%,Call,09/01/26,"3,340.00",6.10s,29.63%,-0.0249,0.0001,-0.1819,1.2103,+6.29%,Put,09/01/26
"1,053.60s",46.43%,0.8966,0.0002,-0.9815,3.4958,+23.10%,Call,09/01/26,"3,345.00",6.20s,29.57%,-0.0253,0.0001,-0.1840,1.2268,+6.23%,Put,09/01/26
"1,048.60s",46.23%,0.8963,0.0002,-0.9795,3.5043,+22.89%,Call,09/01/26,"3,350.00",6.10s,29.34%,-0.0251,0.0001,-0.1812,1.2193,+6.01%,Put,09/01/26
"1,043.70s",46.05%,0.8959,0.0002,-0.9791,3.5159,+22.71%,Call,09/01/26,"3,355.00",6.30s,29.36%,-0.0258,0.0001,-0.1857,1.2479,+6.03%,Put,09/01/26
"1,038.80s",45.87%,0.8954,0.0002,-0.9786,3.5276,+22.53%,Call,09/01/26,"3,360.00",6.40s,29.30%,-0.0263,0.0001,-0.1878,1.2645,+5.96%,Put,09/01/26
"1,033.90s",45.69%,0.8950,0.0002,-0.9781,3.5393,+22.35%,Call,09/01/26,"3,365.00",6.50s,29.24%,-0.0267,0.0001,-0.1898,1.2811,+5.90%,Put,09/01/26
"1,028.90s",45.48%,0.8947,0.0002,-0.9761,3.5481,+22.14%,Call,09/01/26,"3,370.00",6.60s,29.17%,-0.0271,0.0001,-0.1918,1.2977,+5.83%,Put,09/01/26
"1,024.00s",45.30%,0.8942,0.0002,-0.9756,3.5599,+21.96%,Call,09/01/26,"3,375.00",6.10s,28.64%,-0.0257,0.0001,-0.1795,1.2425,+5.30%,Put,09/01/26
"1,019.10s",45.12%,0.8938,0.0002,-0.9751,3.5718,+21.78%,Call,09/01/26,"3,380.00",6.80s,29.04%,-0.0279,0.0001,-0.1958,1.3309,+5.70%,Put,09/01/26
"1,014.20s",44.94%,0.8934,0.0002,-0.9746,3.5838,+21.60%,Call,09/01/26,"3,385.00",7.00s,29.05%,-0.0286,0.0001,-0.2000,1.3591,+5.71%,Put,09/01/26
"1,009.30s",44.76%,0.8929,0.0002,-0.9740,3.5958,+21.42%,Call,09/01/26,"3,390.00",6.90s,28.83%,-0.0285,0.0001,-0.1973,1.3527,+5.49%,Put,09/01/26
"1,004.40s",44.58%,0.8925,0.0002,-0.9735,3.6079,+21.24%,Call,09/01/26,"3,395.00",7.00s,28.76%,-0.0289,0.0001,-0.1992,1.3694,+5.42%,Put,09/01/26
999.50s,44.40%,0.8920,0.0002,-0.9730,3.6200,+21.06%,Call,09/01/26,"3,400.00",8.40,29.58%,-0.0330,0.0001,-0.2305,1.5290,+6.24%,Put,"21:20 CT"
994.50s,44.19%,0.8917,0.0002,-0.9709,3.6291,+20.85%,Call,09/01/26,"3,405.00",7.20s,28.62%,-0.0298,0.0001,-0.2030,1.4030,+5.28%,Put,09/01/26
989.60s,44.01%,0.8912,0.0002,-0.9704,3.6413,+20.67%,Call,09/01/26,"3,410.00",7.30s,28.54%,-0.0302,0.0001,-0.2049,1.4198,+5.21%,Put,09/01/26
984.70s,43.83%,0.8907,0.0002,-0.9698,3.6536,+20.49%,Call,09/01/26,"3,415.00",7.40s,28.47%,-0.0306,0.0001,-0.2068,1.4367,+5.13%,Put,09/01/26
979.80s,43.65%,0.8903,0.0002,-0.9692,3.6660,+20.31%,Call,09/01/26,"3,420.00",7.50s,28.40%,-0.0311,0.0001,-0.2086,1.4535,+5.06%,Put,09/01/26
974.90s,43.47%,0.8898,0.0002,-0.9687,3.6784,+20.14%,Call,09/01/26,"3,425.00",7.60s,28.32%,-0.0315,0.0001,-0.2104,1.4704,+4.98%,Put,09/01/26
970.00s,43.30%,0.8893,0.0002,-0.9681,3.6909,+19.96%,Call,09/01/26,"3,430.00",7.70s,28.24%,-0.0319,0.0001,-0.2122,1.4874,+4.91%,Put,09/01/26
965.10s,43.12%,0.8888,0.0002,-0.9675,3.7034,+19.78%,Call,09/01/26,"3,435.00",7.80s,28.17%,-0.0324,0.0001,-0.2140,1.5043,+4.83%,Put,09/01/26
960.20s,42.94%,0.8884,0.0002,-0.9669,3.7160,+19.60%,Call,09/01/26,"3,440.00",7.90s,28.09%,-0.0328,0.0001,-0.2157,1.5213,+4.75%,Put,09/01/26
955.40s,42.78%,0.8878,0.0002,-0.9677,3.7318,+19.45%,Call,09/01/26,"3,445.00",8.00s,28.01%,-0.0333,0.0001,-0.2175,1.5384,+4.67%,Put,09/01/26
950.50s,42.61%,0.8873,0.0002,-0.9671,3.7445,+19.27%,Call,09/01/26,"3,450.00",8.20s,27.99%,-0.0340,0.0001,-0.2214,1.5665,+4.66%,Put,09/01/26
945.60s,42.43%,0.8868,0.0002,-0.9664,3.7573,+19.09%,Call,09/01/26,"3,455.00",8.30s,27.91%,-0.0345,0.0001,-0.2231,1.5835,+4.58%,Put,09/01/26
940.70s,42.25%,0.8863,0.0002,-0.9658,3.7701,+18.91%,Call,09/01/26,"3,460.00",8.40s,27.83%,-0.0349,0.0001,-0.2248,1.6007,+4.49%,Put,09/01/26
935.80s,42.07%,0.8858,0.0002,-0.9651,3.7831,+18.73%,Call,09/01/26,"3,465.00",8.50s,27.75%,-0.0354,0.0001,-0.2264,1.6178,+4.41%,Put,09/01/26
930.90s,41.89%,0.8853,0.0002,-0.9645,3.7960,+18.55%,Call,09/01/26,"3,470.00",8.60s,27.66%,-0.0358,0.0001,-0.2281,1.6350,+4.33%,Put,09/01/26
926.10s,41.74%,0.8847,0.0002,-0.9652,3.8122,+18.40%,Call,09/01/26,"3,475.00",8.70s,27.58%,-0.0363,0.0001,-0.2297,1.6523,+4.24%,Put,09/01/26
921.20s,41.56%,0.8842,0.0002,-0.9645,3.8253,+18.22%,Call,09/01/26,"3,480.00",8.90s,27.55%,-0.0370,0.0001,-0.2334,1.6803,+4.22%,Put,09/01/26
916.30s,41.38%,0.8836,0.0002,-0.9638,3.8385,+18.04%,Call,09/01/26,"3,485.00",9.90s,27.98%,-0.0400,0.0001,-0.2537,1.7907,+4.65%,Put,09/01/26
911.40s,41.20%,0.8831,0.0002,-0.9631,3.8517,+17.86%,Call,09/01/26,"3,490.00",9.10s,27.38%,-0.0380,0.0001,-0.2366,1.7149,+4.04%,Put,09/01/26
906.60s,41.05%,0.8825,0.0002,-0.9639,3.8681,+17.71%,Call,09/01/26,"3,495.00",9.30s,27.35%,-0.0387,0.0001,-0.2402,1.7429,+4.01%,Put,09/01/26
901.70s,40.87%,0.8820,0.0002,-0.9631,3.8815,+17.53%,Call,09/01/26,"3,500.00",10.50,27.09%,-0.0383,0.0001,-0.2355,1.7286,+3.75%,Put,"04:01 CT"
896.80s,40.69%,0.8814,0.0002,-0.9624,3.8949,+17.35%,Call,09/01/26,"3,505.00",9.50s,27.17%,-0.0397,0.0002,-0.2432,1.7778,+3.83%,Put,09/01/26
892.00s,40.54%,0.8808,0.0002,-0.9631,3.9115,+17.20%,Call,09/01/26,"3,510.00",9.70s,27.14%,-0.0405,0.0002,-0.2467,1.8057,+3.80%,Put,09/01/26
887.10s,40.36%,0.8802,0.0002,-0.9623,3.9251,+17.02%,Call,09/01/26,"3,515.00",9.80s,27.04%,-0.0409,0.0002,-0.2482,1.8232,+3.71%,Put,09/01/26
882.30s,40.20%,0.8796,0.0002,-0.9629,3.9419,+16.87%,Call,09/01/26,"3,520.00",10.00s,27.01%,-0.0417,0.0002,-0.2516,1.8511,+3.67%,Put,09/01/26
877.40s,40.03%,0.8790,0.0002,-0.9622,3.9556,+16.69%,Call,09/01/26,"3,525.00",10.10s,26.91%,-0.0422,0.0002,-0.2531,1.8688,+3.57%,Put,09/01/26
872.60s,39.87%,0.8784,0.0002,-0.9628,3.9725,+16.53%,Call,09/01/26,"3,530.00",10.30s,26.87%,-0.0430,0.0002,-0.2564,1.8966,+3.53%,Put,09/01/26
867.70s,39.69%,0.8778,0.0002,-0.9620,3.9864,+16.35%,Call,09/01/26,"3,535.00",10.40s,26.78%,-0.0435,0.0002,-0.2578,1.9143,+3.44%,Put,09/01/26
862.90s,39.54%,0.8771,0.0002,-0.9626,4.0034,+16.20%,Call,09/01/26,"3,540.00",10.60s,26.73%,-0.0443,0.0002,-0.2611,1.9422,+3.39%,Put,09/01/26
858.10s,37.35%,0.8888,0.0002,-0.8386,3.7123,+13.75%,Call,09/01/26,"3,545.00",10.70s,26.64%,-0.0448,0.0002,-0.2624,1.9600,+3.30%,Put,09/01/26
853.20s,39.21%,0.8759,0.0002,-0.9623,4.0346,+15.87%,Call,09/01/26,"3,550.00",10.90s,26.59%,-0.0456,0.0002,-0.2657,1.9878,+3.25%,Put,09/01/26
848.40s,39.05%,0.8752,0.0002,-0.9628,4.0518,+15.71%,Call,09/01/26,"3,555.00",11.10s,26.54%,-0.0464,0.0002,-0.2689,2.0156,+3.20%,Put,09/01/26
843.60s,38.90%,0.8745,0.0002,-0.9633,4.0691,+15.56%,Call,09/01/26,"3,560.00",11.20s,26.44%,-0.0469,0.0002,-0.2702,2.0336,+3.10%,Put,09/01/26
838.80s,38.74%,0.8738,0.0002,-0.9638,4.0865,+15.40%,Call,09/01/26,"3,565.00",11.40s,26.39%,-0.0477,0.0002,-0.2733,2.0614,+3.05%,Put,09/01/26
833.90s,38.56%,0.8732,0.0002,-0.9629,4.1009,+15.22%,Call,09/01/26,"3,570.00",11.60s,26.34%,-0.0485,0.0002,-0.2764,2.0892,+3.00%,Put,09/01/26
829.10s,38.41%,0.8725,0.0002,-0.9634,4.1184,+15.07%,Call,09/01/26,"3,575.00",11.70s,26.23%,-0.0490,0.0002,-0.2776,2.1074,+2.89%,Put,09/01/26
824.30s,38.25%,0.8717,0.0003,-0.9639,4.1360,+14.91%,Call,09/01/26,"3,580.00",11.90s,26.18%,-0.0498,0.0002,-0.2806,2.1352,+2.84%,Put,09/01/26
819.50s,38.10%,0.8710,0.0003,-0.9643,4.1537,+14.76%,Call,09/01/26,"3,585.00",12.10s,26.12%,-0.0507,0.0002,-0.2836,2.1630,+2.78%,Put,09/01/26
814.70s,37.94%,0.8703,0.0003,-0.9647,4.1715,+14.60%,Call,09/01/26,"3,590.00",12.30s,26.06%,-0.0515,0.0002,-0.2866,2.1907,+2.72%,Put,09/01/26
809.90s,37.79%,0.8696,0.0003,-0.9651,4.1893,+14.45%,Call,09/01/26,"3,595.00",12.50s,26.00%,-0.0523,0.0002,-0.2895,2.2185,+2.66%,Put,09/01/26
805.10s,37.63%,0.8688,0.0003,-0.9655,4.2072,+14.29%,Call,09/01/26,"3,600.00",12.30s,25.76%,-0.0520,0.0002,-0.2851,2.2089,+2.42%,Put,09/01/26
800.30s,37.47%,0.8681,0.0003,-0.9659,4.2252,+14.13%,Call,09/01/26,"3,605.00",12.90s,25.88%,-0.0540,0.0002,-0.2953,2.2740,+2.54%,Put,09/01/26
795.50s,37.32%,0.8673,0.0003,-0.9662,4.2432,+13.98%,Call,09/01/26,"3,610.00",13.60s,26.03%,-0.0561,0.0002,-0.3070,2.3467,+2.69%,Put,09/01/26
790.70s,37.16%,0.8666,0.0003,-0.9665,4.2613,+13.82%,Call,09/01/26,"3,615.00",13.30s,25.75%,-0.0556,0.0002,-0.3008,2.3295,+2.41%,Put,09/01/26
786.00s,37.03%,0.8657,0.0003,-0.9682,4.2825,+13.69%,Call,09/01/26,"3,620.00",13.50s,25.68%,-0.0565,0.0002,-0.3036,2.3573,+2.34%,Put,09/01/26
781.20s,36.87%,0.8649,0.0003,-0.9685,4.3008,+13.53%,Call,09/01/26,"3,625.00",13.70s,25.61%,-0.0573,0.0002,-0.3063,2.3851,+2.28%,Put,09/01/26
776.40s,36.71%,0.8641,0.0003,-0.9687,4.3192,+13.37%,Call,09/01/26,"3,630.00",14.00s,25.59%,-0.0584,0.0002,-0.3107,2.4217,+2.25%,Put,09/01/26
771.60s,36.56%,0.8633,0.0003,-0.9690,4.3376,+13.22%,Call,09/01/26,"3,635.00",14.20s,25.52%,-0.0593,0.0002,-0.3133,2.4495,+2.18%,Put,09/01/26
766.90s,36.42%,0.8624,0.0003,-0.9705,4.3591,+13.08%,Call,09/01/26,"3,640.00",14.40s,25.44%,-0.0602,0.0002,-0.3159,2.4773,+2.10%,Put,09/01/26
762.10s,36.26%,0.8616,0.0003,-0.9707,4.3777,+12.92%,Call,09/01/26,"3,645.00",14.60s,25.37%,-0.0610,0.0002,-0.3184,2.5051,+2.03%,Put,09/01/26
757.40s,36.13%,0.8607,0.0003,-0.9722,4.3993,+12.79%,Call,09/01/26,"3,650.00",14.90s,25.33%,-0.0622,0.0002,-0.3226,2.5415,+2.00%,Put,09/01/26
752.60s,35.97%,0.8599,0.0003,-0.9724,4.4181,+12.63%,Call,09/01/26,"3,655.00",15.10s,25.26%,-0.0630,0.0002,-0.3250,2.5693,+1.92%,Put,09/01/26
747.90s,35.83%,0.8589,0.0003,-0.9738,4.4399,+12.49%,Call,09/01/26,"3,660.00",15.40s,25.22%,-0.0642,0.0002,-0.3291,2.6055,+1.88%,Put,09/01/26
743.20s,35.70%,0.8580,0.0003,-0.9752,4.4617,+12.36%,Call,09/01/26,"3,665.00",15.60s,25.14%,-0.0651,0.0002,-0.3315,2.6333,+1.80%,Put,09/01/26
738.40s,35.54%,0.8572,0.0003,-0.9753,4.4807,+12.20%,Call,09/01/26,"3,670.00",15.90s,25.10%,-0.0662,0.0002,-0.3355,2.6695,+1.76%,Put,09/01/26
733.70s,35.40%,0.8562,0.0003,-0.9767,4.5027,+12.06%,Call,09/01/26,"3,675.00",16.20s,25.28%,-0.0667,0.0002,-0.3411,2.6912,+1.67%,Put,09/01/26
729.00s,35.26%,0.8552,0.0003,-0.9780,4.5247,+11.92%,Call,09/01/26,"3,680.00",15.10s,24.49%,-0.0648,0.0002,-0.3202,2.6248,+1.15%,Put,09/01/26
724.30s,35.12%,0.8543,0.0003,-0.9793,4.5468,+11.79%,Call,09/01/26,"3,685.00",15.60s,24.52%,-0.0665,0.0003,-0.3275,2.6788,+1.18%,Put,09/01/26
719.60s,34.99%,0.8533,0.0003,-0.9806,4.5690,+11.65%,Call,09/01/26,"3,690.00",17.00s,24.88%,-0.0706,0.0003,-0.3492,2.8052,+1.54%,Put,09/01/26
714.90s,34.85%,0.8523,0.0003,-0.9818,4.5913,+11.51%,Call,09/01/26,"3,695.00",17.30s,24.83%,-0.0718,0.0003,-0.3529,2.8410,+1.49%,Put,09/01/26
710.20s,34.71%,0.8513,0.0003,-0.9831,4.6136,+11.37%,Call,09/01/26,"3,700.00",19.50s,25.42%,-0.0778,0.0003,-0.3863,3.0191,+2.08%,Put,09/01/26
705.50s,34.57%,0.8503,0.0003,-0.9842,4.6360,+11.23%,Call,09/01/26,"3,705.00",16.80s,24.34%,-0.0713,0.0003,-0.3427,2.8256,+1.00%,Put,09/01/26
700.80s,34.43%,0.8493,0.0003,-0.9854,4.6585,+11.09%,Call,09/01/26,"3,710.00",18.20s,24.66%,-0.0754,0.0003,-0.3637,2.9481,+1.32%,Put,09/01/26
696.20s,34.31%,0.8481,0.0003,-0.9878,4.6838,+10.97%,Call,09/01/26,"3,715.00",18.50s,24.61%,-0.0766,0.0003,-0.3672,2.9837,+1.27%,Put,09/01/26
691.50s,34.17%,0.8471,0.0003,-0.9889,4.7064,+10.83%,Call,09/01/26,"3,720.00",18.80s,24.55%,-0.0778,0.0003,-0.3706,3.0192,+1.21%,Put,09/01/26
686.80s,34.03%,0.8461,0.0003,-0.9899,4.7291,+10.69%,Call,09/01/26,"3,725.00",19.20s,24.52%,-0.0792,0.0003,-0.3755,3.0621,+1.18%,Put,09/01/26
682.20s,33.91%,0.8449,0.0003,-0.9922,4.7546,+10.57%,Call,09/01/26,"3,730.00",18.40s,24.10%,-0.0776,0.0003,-0.3620,3.0152,+0.76%,Put,09/01/26
677.60s,33.78%,0.8437,0.0003,-0.9944,4.7802,+10.45%,Call,09/01/26,"3,735.00",20.20s,24.52%,-0.0827,0.0003,-0.3880,3.1617,+1.18%,Put,09/01/26
672.90s,33.64%,0.8427,0.0003,-0.9954,4.8031,+10.30%,Call,09/01/26,"3,740.00",20.20s,24.36%,-0.0831,0.0003,-0.3866,3.1754,+1.02%,Put,09/01/26
668.30s,33.52%,0.8415,0.0003,-0.9976,4.8287,+10.18%,Call,09/01/26,"3,745.00",20.60s,24.32%,-0.0846,0.0003,-0.3912,3.2177,+0.98%,Put,09/01/26
663.70s,33.39%,0.8403,0.0003,-0.9997,4.8544,+10.06%,Call,09/01/26,"3,750.00",19.80s,23.91%,-0.0831,0.0003,-0.3780,3.1743,+0.57%,Put,09/01/26
659.10s,33.27%,0.8391,0.0003,-1.0017,4.8802,+9.93%,Call,09/01/26,"3,755.00",21.30s,24.21%,-0.0874,0.0003,-0.3987,3.2950,+0.87%,Put,09/01/26
654.50s,33.15%,0.8378,0.0003,-1.0038,4.9060,+9.81%,Call,09/01/26,"3,760.00",21.70s,24.17%,-0.0889,0.0003,-0.4031,3.3370,+0.83%,Put,09/01/26
649.90s,33.02%,0.8366,0.0003,-1.0058,4.9319,+9.68%,Call,09/01/26,"3,765.00",22.10s,24.13%,-0.0904,0.0003,-0.4073,3.3788,+0.79%,Put,09/01/26
645.30s,32.90%,0.8354,0.0003,-1.0077,4.9578,+9.56%,Call,09/01/26,"3,770.00",22.50s,24.08%,-0.0919,0.0003,-0.4115,3.4205,+0.74%,Put,09/01/26
640.70s,32.77%,0.8341,0.0004,-1.0096,4.9838,+9.43%,Call,09/01/26,"3,775.00",22.90s,24.03%,-0.0934,0.0003,-0.4157,3.4620,+0.69%,Put,09/01/26
636.10s,32.64%,0.8329,0.0004,-1.0115,5.0098,+9.30%,Call,09/01/26,"3,780.00",23.30s,23.98%,-0.0949,0.0003,-0.4197,3.5034,+0.64%,Put,09/01/26
631.60s,32.53%,0.8315,0.0004,-1.0145,5.0384,+9.20%,Call,09/01/26,"3,785.00",23.70s,23.93%,-0.0964,0.0003,-0.4237,3.5448,+0.59%,Put,09/01/26
627.00s,32.41%,0.8302,0.0004,-1.0163,5.0645,+9.07%,Call,09/01/26,"3,790.00",24.10s,23.88%,-0.0980,0.0003,-0.4276,3.5860,+0.54%,Put,09/01/26
622.50s,32.30%,0.8288,0.0004,-1.0192,5.0932,+8.96%,Call,09/01/26,"3,795.00",24.60s,23.85%,-0.0997,0.0004,-0.4328,3.6333,+0.51%,Put,09/01/26
617.90s,32.17%,0.8275,0.0004,-1.0208,5.1194,+8.83%,Call,09/01/26,"3,800.00",25.10s,23.82%,-0.1015,0.0004,-0.4378,3.6804,+0.48%,Put,09/01/26
613.40s,32.06%,0.8261,0.0004,-1.0236,5.1481,+8.72%,Call,09/01/26,"3,805.00",25.50s,23.76%,-0.1031,0.0004,-0.4415,3.7212,+0.42%,Put,09/01/26
608.90s,31.95%,0.8247,0.0004,-1.0264,5.1769,+8.61%,Call,09/01/26,"3,810.00",25.90s,23.70%,-0.1046,0.0004,-0.4451,3.7619,+0.36%,Put,09/01/26
604.40s,31.83%,0.8232,0.0004,-1.0291,5.2057,+8.49%,Call,09/01/26,"3,815.00",26.40s,23.66%,-0.1064,0.0004,-0.4499,3.8085,+0.32%,Put,09/01/26
599.90s,31.72%,0.8218,0.0004,-1.0317,5.2344,+8.38%,Call,09/01/26,"3,820.00",26.90s,23.62%,-0.1082,0.0004,-0.4546,3.8548,+0.28%,Put,09/01/26
595.40s,31.61%,0.8203,0.0004,-1.0343,5.2633,+8.27%,Call,09/01/26,"3,825.00",27.40s,23.58%,-0.1100,0.0004,-0.4592,3.9009,+0.24%,Put,09/01/26
590.90s,31.49%,0.8188,0.0004,-1.0368,5.2921,+8.15%,Call,09/01/26,"3,830.00",27.90s,23.54%,-0.1118,0.0004,-0.4637,3.9468,+0.20%,Put,09/01/26
586.50s,31.39%,0.8172,0.0004,-1.0404,5.3233,+8.05%,Call,09/01/26,"3,835.00",28.40s,23.49%,-0.1137,0.0004,-0.4682,3.9926,+0.16%,Put,09/01/26
582.00s,31.28%,0.8157,0.0004,-1.0428,5.3521,+7.94%,Call,09/01/26,"3,840.00",28.90s,23.45%,-0.1155,0.0004,-0.4725,4.0381,+0.11%,Put,09/01/26
577.50s,31.16%,0.8142,0.0004,-1.0452,5.3810,+7.82%,Call,09/01/26,"3,845.00",29.40s,23.40%,-0.1173,0.0004,-0.4767,4.0835,+0.06%,Put,09/01/26
573.10s,31.06%,0.8126,0.0004,-1.0486,5.4122,+7.72%,Call,09/01/26,"3,850.00",30.30s,23.70%,-0.1187,0.0004,-0.4893,4.1263,+0.09%,Put,09/01/26
568.70s,30.96%,0.8110,0.0004,-1.0519,5.4433,+7.62%,Call,09/01/26,"3,855.00",31.90s,23.65%,-0.1242,0.0004,-0.5031,4.2509,+0.31%,Put,09/01/26
564.30s,30.86%,0.8093,0.0004,-1.0552,5.4744,+7.52%,Call,09/01/26,"3,860.00",31.10s,23.29%,-0.1233,0.0004,-0.4913,4.2289,-0.05%,Put,09/01/26
559.90s,30.75%,0.8076,0.0004,-1.0584,5.5055,+7.42%,Call,09/01/26,"3,865.00",31.70s,23.25%,-0.1254,0.0004,-0.4963,4.2786,-0.08%,Put,09/01/26
555.50s,30.65%,0.8060,0.0004,-1.0616,5.5366,+7.31%,Call,09/01/26,"3,870.00",32.30s,23.22%,-0.1275,0.0004,-0.5013,4.3280,-0.12%,Put,09/01/26
551.10s,30.55%,0.8043,0.0004,-1.0647,5.5677,+7.21%,Call,09/01/26,"3,875.00",32.90s,23.18%,-0.1296,0.0004,-0.5061,4.3771,-0.16%,Put,09/01/26
546.70s,30.44%,0.8026,0.0004,-1.0677,5.5988,+7.10%,Call,09/01/26,"3,880.00",33.50s,23.14%,-0.1317,0.0004,-0.5108,4.4259,-0.20%,Put,09/01/26
542.30s,30.33%,0.8009,0.0004,-1.0706,5.6298,+6.99%,Call,09/01/26,"3,885.00",34.10s,23.10%,-0.1338,0.0004,-0.5154,4.4745,-0.24%,Put,09/01/26
538.00s,30.24%,0.7990,0.0004,-1.0745,5.6629,+6.90%,Call,09/01/26,"3,890.00",34.70s,23.05%,-0.1359,0.0005,-0.5198,4.5228,-0.29%,Put,09/01/26
533.70s,30.15%,0.7972,0.0004,-1.0784,5.6959,+6.81%,Call,09/01/26,"3,895.00",35.30s,23.01%,-0.1380,0.0005,-0.5242,4.5709,-0.33%,Put,09/01/26
529.30s,30.04%,0.7955,0.0004,-1.0811,5.7268,+6.70%,Call,09/01/26,"3,900.00",31.60s,22.01%,-0.1311,0.0005,-0.4793,4.4120,-1.33%,Put,09/01/26
525.00s,29.95%,0.7936,0.0004,-1.0848,5.7597,+6.61%,Call,09/01/26,"3,905.00",40.30s,23.71%,-0.1497,0.0005,-0.5743,4.8265,+0.37%,Put,09/01/26
520.70s,29.85%,0.7917,0.0004,-1.0884,5.7926,+6.52%,Call,09/01/26,"3,910.00",42.00,23.77%,-0.1529,0.0005,-0.5844,4.8948,+0.43%,Put,"04:09 CT"
516.40s,29.76%,0.7898,0.0005,-1.0920,5.8254,+6.42%,Call,09/01/26,"3,915.00",41.80s,23.65%,-0.1544,0.0005,-0.5847,4.9276,+0.31%,Put,09/01/26
512.20s,29.68%,0.7878,0.0005,-1.0965,5.8600,+6.34%,Call,09/01/26,"3,920.00",48.80,24.84%,-0.1675,0.0005,-0.6541,5.1961,+1.50%,Put,"22:46 CT"
507.90s,29.58%,0.7859,0.0005,-1.0998,5.8926,+6.24%,Call,09/01/26,"3,925.00",39.40s,22.79%,-0.1519,0.0005,-0.5534,4.8754,-0.55%,Put,09/01/26
503.60s,29.48%,0.7840,0.0005,-1.1031,5.9252,+6.14%,Call,09/01/26,"3,930.00",40.20s,22.77%,-0.1545,0.0005,-0.5591,4.9297,-0.57%,Put,09/01/26
499.40s,29.40%,0.7819,0.0005,-1.1073,5.9595,+6.06%,Call,09/01/26,"3,935.00",40.80s,22.70%,-0.1567,0.0005,-0.5625,4.9757,-0.64%,Put,09/01/26
495.20s,29.31%,0.7799,0.0005,-1.1115,5.9937,+5.97%,Call,09/01/26,"3,940.00",41.70s,22.70%,-0.1595,0.0005,-0.5690,5.0331,-0.64%,Put,09/01/26
491.00s,29.23%,0.7778,0.0005,-1.1155,6.0278,+5.89%,Call,09/01/26,"3,945.00",40.40s,22.25%,-0.1581,0.0005,-0.5524,5.0047,-1.09%,Put,09/01/26
486.80s,29.14%,0.7757,0.0005,-1.1194,6.0618,+5.80%,Call,09/01/26,"3,950.00",48.00,23.54%,-0.1729,0.0005,-0.6265,5.3023,+0.20%,Put,"02:25 CT"
482.60s,29.05%,0.7736,0.0005,-1.1233,6.0956,+5.71%,Call,09/01/26,"3,955.00",44.00s,22.59%,-0.1671,0.0005,-0.5832,5.1873,-0.75%,Put,09/01/26
478.40s,28.96%,0.7715,0.0005,-1.1270,6.1294,+5.62%,Call,09/01/26,"3,960.00",44.80s,22.55%,-0.1697,0.0005,-0.5880,5.2391,-0.79%,Put,09/01/26
474.30s,28.88%,0.7693,0.0005,-1.1316,6.1647,+5.55%,Call,09/01/26,"3,965.00",45.60s,22.51%,-0.1723,0.0005,-0.5927,5.2906,-0.82%,Put,09/01/26
470.20s,28.81%,0.7670,0.0005,-1.1362,6.1998,+5.47%,Call,09/01/26,"3,970.00",46.50s,22.49%,-0.1751,0.0005,-0.5982,5.3450,-0.85%,Put,09/01/26
466.00s,28.71%,0.7649,0.0005,-1.1396,6.2332,+5.38%,Call,09/01/26,"3,975.00",47.20s,22.43%,-0.1776,0.0006,-0.6016,5.3923,-0.91%,Put,09/01/26
461.90s,28.63%,0.7626,0.0005,-1.1439,6.2680,+5.30%,Call,09/01/26,"3,980.00",48.20s,22.42%,-0.1806,0.0006,-0.6078,5.4491,-0.91%,Put,09/01/26
457.80s,28.55%,0.7604,0.0005,-1.1481,6.3026,+5.21%,Call,09/01/26,"3,985.00",52.80s,23.06%,-0.1895,0.0006,-0.6477,5.6139,-0.28%,Put,09/01/26
453.80s,28.49%,0.7580,0.0005,-1.1532,6.3386,+5.15%,Call,09/01/26,"3,990.00",50.00s,22.36%,-0.1862,0.0006,-0.6177,5.5546,-0.97%,Put,09/01/26
449.70s,28.40%,0.7557,0.0005,-1.1572,6.3729,+5.06%,Call,09/01/26,"3,995.00",50.90s,22.33%,-0.1891,0.0006,-0.6224,5.6066,-1.01%,Put,09/01/26
452.40s,29.37%,0.7470,0.0005,-1.2230,6.4986,+6.03%,Call,09/01/26,"4,000.00",60.10,23.06%,-0.1989,0.0006,-0.6672,5.7811,-0.27%,Put,"04:00 CT"
441.70s,28.26%,0.7508,0.0005,-1.1667,6.4437,+4.92%,Call,09/01/26,"4,005.00",52.80s,22.27%,-0.1949,0.0006,-0.6323,5.7121,-1.07%,Put,09/01/26
437.70s,28.19%,0.7484,0.0005,-1.1712,6.4788,+4.85%,Call,09/01/26,"4,010.00",50.30s,21.64%,-0.1922,0.0006,-0.6055,5.6636,-1.70%,Put,09/01/26
433.70s,28.11%,0.7460,0.0005,-1.1757,6.5137,+4.78%,Call,09/01/26,"4,015.00",54.70s,22.51%,-0.1983,0.0006,-0.6485,5.7831,-1.09%,Put,09/01/26
429.70s,28.04%,0.7435,0.0005,-1.1800,6.5484,+4.70%,Call,09/01/26,"4,020.00",52.20s,21.58%,-0.1983,0.0006,-0.6150,5.7712,-1.76%,Put,09/01/26
425.70s,27.96%,0.7410,0.0005,-1.1843,6.5829,+4.62%,Call,09/01/26,"4,025.00",54.50s,21.77%,-0.2035,0.0006,-0.6315,5.8614,-1.57%,Put,09/01/26
421.80s,27.90%,0.7385,0.0005,-1.1892,6.6183,+4.56%,Call,09/01/26,"4,030.00",57.80s,22.13%,-0.2102,0.0006,-0.6563,5.9734,-1.21%,Put,09/01/26
417.90s,27.83%,0.7359,0.0006,-1.1941,6.6536,+4.49%,Call,09/01/26,"4,035.00",59.00s,22.13%,-0.2135,0.0006,-0.6623,6.0289,-1.21%,Put,09/01/26
414.00s,27.76%,0.7333,0.0006,-1.1988,6.6885,+4.43%,Call,09/01/26,"4,040.00",59.90s,22.07%,-0.2164,0.0006,-0.6656,6.0766,-1.27%,Put,09/01/26
410.10s,27.70%,0.7307,0.0006,-1.2034,6.7232,+4.36%,Call,09/01/26,"4,045.00",61.00s,22.05%,-0.2197,0.0006,-0.6704,6.1285,-1.29%,Put,09/01/26
406.20s,27.63%,0.7280,0.0006,-1.2079,6.7576,+4.29%,Call,09/01/26,"4,050.00",78.00,24.53%,-0.2430,0.0006,-0.8046,6.4814,+1.19%,Put,"22:34 CT"
402.40s,27.57%,0.7253,0.0006,-1.2131,6.7928,+4.23%,Call,09/01/26,"4,055.00",63.20s,21.99%,-0.2262,0.0007,-0.6794,6.2304,-1.35%,Put,09/01/26
398.60s,27.51%,0.7226,0.0006,-1.2182,6.8277,+4.17%,Call,09/01/26,"4,060.00",59.30s,21.15%,-0.2222,0.0007,-0.6420,6.1692,-2.18%,Put,09/01/26
394.80s,27.45%,0.7198,0.0006,-1.2231,6.8622,+4.11%,Call,09/01/26,"4,065.00",65.50s,21.94%,-0.2328,0.0007,-0.6885,6.3320,-1.40%,Put,09/01/26
391.00s,27.38%,0.7171,0.0006,-1.2279,6.8965,+4.05%,Call,09/01/26,"4,070.00",61.70s,21.13%,-0.2293,0.0007,-0.6524,6.2786,-2.21%,Put,09/01/26
387.20s,27.32%,0.7143,0.0006,-1.2325,6.9304,+3.98%,Call,09/01/26,"4,075.00",67.90s,21.89%,-0.2396,0.0007,-0.6976,6.4330,-1.45%,Put,09/01/26
383.50s,27.27%,0.7115,0.0006,-1.2378,6.9649,+3.93%,Call,09/01/26,"4,080.00",69.60s,21.94%,-0.2437,0.0007,-0.7058,6.4916,-1.40%,Put,09/01/26
379.70s,27.20%,0.7087,0.0006,-1.2422,6.9982,+3.86%,Call,09/01/26,"4,085.00",74.80s,22.52%,-0.2520,0.0007,-0.7410,6.6080,-0.82%,Put,09/01/26
376.00s,27.14%,0.7058,0.0006,-1.2472,7.0320,+3.81%,Call,09/01/26,"4,090.00",78.60,22.87%,-0.2583,0.0007,-0.7645,6.6935,-0.47%,Put,"03:21 CT"
372.30s,27.09%,0.7029,0.0006,-1.2521,7.0654,+3.75%,Call,09/01/26,"4,095.00",69.30s,21.25%,-0.2491,0.0007,-0.6871,6.5682,-2.08%,Put,09/01/26
358.60s,25.61%,0.7078,0.0006,-1.1753,7.0084,+2.27%,Call,09/01/26,"4,100.00",86.00,23.52%,-0.2702,0.0007,-0.8081,6.8470,+0.18%,Put,"20:42 CT"
365.00s,26.98%,0.6970,0.0006,-1.2622,7.1320,+3.64%,Call,09/01/26,"4,105.00",75.20s,21.71%,-0.2605,0.0007,-0.7210,6.7218,-1.63%,Put,09/01/26
361.40s,26.93%,0.6940,0.0006,-1.2674,7.1650,+3.59%,Call,09/01/26,"4,110.00",71.00s,20.86%,-0.2574,0.0007,-0.6832,6.6816,-2.48%,Put,09/01/26
357.80s,26.88%,0.6910,0.0006,-1.2725,7.1977,+3.54%,Call,09/01/26,"4,115.00",78.20s,21.71%,-0.2681,0.0007,-0.7315,6.8211,-1.63%,Put,09/01/26
354.20s,26.83%,0.6879,0.0006,-1.2773,7.2299,+3.49%,Call,09/01/26,"4,120.00",78.90s,21.59%,-0.2711,0.0007,-0.7305,6.8583,-1.75%,Put,09/01/26
350.60s,26.77%,0.6849,0.0006,-1.2821,7.2617,+3.43%,Call,09/01/26,"4,125.00",77.40s,21.15%,-0.2716,0.0008,-0.7131,6.8648,-2.19%,Put,09/01/26
347.10s,26.73%,0.6818,0.0006,-1.2874,7.2937,+3.39%,Call,09/01/26,"4,130.00",90.40,22.79%,-0.2873,0.0007,-0.8008,7.0531,-0.55%,Put,"02:35 CT"
343.50s,26.67%,0.6787,0.0006,-1.2918,7.3246,+3.33%,Call,09/01/26,"4,135.00",80.10s,21.09%,-0.2791,0.0008,-0.7200,6.9573,-2.25%,Put,09/01/26
340.00s,25.80%,0.6853,0.0006,-1.2396,7.2721,+2.19%,Call,09/01/26,"4,140.00",84.90s,21.55%,-0.2865,0.0008,-0.7479,7.0443,-1.79%,Put,09/01/26
336.60s,26.59%,0.6724,0.0006,-1.3024,7.3869,+3.25%,Call,09/01/26,"4,145.00",86.20s,21.50%,-0.2902,0.0008,-0.7503,7.0864,-1.84%,Put,09/01/26
345.00s,28.14%,0.6626,0.0006,-1.3957,7.4780,+4.80%,Call,09/01/26,"4,150.00",87.80s,21.50%,-0.2942,0.0008,-0.7545,7.1310,-1.84%,Put,09/01/26
329.70s,26.50%,0.6660,0.0007,-1.3123,7.4473,+3.16%,Call,09/01/26,"4,155.00",95.00s,22.27%,-0.3032,0.0008,-0.7974,7.2288,-1.07%,Put,09/01/26
326.20s,26.44%,0.6628,0.0007,-1.3166,7.4764,+3.10%,Call,09/01/26,"4,160.00",93.60s,21.84%,-0.3045,0.0008,-0.7803,7.2421,-1.50%,Put,09/01/26
322.80s,26.40%,0.6595,0.0007,-1.3215,7.5056,+3.06%,Call,09/01/26,"4,165.00",93.30s,21.56%,-0.3067,0.0008,-0.7707,7.2658,-1.78%,Put,09/01/26
319.50s,26.37%,0.6562,0.0007,-1.3270,7.5348,+3.03%,Call,09/01/26,"4,170.00",94.90s,21.54%,-0.3107,0.0008,-0.7740,7.3065,-1.80%,Put,09/01/26
316.10s,26.32%,0.6529,0.0007,-1.3315,7.5629,+2.98%,Call,09/01/26,"4,175.00",95.30s,21.36%,-0.3137,0.0008,-0.7689,7.3364,-1.98%,Put,09/01/26
312.80s,26.28%,0.6496,0.0007,-1.3366,7.5910,+2.94%,Call,09/01/26,"4,180.00",97.20s,21.38%,-0.3180,0.0008,-0.7738,7.3783,-1.96%,Put,09/01/26
309.50s,26.24%,0.6463,0.0007,-1.3414,7.6185,+2.91%,Call,09/01/26,"4,185.00",99.70s,21.47%,-0.3227,0.0008,-0.7824,7.4234,-1.87%,Put,09/01/26
306.20s,26.20%,0.6429,0.0007,-1.3461,7.6454,+2.86%,Call,09/01/26,"4,190.00",106.60s,22.15%,-0.3306,0.0008,-0.8196,7.4958,-1.19%,Put,09/01/26
302.90s,26.16%,0.6395,0.0007,-1.3506,7.6718,+2.82%,Call,09/01/26,"4,195.00",102.90s,21.41%,-0.3308,0.0008,-0.7869,7.4971,-1.93%,Put,09/01/26
299.70s,26.13%,0.6361,0.0007,-1.3557,7.6979,+2.79%,Call,09/01/26,"4,200.00",116.40,22.95%,-0.3426,0.0008,-0.8659,7.5989,-0.39%,Put,"01:29 CT"
296.50s,26.09%,0.6327,0.0007,-1.3605,7.7235,+2.76%,Call,09/01/26,"4,205.00",105.40s,21.25%,-0.3384,0.0008,-0.7858,7.5634,-2.09%,Put,09/01/26
293.30s,26.06%,0.6292,0.0007,-1.3651,7.7485,+2.72%,Call,09/01/26,"4,210.00",107.20s,21.24%,-0.3426,0.0008,-0.7886,7.5987,-2.10%,Put,09/01/26
290.10s,26.02%,0.6258,0.0007,-1.3696,7.7729,+2.68%,Call,09/01/26,"4,215.00",109.90s,21.34%,-0.3474,0.0008,-0.7968,7.6377,-2.00%,Put,09/01/26
287.00s,25.99%,0.6223,0.0007,-1.3745,7.7969,+2.65%,Call,09/01/26,"4,220.00",111.80s,21.34%,-0.3516,0.0008,-0.7996,7.6713,-2.00%,Put,09/01/26
283.80s,25.95%,0.6188,0.0007,-1.3786,7.8201,+2.61%,Call,09/01/26,"4,225.00",107.00s,20.46%,-0.3518,0.0009,-0.7597,7.6724,-2.88%,Put,09/01/26
280.70s,25.92%,0.6153,0.0007,-1.3831,7.8429,+2.58%,Call,09/01/26,"4,230.00",115.00s,21.24%,-0.3598,0.0008,-0.8007,7.7329,-2.10%,Put,09/01/26
277.70s,25.90%,0.6118,0.0007,-1.3881,7.8653,+2.56%,Call,09/01/26,"4,235.00",117.40s,21.29%,-0.3644,0.0008,-0.8059,7.7656,-2.05%,Put,09/01/26
274.60s,25.86%,0.6082,0.0007,-1.3923,7.8868,+2.52%,Call,09/01/26,"4,240.00",118.80s,21.21%,-0.3684,0.0008,-0.8046,7.7934,-2.13%,Put,09/01/26
271.60s,25.83%,0.6047,0.0007,-1.3969,7.9079,+2.49%,Call,09/01/26,"4,245.00",120.70s,21.19%,-0.3727,0.0009,-0.8062,7.8222,-2.15%,Put,09/01/26
268.60s,25.80%,0.6011,0.0007,-1.4013,7.9283,+2.47%,Call,09/01/26,"4,250.00",133.60,22.57%,-0.3817,0.0008,-0.8751,7.8791,-0.77%,Put,"02:29 CT"
265.60s,25.77%,0.5975,0.0007,-1.4055,7.9481,+2.44%,Call,09/01/26,"4,255.00",121.00s,20.70%,-0.3798,0.0009,-0.7870,7.8672,-2.64%,Put,09/01/26
262.60s,25.74%,0.5939,0.0007,-1.4095,7.9672,+2.40%,Call,09/01/26,"4,260.00",126.70s,21.16%,-0.3858,0.0009,-0.8111,7.9035,-2.18%,Put,09/01/26
259.70s,25.72%,0.5903,0.0007,-1.4139,7.9858,+2.38%,Call,09/01/26,"4,265.00",126.70s,20.89%,-0.3894,0.0009,-0.8001,7.9242,-2.45%,Put,09/01/26
256.80s,25.69%,0.5866,0.0007,-1.4182,8.0037,+2.36%,Call,09/01/26,"4,270.00",130.80s,21.13%,-0.3946,0.0009,-0.8138,7.9528,-2.20%,Put,09/01/26
253.90s,25.67%,0.5830,0.0007,-1.4222,8.0209,+2.33%,Call,09/01/26,"4,275.00",133.30s,21.17%,-0.3992,0.0009,-0.8174,7.9767,-2.16%,Put,09/01/26
233.60,23.47%,0.5828,0.0008,-1.3123,8.0219,+0.13%,Call,"00:30 CT","4,280.00",131.10s,20.62%,-0.4022,0.0009,-0.7925,7.9921,-2.71%,Put,09/01/26
248.20s,25.62%,0.5757,0.0007,-1.4302,8.0534,+2.28%,Call,09/01/26,"4,285.00",137.50s,21.15%,-0.4080,0.0009,-0.8190,8.0199,-2.19%,Put,09/01/26
245.30s,25.59%,0.5720,0.0007,-1.4336,8.0686,+2.25%,Call,09/01/26,"4,290.00",139.70s,21.14%,-0.4125,0.0009,-0.8200,8.0400,-2.20%,Put,09/01/26
242.60s,25.58%,0.5683,0.0007,-1.4381,8.0832,+2.24%,Call,09/01/26,"4,295.00",141.80s,21.12%,-0.4169,0.0009,-0.8202,8.0590,-2.22%,Put,09/01/26
214.00,22.36%,0.5680,0.0008,-1.2758,8.0843,-0.98%,Call,"22:54 CT","4,300.00",157.20,22.74%,-0.4237,0.0008,-0.8993,8.0862,-0.60%,Put,"03:06 CT"
237.00s,25.52%,0.5609,0.0007,-1.4451,8.1101,+2.18%,Call,09/01/26,"4,305.00",138.50s,20.14%,-0.4244,0.0009,-0.7751,8.0887,-3.20%,Put,09/01/26
234.30s,25.50%,0.5572,0.0007,-1.4489,8.1226,+2.17%,Call,09/01/26,"4,310.00",148.50s,21.09%,-0.4303,0.0009,-0.8214,8.1101,-2.25%,Put,09/01/26
231.60s,25.48%,0.5535,0.0007,-1.4525,8.1343,+2.15%,Call,09/01/26,"4,315.00",149.30s,20.90%,-0.4346,0.0009,-0.8128,8.1245,-2.44%,Put,09/01/26
228.90s,25.46%,0.5498,0.0007,-1.4558,8.1453,+2.12%,Call,09/01/26,"4,320.00",153.00s,21.06%,-0.4393,0.0009,-0.8211,8.1390,-2.28%,Put,09/01/26
195.20,21.64%,0.5471,0.0009,-1.2633,8.1527,-1.70%,Call,"22:42 CT","4,325.00",181.50,24.26%,-0.4450,0.0008,-0.9758,8.1551,+0.92%,Put,"22:27 CT"
223.60s,25.42%,0.5423,0.0007,-1.4625,8.1651,+2.08%,Call,09/01/26,"4,330.00",156.80s,20.93%,-0.4483,0.0009,-0.8155,8.1635,-2.41%,Put,09/01/26
221.00s,25.41%,0.5386,0.0007,-1.4659,8.1740,+2.07%,Call,09/01/26,"4,335.00",160.00s,21.02%,-0.4528,0.0009,-0.8200,8.1743,-2.31%,Put,09/01/26
190.10,21.93%,0.5340,0.0009,-1.2922,8.1838,-1.41%,Call,"20:59 CT","4,340.00",169.80s,21.92%,-0.4573,0.0009,-0.8632,8.1838,-1.42%,Put,09/01/26
215.80s,25.37%,0.5311,0.0007,-1.4719,8.1895,+2.03%,Call,09/01/26,"4,345.00",163.30s,20.82%,-0.4619,0.0009,-0.8099,8.1927,-2.52%,Put,09/01/26
185.00,21.90%,0.5253,0.0009,-1.2994,8.1994,-1.44%,Call,"22:39 CT","4,350.00",180.30,22.59%,-0.4656,0.0008,-0.8951,8.1988,-0.75%,Put,"02:34 CT"
210.80s,25.34%,0.5235,0.0007,-1.4782,8.2020,+2.00%,Call,09/01/26,"4,355.00",180.00s,22.24%,-0.4700,0.0009,-0.8778,8.2053,-1.10%,Put,09/01/26
208.30s,25.33%,0.5198,0.0007,-1.4811,8.2071,+1.99%,Call,09/01/26,"4,360.00",180.00s,21.93%,-0.4746,0.0009,-0.8621,8.2109,-1.41%,Put,09/01/26
205.80s,25.31%,0.5160,0.0008,-1.4837,8.2116,+1.97%,Call,09/01/26,"4,365.00",170.60s,20.47%,-0.4806,0.0009,-0.7904,8.2166,-2.87%,Put,09/01/26
203.30s,25.29%,0.5122,0.0008,-1.4861,8.2152,+1.95%,Call,09/01/26,"4,370.00",208.40,24.75%,-0.4797,0.0008,-0.9982,8.2158,+1.41%,Put,"22:30 CT"
190.10,23.96%,0.5066,0.0008,-1.4226,8.2193,+0.62%,Call,"00:56 CT","4,375.00",211.20,24.77%,-0.4835,0.0008,-0.9984,8.2186,+1.43%,Put,"22:30 CT"
187.80,23.96%,0.5027,0.0008,-1.4259,8.2212,+0.62%,Call,"00:56 CT","4,380.00",214.00,24.79%,-0.4873,0.0008,-0.9984,8.2207,+1.45%,Put,"22:30 CT"
175.60,22.76%,0.4966,0.0008,-1.3683,8.2225,-0.58%,Call,"22:15 CT","4,385.00",176.00s,19.84%,-0.5004,0.0010,-0.7550,8.2219,-3.50%,Put,09/01/26
217.00s,28.06%,0.5021,0.0007,-1.6381,8.2214,+4.73%,Call,09/01/26,"4,390.00",208.20,21.95%,-0.5005,0.0009,-0.8574,8.2219,-1.38%,Put,"04:01 CT"
191.40s,25.22%,0.4934,0.0008,-1.4984,8.2224,+1.89%,Call,09/01/26,"4,395.00",188.20s,20.66%,-0.5079,0.0009,-0.7923,8.2186,-2.68%,Put,09/01/26
177.00,23.74%,0.4864,0.0008,-1.4269,8.2203,+0.40%,Call,"00:39 CT","4,400.00",226.00,24.93%,-0.5022,0.0008,-1.0009,8.2214,+1.59%,Put,"22:39 CT"
186.80s,25.20%,0.4859,0.0008,-1.5028,8.2200,+1.86%,Call,09/01/26,"4,405.00",195.30s,20.86%,-0.5164,0.0009,-0.7981,8.2111,-2.48%,Put,09/01/26
188.10s,25.63%,0.4832,0.0007,-1.5265,8.2184,+2.29%,Call,09/01/26,"4,410.00",198.10s,20.86%,-0.5209,0.0009,-0.7962,8.2057,-2.48%,Put,09/01/26
172.50,23.99%,0.4752,0.0008,-1.4471,8.2116,+0.65%,Call,"00:56 CT","4,415.00",215.00s,22.57%,-0.5200,0.0008,-0.8795,8.2068,-0.76%,Put,09/01/26
206.00s,28.33%,0.4826,0.0007,-1.6664,8.2180,+4.99%,Call,09/01/26,"4,420.00",221.50,22.71%,-0.5238,0.0008,-0.8840,8.2017,-0.63%,Put,"04:08 CT"
168.30,24.00%,0.4674,0.0008,-1.4521,8.2016,+0.66%,Call,"00:56 CT","4,425.00",206.30s,20.82%,-0.5345,0.0009,-0.7875,8.1827,-2.52%,Put,09/01/26
175.80s,25.17%,0.4672,0.0008,-1.5127,8.2013,+1.83%,Call,09/01/26,"4,430.00",208.00s,20.68%,-0.5395,0.0009,-0.7777,8.1717,-2.66%,Put,09/01/26
173.10s,25.10%,0.4633,0.0008,-1.5110,8.1950,+1.76%,Call,09/01/26,"4,435.00",211.90s,20.80%,-0.5435,0.0009,-0.7811,8.1621,-2.54%,Put,09/01/26
185.00s,26.80%,0.4649,0.0007,-1.5981,8.1978,+3.46%,Call,09/01/26,"4,440.00",214.80s,20.80%,-0.5480,0.0009,-0.7781,8.1503,-2.54%,Put,09/01/26
170.20s,25.25%,0.4564,0.0007,-1.5221,8.1820,+1.91%,Call,09/01/26,"4,445.00",217.70s,20.79%,-0.5525,0.0009,-0.7749,8.1374,-2.55%,Put,09/01/26
159.30,24.16%,0.4487,0.0008,-1.4696,8.1646,+0.82%,Call,"02:35 CT","4,450.00",209.70s,19.44%,-0.5637,0.0010,-0.7027,8.1003,-3.90%,Put,09/01/26
164.70s,25.07%,0.4484,0.0008,-1.5165,8.1637,+1.73%,Call,09/01/26,"4,455.00",224.90s,20.94%,-0.5606,0.0009,-0.7764,8.1114,-2.39%,Put,09/01/26
154.50,24.06%,0.4406,0.0008,-1.4677,8.1429,+0.72%,Call,"00:50 CT","4,460.00",246.50,23.24%,-0.5541,0.0008,-0.8904,8.1324,-0.10%,Put,"00:54 CT"
160.80s,25.08%,0.4411,0.0008,-1.5198,8.1441,+1.74%,Call,09/01/26,"4,465.00",225.00s,20.21%,-0.5733,0.0009,-0.7317,8.0632,-3.13%,Put,09/01/26
159.20s,25.12%,0.4376,0.0007,-1.5232,8.1338,+1.79%,Call,09/01/26,"4,470.00",232.30s,20.74%,-0.5748,0.0009,-0.7552,8.0571,-2.60%,Put,09/01/26
149.40s,24.16%,0.4296,0.0008,-1.4759,8.1078,+0.82%,Call,09/01/26,"4,475.00",220.60s,18.89%,-0.5907,0.0010,-0.6551,7.9834,-4.45%,Put,09/01/26
156.50s,25.27%,0.4309,0.0007,-1.5326,8.1123,+1.93%,Call,09/01/26,"4,480.00",238.20s,20.70%,-0.5837,0.0009,-0.7458,8.0175,-2.64%,Put,09/01/26
153.30s,25.11%,0.4266,0.0007,-1.5255,8.0970,+1.77%,Call,09/01/26,"4,485.00",228.90s,19.14%,-0.5984,0.0010,-0.6597,7.9431,-4.19%,Put,09/01/26
144.10s,24.21%,0.4186,0.0008,-1.4810,8.0660,+0.87%,Call,09/01/26,"4,490.00",234.50s,19.45%,-0.6009,0.0009,-0.6714,7.9295,-3.89%,Put,09/01/26
192.50s,30.41%,0.4415,0.0006,-1.7929,8.1455,+7.07%,Call,09/01/26,"4,495.00",241.10s,19.88%,-0.6023,0.0009,-0.6898,7.9212,-3.46%,Put,09/01/26
139.00,24.03%,0.4102,0.0008,-1.4734,8.0300,+0.69%,Call,"03:44 CT","4,500.00",269.50,23.05%,-0.5864,0.0008,-0.8532,8.0046,-0.29%,Put,"01:23 CT"
145.40s,25.06%,0.4119,0.0007,-1.5253,8.0376,+1.72%,Call,09/01/26,"4,505.00",204.00s,14.22%,-0.6667,0.0012,-0.3678,7.4401,-9.12%,Put,09/01/26
139.00s,24.49%,0.4053,0.0008,-1.4970,8.0069,+1.15%,Call,09/01/26,"4,510.00",207.00s,14.16%,-0.6734,0.0012,-0.3573,7.3768,-9.18%,Put,09/01/26
146.80s,25.68%,0.4081,0.0007,-1.5576,8.0202,+2.35%,Call,09/01/26,"4,515.00",209.80s,14.06%,-0.6805,0.0012,-0.3448,7.3064,-9.28%,Put,09/01/26
160.00s,27.55%,0.4140,0.0007,-1.6520,8.0467,+4.21%,Call,09/01/26,"4,520.00",212.40s,13.93%,-0.6881,0.0012,-0.3301,7.2278,-9.41%,Put,09/01/26
179.30s,30.17%,0.4226,0.0006,-1.7845,8.0821,+6.83%,Call,09/01/26,"4,525.00",266.40s,20.62%,-0.6229,0.0009,-0.7012,7.7930,-2.71%,Put,09/01/26
177.30s,30.15%,0.4196,0.0006,-1.7837,8.0700,+6.81%,Call,09/01/26,"4,530.00",270.40s,20.71%,-0.6264,0.0009,-0.7010,7.7688,-2.62%,Put,09/01/26
175.00s,30.09%,0.4163,0.0006,-1.7808,8.0567,+6.75%,Call,09/01/26,"4,535.00",272.90s,20.61%,-0.6314,0.0009,-0.6900,7.7329,-2.73%,Put,09/01/26
138.00s,25.69%,0.3908,0.0007,-1.5577,7.9319,+2.35%,Call,09/01/26,"4,540.00",222.00s,13.23%,-0.7221,0.0012,-0.2571,6.8345,-10.11%,Put,09/01/26
131.80s,25.12%,0.3840,0.0007,-1.5285,7.8925,+1.78%,Call,09/01/26,"4,545.00",223.40s,12.89%,-0.7337,0.0012,-0.2273,6.6825,-10.45%,Put,09/01/26
136.90s,25.98%,0.3857,0.0007,-1.5718,7.9029,+2.64%,Call,09/01/26,"4,550.00",282.70s,20.57%,-0.6441,0.0009,-0.6716,7.6354,-2.77%,Put,09/01/26
166.90s,29.97%,0.4039,0.0006,-1.7744,8.0003,+6.63%,Call,09/01/26,"4,555.00",286.00s,20.55%,-0.6484,0.0009,-0.6652,7.6011,-2.78%,Put,09/01/26
126.50s,25.08%,0.3733,0.0007,-1.5250,7.8261,+1.75%,Call,09/01/26,"4,560.00",289.30s,20.54%,-0.6526,0.0009,-0.6585,7.5657,-2.80%,Put,09/01/26
138.40s,26.81%,0.3807,0.0007,-1.6125,7.8730,+3.47%,Call,09/01/26,"4,565.00",292.60s,20.52%,-0.6568,0.0008,-0.6515,7.5292,-2.82%,Put,09/01/26
123.60s,24.71%,0.3704,0.0007,-1.5089,7.8225,+1.10%,Call,09/01/26,"4,570.00",296.00s,20.51%,-0.6610,0.0008,-0.6451,7.4927,-2.83%,Put,09/01/26
127.50s,25.84%,0.3681,0.0007,-1.5612,7.7911,+2.50%,Call,09/01/26,"4,575.00",303.00s,20.98%,-0.6606,0.0008,-0.6659,7.4957,-2.36%,Put,09/01/26
120.00s,25.08%,0.3596,0.0007,-1.5211,7.7311,+1.74%,Call,09/01/26,"4,580.00",302.80s,20.48%,-0.6692,0.0008,-0.6314,7.4166,-2.86%,Put,09/01/26
116.70s,24.85%,0.3546,0.0007,-1.5084,7.6940,+1.52%,Call,09/01/26,"4,585.00",306.20s,20.47%,-0.6734,0.0008,-0.6242,7.3770,-2.87%,Put,09/01/26
117.30s,25.13%,0.3532,0.0007,-1.5216,7.6836,+1.80%,Call,09/01/26,"4,590.00",309.60s,20.45%,-0.6775,0.0008,-0.6167,7.3364,-2.89%,Put,09/01/26
118.70s,25.52%,0.3526,0.0007,-1.5402,7.6790,+2.18%,Call,09/01/26,"4,595.00",313.00s,20.42%,-0.6817,0.0008,-0.6090,7.2946,-2.91%,Put,09/01/26
102.50,24.58%,0.3424,0.0007,-1.4901,7.5970,+1.24%,Call,"04:38 CT","4,600.00",300.50s,18.17%,-0.7108,0.0009,-0.4674,6.9727,-5.17%,Put,09/01/26
112.30s,25.08%,0.3428,0.0007,-1.5145,7.6007,+1.74%,Call,09/01/26,"4,605.00",320.00s,20.40%,-0.6897,0.0008,-0.5943,7.2107,-2.94%,Put,09/01/26
108.00s,24.71%,0.3366,0.0007,-1.4936,7.5487,+1.37%,Call,09/01/26,"4,610.00",323.50s,20.38%,-0.6938,0.0008,-0.5866,7.1672,-2.96%,Put,09/01/26
109.90s,25.15%,0.3368,0.0007,-1.5152,7.5500,+1.82%,Call,09/01/26,"4,615.00",327.00s,20.36%,-0.6978,0.0008,-0.5787,7.1226,-2.98%,Put,09/01/26
108.40s,25.15%,0.3335,0.0007,-1.5132,7.5213,+1.81%,Call,09/01/26,"4,620.00",330.50s,20.34%,-0.7019,0.0008,-0.5705,7.0769,-3.00%,Put,09/01/26
107.00s,25.16%,0.3303,0.0007,-1.5117,7.4928,+1.82%,Call,09/01/26,"4,625.00",334.10s,20.33%,-0.7058,0.0008,-0.5629,7.0320,-3.01%,Put,09/01/26
105.60s,25.16%,0.3271,0.0007,-1.5100,7.4638,+1.82%,Call,09/01/26,"4,630.00",337.60s,20.30%,-0.7098,0.0008,-0.5541,6.9841,-3.04%,Put,09/01/26
104.20s,25.16%,0.3239,0.0007,-1.5082,7.4342,+1.82%,Call,09/01/26,"4,635.00",341.20s,20.28%,-0.7138,0.0008,-0.5460,6.9371,-3.06%,Put,09/01/26
105.60s,25.54%,0.3237,0.0007,-1.5260,7.4328,+2.20%,Call,09/01/26,"4,640.00",356.00,21.86%,-0.7006,0.0008,-0.6349,7.0917,-1.47%,Put,"18:38 CT"
98.50s,24.77%,0.3142,0.0007,-1.4830,7.3409,+1.43%,Call,09/01/26,"4,645.00",348.50s,20.26%,-0.7215,0.0008,-0.5299,6.8419,-3.08%,Put,09/01/26
94.40s,24.39%,0.3077,0.0007,-1.4607,7.2756,+1.05%,Call,09/01/26,"4,650.00",352.10s,20.23%,-0.7254,0.0008,-0.5211,6.7918,-3.11%,Put,09/01/26
100.60s,25.43%,0.3133,0.0007,-1.5133,7.3328,+2.09%,Call,09/01/26,"4,655.00",283.00s,0.00%,-0.6963,0.0007,-0.7040,7.1395,-23.34%,Put,09/01/26
97.60s,25.20%,0.3083,0.0007,-1.4989,7.2820,+1.86%,Call,09/01/26,"4,660.00",359.50s,20.20%,-0.7330,0.0008,-0.5045,6.6927,-3.14%,Put,09/01/26
98.90s,25.56%,0.3083,0.0007,-1.5157,7.2816,+2.22%,Call,09/01/26,"4,665.00",363.20s,20.18%,-0.7368,0.0008,-0.4958,6.6417,-3.16%,Put,09/01/26
97.60s,25.57%,0.3052,0.0007,-1.5134,7.2502,+2.23%,Call,09/01/26,"4,670.00",366.90s,20.16%,-0.7406,0.0008,-0.4869,6.5896,-3.18%,Put,09/01/26
93.90s,25.23%,0.2993,0.0007,-1.4931,7.1873,+1.90%,Call,09/01/26,"4,675.00",370.60s,20.14%,-0.7444,0.0008,-0.4777,6.5365,-3.20%,Put,09/01/26
119.00s,28.85%,0.3251,0.0006,-1.6839,7.4459,+5.51%,Call,09/01/26,"4,680.00",374.30s,20.11%,-0.7482,0.0007,-0.4683,6.4822,-3.23%,Put,09/01/26
93.80s,25.58%,0.2963,0.0006,-1.5062,7.1540,+2.24%,Call,09/01/26,"4,685.00",378.10s,20.10%,-0.7518,0.0007,-0.4597,6.4296,-3.24%,Put,09/01/26
87.20s,24.83%,0.2865,0.0007,-1.4627,7.0438,+1.49%,Call,09/01/26,"4,690.00",381.90s,20.08%,-0.7555,0.0007,-0.4508,6.3761,-3.26%,Put,09/01/26
86.70s,24.93%,0.2844,0.0007,-1.4654,7.0197,+1.59%,Call,09/01/26,"4,695.00",385.70s,20.06%,-0.7591,0.0007,-0.4416,6.3215,-3.28%,Put,09/01/26
84.00,24.72%,0.2794,0.0007,-1.4508,6.9604,+1.38%,Call,"01:22 CT","4,700.00",389.50s,20.04%,-0.7628,0.0007,-0.4322,6.2659,-3.30%,Put,09/01/26
86.70s,25.28%,0.2816,0.0006,-1.4783,6.9869,+1.94%,Call,09/01/26,"4,705.00",393.30s,20.01%,-0.7664,0.0007,-0.4226,6.2093,-3.33%,Put,09/01/26
89.10s,25.80%,0.2834,0.0006,-1.5034,7.0078,+2.46%,Call,09/01/26,"4,710.00",397.10s,19.98%,-0.7701,0.0007,-0.4128,6.1516,-3.36%,Put,09/01/26
89.30s,26.00%,0.2823,0.0006,-1.5114,6.9950,+2.66%,Call,09/01/26,"4,715.00",400.90s,19.95%,-0.7738,0.0007,-0.4027,6.0927,-3.39%,Put,09/01/26
79.90s,24.81%,0.2683,0.0006,-1.4429,6.8239,+1.47%,Call,09/01/26,"4,720.00",404.80s,19.93%,-0.7773,0.0007,-0.3934,6.0361,-3.41%,Put,09/01/26
71.10,23.67%,0.2540,0.0006,-1.3766,6.6350,+0.33%,Call,"21:03 CT","4,725.00",408.60s,19.89%,-0.7810,0.0007,-0.3828,5.9750,-3.45%,Put,09/01/26
80.60s,25.25%,0.2668,0.0006,-1.4605,6.8036,+1.91%,Call,09/01/26,"4,730.00",412.50s,19.87%,-0.7845,0.0007,-0.3731,5.9164,-3.47%,Put,09/01/26
79.60s,25.27%,0.2641,0.0006,-1.4582,6.7692,+1.93%,Call,09/01/26,"4,735.00",416.40s,19.84%,-0.7880,0.0007,-0.3631,5.8567,-3.50%,Put,09/01/26
78.30s,25.24%,0.2610,0.0006,-1.4533,6.7288,+1.91%,Call,09/01/26,"4,740.00",420.30s,19.81%,-0.7915,0.0007,-0.3529,5.7959,-3.53%,Put,09/01/26
77.90s,25.35%,0.2592,0.0006,-1.4556,6.7050,+2.01%,Call,09/01/26,"4,745.00",424.20s,19.78%,-0.7951,0.0007,-0.3424,5.7339,-3.56%,Put,09/01/26
73.80,24.90%,0.2519,0.0006,-1.4268,6.6071,+1.56%,Call,"18:15 CT","4,750.00",428.20s,19.76%,-0.7984,0.0007,-0.3329,5.6750,-3.58%,Put,09/01/26
81.00s,26.14%,0.2612,0.0006,-1.4926,6.7314,+2.80%,Call,09/01/26,"4,755.00",432.10s,19.72%,-0.8019,0.0007,-0.3219,5.6108,-3.62%,Put,09/01/26
86.80s,27.16%,0.2679,0.0006,-1.5460,6.8177,+3.83%,Call,09/01/26,"4,760.00",436.10s,19.69%,-0.8053,0.0007,-0.3120,5.5499,-3.64%,Put,09/01/26
74.00s,25.42%,0.2487,0.0006,-1.4447,6.5628,+2.08%,Call,09/01/26,"4,765.00",440.00s,19.65%,-0.8088,0.0006,-0.3005,5.4833,-3.69%,Put,09/01/26
76.10s,25.90%,0.2507,0.0006,-1.4679,6.5903,+2.56%,Call,09/01/26,"4,770.00",444.00s,19.62%,-0.8122,0.0006,-0.2901,5.4201,-3.72%,Put,09/01/26
77.70s,26.30%,0.2519,0.0006,-1.4869,6.6068,+2.96%,Call,09/01/26,"4,775.00",448.00s,19.58%,-0.8156,0.0006,-0.2794,5.3557,-3.76%,Put,09/01/26
71.00s,25.44%,0.2408,0.0006,-1.4342,6.4502,+2.10%,Call,09/01/26,"4,780.00",452.00s,19.55%,-0.8189,0.0006,-0.2685,5.2903,-3.79%,Put,09/01/26
81.50s,27.20%,0.2551,0.0006,-1.5299,6.6499,+3.86%,Call,09/01/26,"4,785.00",456.10s,19.52%,-0.8221,0.0006,-0.2586,5.2287,-3.82%,Put,09/01/26
70.50s,25.67%,0.2379,0.0006,-1.4398,6.4075,+2.34%,Call,09/01/26,"4,790.00",460.10s,19.48%,-0.8255,0.0006,-0.2472,5.1609,-3.86%,Put,09/01/26
65.40s,25.03%,0.2287,0.0006,-1.3989,6.2695,+1.69%,Call,09/01/26,"4,795.00",464.20s,19.45%,-0.8286,0.0006,-0.2369,5.0972,-3.89%,Put,09/01/26
65.10s,25.13%,0.2272,0.0006,-1.4009,6.2461,+1.79%,Call,09/01/26,"4,800.00",468.20s,19.40%,-0.8320,0.0006,-0.2250,5.0269,-3.94%,Put,09/01/26
72.10s,26.40%,0.2372,0.0006,-1.4688,6.3977,+3.06%,Call,09/01/26,"4,805.00",472.30s,19.36%,-0.8352,0.0006,-0.2142,4.9610,-3.97%,Put,09/01/26
72.00s,26.54%,0.2361,0.0006,-1.4728,6.3805,+3.20%,Call,09/01/26,"4,810.00",476.40s,19.33%,-0.8384,0.0006,-0.2032,4.8939,-4.01%,Put,09/01/26
64.60s,25.51%,0.2234,0.0006,-1.4101,6.1866,+2.17%,Call,09/01/26,"4,815.00",480.50s,19.28%,-0.8416,0.0006,-0.1919,4.8256,-4.05%,Put,09/01/26
63.80s,25.54%,0.2211,0.0006,-1.4072,6.1504,+2.20%,Call,09/01/26,"4,820.00",484.60s,19.24%,-0.8448,0.0006,-0.1805,4.7561,-4.10%,Put,09/01/26
60.20,25.10%,0.2140,0.0006,-1.3775,6.0365,+1.76%,Call,"02:48 CT","4,825.00",488.80s,19.21%,-0.8478,0.0006,-0.1702,4.6917,-4.13%,Put,09/01/26
64.40s,25.94%,0.2201,0.0005,-1.4217,6.1359,+2.60%,Call,09/01/26,"4,830.00",492.90s,19.16%,-0.8510,0.0006,-0.1582,4.6197,-4.18%,Put,09/01/26
61.30s,25.58%,0.2140,0.0005,-1.3966,6.0370,+2.24%,Call,09/01/26,"4,835.00",497.10s,19.13%,-0.8540,0.0006,-0.1475,4.5531,-4.21%,Put,09/01/26
60.50s,25.59%,0.2117,0.0005,-1.3932,5.9994,+2.25%,Call,09/01/26,"4,840.00",501.30s,19.09%,-0.8570,0.0005,-0.1366,4.4853,-4.25%,Put,09/01/26
59.70s,25.61%,0.2094,0.0005,-1.3896,5.9615,+2.27%,Call,09/01/26,"4,845.00",505.40s,19.02%,-0.8603,0.0005,-0.1239,4.4094,-4.32%,Put,09/01/26
52.30,24.49%,0.1951,0.0005,-1.3199,5.7151,+1.15%,Call,"20:36 CT","4,850.00",509.60s,18.98%,-0.8633,0.0005,-0.1125,4.3391,-4.36%,Put,09/01/26
66.50s,27.03%,0.2190,0.0005,-1.4635,6.1173,+3.69%,Call,09/01/26,"4,855.00",513.80s,18.93%,-0.8663,0.0005,-0.1008,4.2676,-4.41%,Put,09/01/26
61.30s,26.32%,0.2095,0.0005,-1.4176,5.9633,+2.98%,Call,09/01/26,"4,860.00",518.10s,18.90%,-0.8690,0.0005,-0.0906,4.2024,-4.44%,Put,09/01/26
56.70s,25.68%,0.2007,0.0005,-1.3760,5.8127,+2.34%,Call,09/01/26,"4,865.00",522.30s,18.84%,-0.8721,0.0005,-0.0785,4.1284,-4.50%,Put,09/01/26
59.70s,26.34%,0.2051,0.0005,-1.4100,5.8886,+3.00%,Call,09/01/26,"4,870.00",526.50s,18.78%,-0.8751,0.0005,-0.0661,4.0530,-4.56%,Put,09/01/26
57.50s,26.11%,0.2004,0.0005,-1.3919,5.8085,+2.77%,Call,09/01/26,"4,875.00",530.80s,20.52%,-0.8503,0.0005,-0.1946,4.6460,-3.09%,Put,09/01/26
58.20s,26.37%,0.2009,0.0005,-1.4028,5.8156,+3.04%,Call,09/01/26,"4,880.00",535.00s,18.67%,-0.8810,0.0005,-0.0423,3.9060,-4.67%,Put,09/01/26
53.80s,25.75%,0.1922,0.0005,-1.3616,5.6623,+2.41%,Call,09/01/26,"4,885.00",539.30s,18.62%,-0.8838,0.0005,-0.0310,3.8348,-4.72%,Put,09/01/26
53.10s,25.77%,0.1901,0.0005,-1.3579,5.6248,+2.43%,Call,09/01/26,"4,890.00",543.60s,18.57%,-0.8866,0.0005,-0.0194,3.7623,-4.77%,Put,09/01/26
52.40s,25.78%,0.1880,0.0005,-1.3542,5.5870,+2.45%,Call,09/01/26,"4,895.00",547.90s,18.51%,-0.8894,0.0005,-0.0075,3.6884,-4.83%,Put,09/01/26
48.80,25.27%,0.1804,0.0005,-1.3191,5.4450,+1.93%,Call,"03:44 CT","4,900.00",552.20s,18.45%,-0.8923,0.0005,0.0046,3.6132,-4.89%,Put,09/01/26
51.10s,25.83%,0.1840,0.0005,-1.3474,5.5140,+2.49%,Call,09/01/26,"4,905.00",556.50s,18.38%,-0.8951,0.0004,0.0169,3.5364,-4.96%,Put,09/01/26
50.40s,25.84%,0.1820,0.0005,-1.3433,5.4754,+2.50%,Call,09/01/26,"4,910.00",560.80s,18.31%,-0.8980,0.0004,0.0295,3.4581,-5.03%,Put,09/01/26
49.80s,25.87%,0.1801,0.0005,-1.3402,5.4401,+2.53%,Call,09/01/26,"4,915.00",565.10s,18.23%,-0.9009,0.0004,0.0424,3.3780,-5.11%,Put,09/01/26
49.10s,25.88%,0.1780,0.0005,-1.3359,5.4009,+2.54%,Call,09/01/26,"4,920.00",569.40s,18.15%,-0.9038,0.0004,0.0556,3.2962,-5.19%,Put,09/01/26
52.80s,26.69%,0.1843,0.0005,-1.3795,5.5187,+3.35%,Call,09/01/26,"4,925.00",573.80s,18.09%,-0.9064,0.0004,0.0670,3.2235,-5.25%,Put,09/01/26
51.60s,26.61%,0.1814,0.0005,-1.3699,5.4640,+3.27%,Call,09/01/26,"4,930.00",578.10s,17.99%,-0.9094,0.0004,0.0808,3.1381,-5.35%,Put,09/01/26
47.30s,25.95%,0.1724,0.0005,-1.3256,5.2930,+2.61%,Call,09/01/26,"4,935.00",582.50s,17.92%,-0.9120,0.0004,0.0927,3.0622,-5.41%,Put,09/01/26
46.70s,25.97%,0.1706,0.0005,-1.3220,5.2566,+2.63%,Call,09/01/26,"4,940.00",586.90s,17.85%,-0.9146,0.0004,0.1049,2.9847,-5.49%,Put,09/01/26
46.10s,25.99%,0.1687,0.0005,-1.3183,5.2199,+2.65%,Call,09/01/26,"4,945.00",591.20s,17.74%,-0.9177,0.0004,0.1196,2.8932,-5.60%,Put,09/01/26
48.80s,26.63%,0.1733,0.0005,-1.3521,5.3106,+3.30%,Call,09/01/26,"4,950.00",595.60s,17.65%,-0.9204,0.0004,0.1323,2.8118,-5.69%,Put,09/01/26
44.90s,26.02%,0.1650,0.0005,-1.3106,5.1459,+2.68%,Call,09/01/26,"4,955.00",600.00s,17.55%,-0.9231,0.0004,0.1454,2.7285,-5.79%,Put,09/01/26
51.40s,27.39%,0.1769,0.0005,-1.3876,5.3796,+4.05%,Call,09/01/26,"4,960.00",604.40s,17.45%,-0.9259,0.0004,0.1588,2.6431,-5.89%,Put,09/01/26
43.70s,26.05%,0.1613,0.0005,-1.3025,5.0710,+2.71%,Call,09/01/26,"4,965.00",608.80s,17.34%,-0.9286,0.0003,0.1725,2.5554,-6.00%,Put,09/01/26
57.60s,28.79%,0.1866,0.0004,-1.4622,5.5613,+5.46%,Call,09/01/26,"4,970.00",613.20s,17.22%,-0.9314,0.0003,0.1866,2.4653,-6.11%,Put,09/01/26
42.60s,26.09%,0.1578,0.0004,-1.2952,4.9993,+2.75%,Call,09/01/26,"4,975.00",617.70s,17.14%,-0.9338,0.0003,0.1985,2.3876,-6.20%,Put,09/01/26
40.30s,25.76%,0.1524,0.0004,-1.2701,4.8855,+2.42%,Call,09/01/26,"4,980.00",622.10s,17.00%,-0.9367,0.0003,0.2132,2.2924,-6.34%,Put,09/01/26
39.40s,25.70%,0.1499,0.0004,-1.2617,4.8320,+2.36%,Call,09/01/26,"4,985.00",626.50s,16.85%,-0.9397,0.0003,0.2284,2.1940,-6.48%,Put,09/01/26
41.00s,26.16%,0.1528,0.0004,-1.2841,4.8925,+2.82%,Call,09/01/26,"4,990.00",631.00s,16.74%,-0.9422,0.0003,0.2413,2.1092,-6.60%,Put,09/01/26
40.50s,26.18%,0.1511,0.0004,-1.2807,4.8580,+2.84%,Call,09/01/26,"4,995.00",635.40s,16.57%,-0.9452,0.0003,0.2574,2.0041,-6.77%,Put,09/01/26
39.00,26.00%,0.1474,0.0004,-1.2647,4.7771,+2.66%,Call,"02:22 CT","5,000.00",639.90s,16.43%,-0.9478,0.0003,0.2711,1.9133,-6.91%,Put,09/01/26
39.50s,26.23%,0.1479,0.0004,-1.2736,4.7884,+2.89%,Call,09/01/26,"5,005.00",644.40s,16.28%,-0.9504,0.0003,0.2852,1.8194,-7.06%,Put,09/01/26
44.20s,27.32%,0.1570,0.0004,-1.3342,4.9823,+3.98%,Call,09/01/26,"5,010.00",648.80s,16.06%,-0.9536,0.0002,0.3029,1.7017,-7.28%,Put,09/01/26
38.50s,26.27%,0.1447,0.0004,-1.2661,4.7182,+2.93%,Call,09/01/26,"5,015.00",653.30s,15.88%,-0.9564,0.0002,0.3180,1.5994,-7.46%,Put,09/01/26
38.00s,26.29%,0.1431,0.0004,-1.2622,4.6828,+2.95%,Call,09/01/26,"5,020.00",657.80s,15.67%,-0.9592,0.0002,0.3337,1.4925,-7.67%,Put,09/01/26
37.50s,26.30%,0.1414,0.0004,-1.2583,4.6472,+2.96%,Call,09/01/26,"5,025.00",662.30s,15.45%,-0.9621,0.0002,0.3500,1.3802,-7.89%,Put,09/01/26
37.10s,26.34%,0.1401,0.0004,-1.2555,4.6163,+3.00%,Call,09/01/26,"5,030.00",666.80s,15.19%,-0.9650,0.0002,0.3671,1.2617,-8.15%,Put,09/01/26
36.60s,26.36%,0.1385,0.0004,-1.2514,4.5804,+3.02%,Call,09/01/26,"5,035.00",671.40s,14.98%,-0.9675,0.0002,0.3812,1.1629,-8.36%,Put,09/01/26
38.90s,26.98%,0.1429,0.0004,-1.2838,4.6800,+3.64%,Call,09/01/26,"5,040.00",675.90s,14.65%,-0.9707,0.0002,0.3999,1.0299,-8.69%,Put,09/01/26
35.70s,26.40%,0.1355,0.0004,-1.2443,4.5130,+3.06%,Call,09/01/26,"5,045.00",680.40s,14.26%,-0.9740,0.0001,0.4199,0.8857,-9.08%,Put,09/01/26
35.30s,26.44%,0.1341,0.0004,-1.2413,4.4817,+3.10%,Call,09/01/26,"5,050.00",685.00s,13.91%,-0.9768,0.0001,0.4367,0.7621,-9.43%,Put,09/01/26
34.90s,26.47%,0.1327,0.0004,-1.2382,4.4502,+3.13%,Call,09/01/26,"5,055.00",689.50s,13.31%,-0.9805,0.0001,0.4601,0.5867,-10.03%,Put,09/01/26
34.40s,26.47%,0.1311,0.0004,-1.2337,4.4134,+3.14%,Call,09/01/26,"5,060.00",694.10s,12.68%,-0.9838,0.0001,0.4807,0.4278,-10.66%,Put,09/01/26
39.90s,27.81%,0.1425,0.0004,-1.3092,4.6716,+4.47%,Call,09/01/26,"5,065.00",698.60s,11.15%,-0.9886,0.0000,0.5130,0.1678,-12.19%,Put,09/01/26
33.60s,26.53%,0.1284,0.0004,-1.2272,4.3498,+3.19%,Call,09/01/26,"5,070.00",703.20s,0.00%,-0.8950,0.0004,-0.0704,3.5392,-23.34%,Put,09/01/26
36.20s,27.24%,0.1338,0.0004,-1.2650,4.4736,+3.90%,Call,09/01/26,"5,075.00",707.80s,0.00%,-0.8965,0.0003,-0.0632,3.4986,-23.34%,Put,09/01/26
32.80s,26.58%,0.1257,0.0004,-1.2205,4.2858,+3.25%,Call,09/01/26,"5,080.00",712.40s,0.00%,-0.8980,0.0003,-0.0560,3.4583,-23.34%,Put,09/01/26
30.80s,26.23%,0.1206,0.0004,-1.1942,4.1636,+2.89%,Call,09/01/26,"5,085.00",716.90s,0.00%,-0.8995,0.0003,-0.0489,3.4181,-23.34%,Put,09/01/26
32.50s,26.75%,0.1242,0.0004,-1.2205,4.2489,+3.41%,Call,09/01/26,"5,090.00",721.50s,0.00%,-0.9009,0.0003,-0.0417,3.3783,-23.34%,Put,09/01/26
34.20s,27.26%,0.1276,0.0004,-1.2465,4.3299,+3.93%,Call,09/01/26,"5,095.00",726.10s,0.00%,-0.9023,0.0003,-0.0347,3.3386,-23.34%,Put,09/01/26
27.80,25.84%,0.1121,0.0004,-1.1561,3.9539,+2.50%,Call,"20:48 CT","5,100.00",730.70s,0.00%,-0.9037,0.0003,-0.0276,3.2993,-23.34%,Put,09/01/26
30.90s,26.72%,0.1192,0.0004,-1.2038,4.1292,+3.38%,Call,09/01/26,"5,105.00",735.30s,0.00%,-0.9051,0.0003,-0.0206,3.2601,-23.34%,Put,09/01/26
30.50s,26.74%,0.1179,0.0004,-1.2000,4.0963,+3.40%,Call,09/01/26,"5,110.00",740.00s,0.00%,-0.9065,0.0003,-0.0136,3.2212,-23.34%,Put,09/01/26
30.20s,26.78%,0.1168,0.0004,-1.1976,4.0692,+3.44%,Call,09/01/26,"5,115.00",744.60s,0.00%,-0.9078,0.0003,-0.0067,3.1826,-23.34%,Put,09/01/26
29.50s,26.72%,0.1147,0.0003,-1.1892,4.0184,+3.38%,Call,09/01/26,"5,120.00",749.20s,0.00%,-0.9092,0.0003,0.0002,3.1443,-23.34%,Put,09/01/26
34.70s,28.09%,0.1262,0.0004,-1.2665,4.2964,+4.75%,Call,09/01/26,"5,125.00",753.80s,0.00%,-0.9105,0.0003,0.0070,3.1061,-23.34%,Put,09/01/26
31.80s,27.51%,0.1193,0.0003,-1.2270,4.1314,+4.18%,Call,09/01/26,"5,130.00",758.50s,0.00%,-0.9118,0.0003,0.0138,3.0683,-23.34%,Put,09/01/26
28.80s,26.89%,0.1119,0.0003,-1.1845,3.9481,+3.55%,Call,09/01/26,"5,135.00",763.10s,0.00%,-0.9131,0.0003,0.0206,3.0307,-23.34%,Put,09/01/26
28.50s,26.92%,0.1108,0.0003,-1.1818,3.9207,+3.58%,Call,09/01/26,"5,140.00",767.80s,0.00%,-0.9143,0.0003,0.0273,2.9934,-23.34%,Put,09/01/26
30.70s,27.59%,0.1156,0.0003,-1.2168,4.0411,+4.25%,Call,09/01/26,"5,145.00",772.40s,0.00%,-0.9156,0.0003,0.0340,2.9564,-23.34%,Put,09/01/26
32.40s,28.12%,0.1191,0.0003,-1.2438,4.1269,+4.78%,Call,09/01/26,"5,150.00",777.10s,0.00%,-0.9168,0.0003,0.0406,2.9196,-23.34%,Put,09/01/26
30.00s,27.64%,0.1133,0.0003,-1.2102,3.9824,+4.30%,Call,09/01/26,"5,155.00",781.80s,0.00%,-0.9180,0.0003,0.0472,2.8831,-23.34%,Put,09/01/26
27.20s,27.03%,0.1062,0.0003,-1.1691,3.8039,+3.69%,Call,09/01/26,"5,160.00",786.40s,0.00%,-0.9192,0.0003,0.0538,2.8469,-23.34%,Put,09/01/26
26.90s,27.07%,0.1052,0.0003,-1.1662,3.7761,+3.73%,Call,09/01/26,"5,165.00",791.10s,0.00%,-0.9204,0.0003,0.0603,2.8109,-23.34%,Put,09/01/26
28.20s,27.52%,0.1080,0.0003,-1.1883,3.8482,+4.18%,Call,09/01/26,"5,170.00",795.80s,0.00%,-0.9216,0.0003,0.0667,2.7753,-23.34%,Put,09/01/26
25.10s,26.80%,0.1000,0.0003,-1.1409,3.6415,+3.46%,Call,09/01/26,"5,175.00",800.50s,0.00%,-0.9227,0.0003,0.0732,2.7399,-23.34%,Put,09/01/26
30.40s,28.30%,0.1124,0.0003,-1.2257,3.9608,+4.97%,Call,09/01/26,"5,180.00",805.20s,0.00%,-0.9239,0.0003,0.0795,2.7048,-23.34%,Put,09/01/26
25.70s,27.18%,0.1009,0.0003,-1.1540,3.6641,+3.84%,Call,09/01/26,"5,185.00",809.80s,0.00%,-0.9250,0.0003,0.0859,2.6700,-23.34%,Put,09/01/26
25.80s,27.32%,0.1008,0.0003,-1.1573,3.6622,+3.98%,Call,09/01/26,"5,190.00",814.50s,0.00%,-0.9261,0.0003,0.0921,2.6354,-23.34%,Put,09/01/26
25.50s,27.34%,0.0998,0.0003,-1.1541,3.6342,+4.01%,Call,09/01/26,"5,195.00",819.20s,0.00%,-0.9272,0.0003,0.0984,2.6012,-23.34%,Put,09/01/26
22.60,26.54%,0.0913,0.0003,-1.1024,3.4046,+3.20%,Call,"04:27 CT","5,200.00",823.90s,0.00%,-0.9283,0.0003,0.1046,2.5672,-23.34%,Put,09/01/26
24.60s,27.31%,0.0969,0.0003,-1.1426,3.5577,+3.97%,Call,09/01/26,"5,205.00",828.70s,0.00%,-0.9293,0.0003,0.1107,2.5335,-23.34%,Put,09/01/26
24.40s,27.36%,0.0961,0.0003,-1.1409,3.5360,+4.02%,Call,09/01/26,"5,210.00",833.40s,0.00%,-0.9304,0.0002,0.1168,2.5001,-23.34%,Put,09/01/26
24.50s,27.50%,0.0961,0.0003,-1.1442,3.5347,+4.16%,Call,09/01/26,"5,215.00",838.10s,0.00%,-0.9314,0.0002,0.1229,2.4670,-23.34%,Put,09/01/26
24.20s,27.52%,0.0950,0.0003,-1.1408,3.5064,+4.18%,Call,09/01/26,"5,220.00",842.80s,0.00%,-0.9324,0.0002,0.1289,2.4342,-23.34%,Put,09/01/26
23.70s,27.48%,0.0935,0.0003,-1.1340,3.4641,+4.14%,Call,09/01/26,"5,225.00",847.50s,0.00%,-0.9334,0.0002,0.1349,2.4017,-23.34%,Put,09/01/26
23.30s,27.47%,0.0922,0.0003,-1.1287,3.4285,+4.13%,Call,09/01/26,"5,230.00",852.30s,0.00%,-0.9344,0.0002,0.1408,2.3694,-23.34%,Put,09/01/26
23.00s,27.49%,0.0911,0.0003,-1.1251,3.3997,+4.15%,Call,09/01/26,"5,235.00",857.00s,0.00%,-0.9354,0.0002,0.1467,2.3375,-23.34%,Put,09/01/26
22.80s,27.53%,0.0903,0.0003,-1.1232,3.3779,+4.20%,Call,09/01/26,"5,240.00",861.70s,0.00%,-0.9363,0.0002,0.1525,2.3058,-23.34%,Put,09/01/26
22.50s,27.55%,0.0893,0.0003,-1.1195,3.3489,+4.21%,Call,09/01/26,"5,245.00",866.50s,0.00%,-0.9373,0.0002,0.1583,2.2745,-23.34%,Put,09/01/26
22.00s,27.50%,0.0877,0.0003,-1.1123,3.3053,+4.16%,Call,09/01/26,"5,250.00",871.20s,0.00%,-0.9382,0.0002,0.1640,2.2434,-23.34%,Put,09/01/26
22.10s,27.64%,0.0877,0.0003,-1.1155,3.3052,+4.30%,Call,09/01/26,"5,255.00",876.00s,0.00%,-0.9391,0.0002,0.1697,2.2126,-23.34%,Put,09/01/26
21.80s,27.65%,0.0867,0.0003,-1.1117,3.2760,+4.31%,Call,09/01/26,"5,260.00",880.70s,0.00%,-0.9400,0.0002,0.1754,2.1821,-23.34%,Put,09/01/26
21.60s,27.69%,0.0859,0.0003,-1.1096,3.2541,+4.35%,Call,09/01/26,"5,265.00",885.50s,0.00%,-0.9409,0.0002,0.1810,2.1519,-23.34%,Put,09/01/26
21.80s,27.86%,0.0862,0.0003,-1.1146,3.2615,+4.52%,Call,09/01/26,"5,270.00",890.30s,0.00%,-0.9418,0.0002,0.1865,2.1220,-23.34%,Put,09/01/26
21.20s,27.77%,0.0844,0.0003,-1.1053,3.2102,+4.43%,Call,09/01/26,"5,275.00",895.00s,0.00%,-0.9426,0.0002,0.1920,2.0924,-23.34%,Put,09/01/26
20.90s,27.78%,0.0833,0.0003,-1.1013,3.1807,+4.44%,Call,09/01/26,"5,280.00",899.80s,0.00%,-0.9435,0.0002,0.1975,2.0631,-23.34%,Put,09/01/26
20.70s,27.82%,0.0826,0.0003,-1.0991,3.1587,+4.48%,Call,09/01/26,"5,285.00",904.60s,0.00%,-0.9443,0.0002,0.2029,2.0340,-23.34%,Put,09/01/26
20.50s,27.86%,0.0818,0.0003,-1.0968,3.1367,+4.52%,Call,09/01/26,"5,290.00",909.30s,0.00%,-0.9452,0.0002,0.2082,2.0053,-23.34%,Put,09/01/26
20.30s,27.90%,0.0810,0.0003,-1.0945,3.1146,+4.56%,Call,09/01/26,"5,295.00",914.10s,0.00%,-0.9460,0.0002,0.2136,1.9769,-23.34%,Put,09/01/26
17.60,27.10%,0.0735,0.0002,-1.0450,2.8919,+3.76%,Call,"22:42 CT","5,300.00",918.90s,0.00%,-0.9468,0.0002,0.2188,1.9487,-23.34%,Put,09/01/26
20.00s,28.00%,0.0798,0.0003,-1.0917,3.0781,+4.66%,Call,09/01/26,"5,305.00",923.70s,0.00%,-0.9476,0.0002,0.2241,1.9208,-23.34%,Put,09/01/26
19.90s,28.07%,0.0793,0.0003,-1.0912,3.0637,+4.73%,Call,09/01/26,"5,310.00",928.40s,0.00%,-0.9483,0.0002,0.2292,1.8932,-23.34%,Put,09/01/26
19.50s,28.04%,0.0780,0.0002,-1.0850,3.0261,+4.70%,Call,09/01/26,"5,315.00",933.20s,0.00%,-0.9491,0.0002,0.2344,1.8659,-23.34%,Put,09/01/26
19.30s,28.07%,0.0772,0.0002,-1.0826,3.0039,+4.73%,Call,09/01/26,"5,320.00",938.00s,0.00%,-0.9498,0.0002,0.2395,1.8389,-23.34%,Put,09/01/26
19.10s,28.10%,0.0765,0.0002,-1.0801,2.9817,+4.76%,Call,09/01/26,"5,325.00",942.80s,0.00%,-0.9506,0.0002,0.2445,1.8122,-23.34%,Put,09/01/26
18.50s,28.00%,0.0747,0.0002,-1.0699,2.9274,+4.66%,Call,09/01/26,"5,330.00",947.60s,0.00%,-0.9513,0.0002,0.2495,1.7858,-23.34%,Put,09/01/26
17.90s,27.89%,0.0728,0.0002,-1.0596,2.8722,+4.55%,Call,09/01/26,"5,335.00",952.40s,0.00%,-0.9520,0.0002,0.2544,1.7596,-23.34%,Put,09/01/26
18.50s,28.19%,0.0743,0.0002,-1.0725,2.9148,+4.85%,Call,09/01/26,"5,340.00",957.20s,0.00%,-0.9527,0.0002,0.2593,1.7338,-23.34%,Put,09/01/26
18.40s,28.26%,0.0738,0.0002,-1.0718,2.9006,+4.92%,Call,09/01/26,"5,345.00",962.00s,0.00%,-0.9534,0.0002,0.2642,1.7082,-23.34%,Put,09/01/26
18.20s,28.29%,0.0730,0.0002,-1.0692,2.8782,+4.95%,Call,09/01/26,"5,350.00",966.80s,0.00%,-0.9541,0.0002,0.2690,1.6829,-23.34%,Put,09/01/26
18.00s,28.31%,0.0723,0.0002,-1.0665,2.8558,+4.97%,Call,09/01/26,"5,355.00",971.60s,0.00%,-0.9548,0.0002,0.2738,1.6579,-23.34%,Put,09/01/26
17.80s,28.34%,0.0716,0.0002,-1.0638,2.8334,+5.00%,Call,09/01/26,"5,360.00",976.50s,0.00%,-0.9555,0.0002,0.2785,1.6331,-23.34%,Put,09/01/26
17.40s,28.29%,0.0703,0.0002,-1.0571,2.7944,+4.96%,Call,09/01/26,"5,365.00",981.30s,0.00%,-0.9561,0.0002,0.2832,1.6087,-23.34%,Put,09/01/26
17.50s,28.43%,0.0703,0.0002,-1.0603,2.7968,+5.09%,Call,09/01/26,"5,370.00",986.10s,0.00%,-0.9568,0.0002,0.2878,1.5845,-23.34%,Put,09/01/26
17.30s,28.45%,0.0696,0.0002,-1.0575,2.7743,+5.11%,Call,09/01/26,"5,375.00",990.90s,0.00%,-0.9574,0.0002,0.2924,1.5606,-23.34%,Put,09/01/26
17.40s,28.58%,0.0697,0.0002,-1.0607,2.7768,+5.24%,Call,09/01/26,"5,380.00",995.70s,0.00%,-0.9580,0.0002,0.2969,1.5369,-23.34%,Put,09/01/26
17.30s,28.64%,0.0692,0.0002,-1.0599,2.7627,+5.30%,Call,09/01/26,"5,385.00","1,000.60s",0.00%,-0.9586,0.0001,0.3014,1.5136,-23.34%,Put,09/01/26
16.80s,28.56%,0.0677,0.0002,-1.0510,2.7150,+5.22%,Call,09/01/26,"5,390.00","1,005.40s",0.00%,-0.9592,0.0001,0.3059,1.4905,-23.34%,Put,09/01/26
19.00s,29.44%,0.0734,0.0002,-1.0959,2.8880,+6.10%,Call,09/01/26,"5,395.00","1,010.20s",0.00%,-0.9598,0.0001,0.3103,1.4677,-23.34%,Put,09/01/26
17.30s,28.93%,0.0687,0.0002,-1.0634,2.7456,+5.59%,Call,09/01/26,"5,400.00","1,015.00s",0.00%,-0.9604,0.0001,0.3146,1.4451,-23.34%,Put,09/01/26
16.60s,28.77%,0.0666,0.0002,-1.0504,2.6813,+5.43%,Call,09/01/26,"5,405.00","1,019.90s",0.00%,-0.9610,0.0001,0.3189,1.4229,-23.34%,Put,09/01/26
16.20s,28.71%,0.0653,0.0002,-1.0433,2.6415,+5.37%,Call,09/01/26,"5,410.00","1,024.70s",0.00%,-0.9615,0.0001,0.3232,1.4009,-23.34%,Put,09/01/26
16.00s,28.73%,0.0646,0.0002,-1.0403,2.6188,+5.39%,Call,09/01/26,"5,415.00","1,029.50s",0.00%,-0.9621,0.0001,0.3274,1.3791,-23.34%,Put,09/01/26
15.90s,28.78%,0.0642,0.0002,-1.0393,2.6047,+5.44%,Call,09/01/26,"5,420.00","1,034.40s",0.00%,-0.9626,0.0001,0.3316,1.3576,-23.34%,Put,09/01/26
15.70s,28.80%,0.0634,0.0002,-1.0362,2.5819,+5.46%,Call,09/01/26,"5,425.00","1,039.20s",0.00%,-0.9632,0.0001,0.3358,1.3364,-23.34%,Put,09/01/26
15.60s,28.85%,0.0630,0.0002,-1.0352,2.5679,+5.51%,Call,09/01/26,"5,430.00","1,044.10s",0.00%,-0.9637,0.0001,0.3399,1.3155,-23.34%,Put,09/01/26
15.40s,28.87%,0.0623,0.0002,-1.0321,2.5450,+5.53%,Call,09/01/26,"5,435.00","1,048.90s",0.00%,-0.9642,0.0001,0.3439,1.2948,-23.34%,Put,09/01/26
15.30s,28.92%,0.0618,0.0002,-1.0311,2.5310,+5.58%,Call,09/01/26,"5,440.00","1,053.80s",0.00%,-0.9647,0.0001,0.3480,1.2743,-23.34%,Put,09/01/26
15.40s,29.05%,0.0619,0.0002,-1.0343,2.5347,+5.71%,Call,09/01/26,"5,445.00","1,058.60s",0.00%,-0.9652,0.0001,0.3519,1.2541,-23.34%,Put,09/01/26
15.10s,29.03%,0.0610,0.0002,-1.0289,2.5030,+5.69%,Call,09/01/26,"5,450.00","1,063.50s",0.00%,-0.9657,0.0001,0.3559,1.2342,-23.34%,Put,09/01/26
14.90s,29.04%,0.0602,0.0002,-1.0257,2.4800,+5.70%,Call,09/01/26,"5,455.00","1,068.30s",0.00%,-0.9662,0.0001,0.3598,1.2145,-23.34%,Put,09/01/26
14.70s,29.05%,0.0595,0.0002,-1.0225,2.4570,+5.71%,Call,09/01/26,"5,460.00","1,073.20s",0.00%,-0.9667,0.0001,0.3636,1.1951,-23.34%,Put,09/01/26
14.60s,29.10%,0.0591,0.0002,-1.0213,2.4430,+5.76%,Call,09/01/26,"5,465.00","1,078.00s",0.00%,-0.9672,0.0001,0.3674,1.1759,-23.34%,Put,09/01/26
16.80s,30.06%,0.0649,0.0002,-1.0692,2.6291,+6.72%,Call,09/01/26,"5,470.00","1,082.90s",0.00%,-0.9676,0.0001,0.3712,1.1570,-23.34%,Put,09/01/26
14.30s,29.16%,0.0580,0.0002,-1.0168,2.4060,+5.82%,Call,09/01/26,"5,475.00","1,087.70s",0.00%,-0.9681,0.0001,0.3749,1.1383,-23.34%,Put,09/01/26
14.40s,29.29%,0.0581,0.0002,-1.0201,2.4103,+5.95%,Call,09/01/26,"5,480.00","1,092.60s",0.00%,-0.9685,0.0001,0.3786,1.1199,-23.34%,Put,09/01/26
14.10s,29.25%,0.0571,0.0002,-1.0145,2.3780,+5.91%,Call,09/01/26,"5,485.00","1,097.50s",0.00%,-0.9689,0.0001,0.3823,1.1017,-23.34%,Put,09/01/26
13.90s,29.26%,0.0564,0.0002,-1.0111,2.3548,+5.92%,Call,09/01/26,"5,490.00","1,102.30s",0.00%,-0.9694,0.0001,0.3859,1.0837,-23.34%,Put,09/01/26
13.80s,29.30%,0.0560,0.0002,-1.0098,2.3409,+5.97%,Call,09/01/26,"5,495.00","1,107.20s",0.00%,-0.9698,0.0001,0.3895,1.0660,-23.34%,Put,09/01/26
13.50,29.26%,0.0550,0.0002,-1.0041,2.3081,+5.93%,Call,"01:46 CT","5,500.00","1,112.10s",0.00%,-0.9702,0.0001,0.3930,1.0485,-23.34%,Put,09/01/26
13.30s,29.27%,0.0543,0.0002,-1.0006,2.2847,+5.93%,Call,09/01/26,"5,505.00","1,116.90s",0.00%,-0.9706,0.0001,0.3965,1.0312,-23.34%,Put,09/01/26
13.70s,29.53%,0.0553,0.0002,-1.0106,2.3179,+6.19%,Call,09/01/26,"5,510.00","1,121.80s",0.00%,-0.9710,0.0001,0.3999,1.0142,-23.34%,Put,09/01/26
13.30s,29.44%,0.0540,0.0002,-1.0025,2.2757,+6.11%,Call,09/01/26,"5,515.00","1,126.70s",0.00%,-0.9714,0.0001,0.4034,0.9974,-23.34%,Put,09/01/26
13.20s,29.49%,0.0536,0.0002,-1.0012,2.2618,+6.15%,Call,09/01/26,"5,520.00","1,131.50s",0.00%,-0.9718,0.0001,0.4067,0.9808,-23.34%,Put,09/01/26
13.10s,29.53%,0.0532,0.0002,-0.9999,2.2479,+6.19%,Call,09/01/26,"5,525.00","1,136.40s",0.00%,-0.9722,0.0001,0.4101,0.9645,-23.34%,Put,09/01/26
13.00s,29.58%,0.0528,0.0002,-0.9986,2.2340,+6.24%,Call,09/01/26,"5,530.00","1,141.30s",0.00%,-0.9726,0.0001,0.4134,0.9484,-23.34%,Put,09/01/26
12.90s,29.62%,0.0523,0.0002,-0.9973,2.2201,+6.28%,Call,09/01/26,"5,535.00","1,146.20s",0.00%,-0.9729,0.0001,0.4167,0.9325,-23.34%,Put,09/01/26
12.80s,29.66%,0.0519,0.0002,-0.9959,2.2062,+6.32%,Call,09/01/26,"5,540.00","1,151.10s",0.00%,-0.9733,0.0001,0.4199,0.9168,-23.34%,Put,09/01/26
12.60s,29.66%,0.0512,0.0002,-0.9922,2.1826,+6.32%,Call,09/01/26,"5,545.00","1,155.90s",0.00%,-0.9736,0.0001,0.4231,0.9013,-23.34%,Put,09/01/26
12.50s,29.70%,0.0508,0.0002,-0.9908,2.1687,+6.36%,Call,09/01/26,"5,550.00","1,160.80s",0.00%,-0.9740,0.0001,0.4262,0.8861,-23.34%,Put,09/01/26
12.40s,29.74%,0.0504,0.0002,-0.9894,2.1548,+6.40%,Call,09/01/26,"5,555.00","1,165.70s",0.00%,-0.9743,0.0001,0.4294,0.8711,-23.34%,Put,09/01/26
12.30s,29.78%,0.0500,0.0002,-0.9880,2.1409,+6.44%,Call,09/01/26,"5,560.00","1,170.60s",0.00%,-0.9747,0.0001,0.4325,0.8563,-23.34%,Put,09/01/26
12.20s,29.82%,0.0496,0.0002,-0.9865,2.1270,+6.48%,Call,09/01/26,"5,565.00","1,175.50s",0.00%,-0.9750,0.0001,0.4355,0.8417,-23.34%,Put,09/01/26
12.10s,29.86%,0.0492,0.0002,-0.9851,2.1131,+6.52%,Call,09/01/26,"5,570.00","1,180.40s",0.00%,-0.9753,0.0001,0.4385,0.8273,-23.34%,Put,09/01/26
12.00s,29.89%,0.0488,0.0002,-0.9836,2.0993,+6.56%,Call,09/01/26,"5,575.00","1,185.30s",0.00%,-0.9756,0.0001,0.4415,0.8131,-23.34%,Put,09/01/26
11.10s,29.54%,0.0460,0.0002,-0.9627,2.0041,+6.20%,Call,09/01/26,"5,580.00","1,190.20s",0.00%,-0.9760,0.0001,0.4445,0.7991,-23.34%,Put,09/01/26
11.80s,29.97%,0.0480,0.0002,-0.9806,2.0715,+6.63%,Call,09/01/26,"5,585.00","1,195.10s",0.00%,-0.9763,0.0001,0.4474,0.7853,-23.34%,Put,09/01/26
11.80s,30.06%,0.0479,0.0002,-0.9815,2.0676,+6.72%,Call,09/01/26,"5,590.00","1,200.00s",0.00%,-0.9766,0.0001,0.4503,0.7717,-23.34%,Put,09/01/26
11.70s,30.09%,0.0475,0.0002,-0.9800,2.0538,+6.75%,Call,09/01/26,"5,595.00","1,204.90s",0.00%,-0.9769,0.0001,0.4531,0.7583,-23.34%,Put,09/01/26
12.50s,30.56%,0.0496,0.0002,-1.0001,2.1285,+7.22%,Call,09/01/26,"5,600.00","1,209.80s",0.00%,-0.9771,0.0001,0.4559,0.7451,-23.34%,Put,09/01/26
11.50s,30.16%,0.0467,0.0002,-0.9770,2.0261,+6.82%,Call,09/01/26,"5,605.00","1,214.70s",0.00%,-0.9774,0.0001,0.4587,0.7321,-23.34%,Put,09/01/26
11.40s,30.20%,0.0463,0.0002,-0.9754,2.0123,+6.86%,Call,09/01/26,"5,610.00","1,219.60s",0.00%,-0.9777,0.0001,0.4615,0.7193,-23.34%,Put,09/01/26
11.30s,30.23%,0.0459,0.0002,-0.9738,1.9984,+6.89%,Call,09/01/26,"5,615.00","1,224.50s",0.00%,-0.9780,0.0001,0.4642,0.7067,-23.34%,Put,09/01/26
11.20s,30.27%,0.0455,0.0002,-0.9723,1.9846,+6.93%,Call,09/01/26,"5,620.00","1,229.40s",0.00%,-0.9783,0.0001,0.4669,0.6943,-23.34%,Put,09/01/26
10.80s,30.15%,0.0442,0.0001,-0.9632,1.9398,+6.81%,Call,09/01/26,"5,625.00","1,234.40s",0.00%,-0.9785,0.0001,0.4695,0.6820,-23.34%,Put,09/01/26
11.10s,30.38%,0.0450,0.0001,-0.9715,1.9671,+7.04%,Call,09/01/26,"5,630.00","1,239.30s",0.00%,-0.9788,0.0001,0.4722,0.6700,-23.34%,Put,09/01/26
11.20s,30.52%,0.0452,0.0001,-0.9749,1.9737,+7.18%,Call,09/01/26,"5,635.00","1,244.20s",0.00%,-0.9790,0.0001,0.4748,0.6581,-23.34%,Put,09/01/26
10.90s,30.45%,0.0442,0.0001,-0.9683,1.9395,+7.11%,Call,09/01/26,"5,640.00","1,249.10s",0.00%,-0.9793,0.0001,0.4773,0.6464,-23.34%,Put,09/01/26
10.80s,30.48%,0.0438,0.0001,-0.9666,1.9257,+7.14%,Call,09/01/26,"5,645.00","1,254.00s",0.00%,-0.9795,0.0001,0.4799,0.6349,-23.34%,Put,09/01/26
10.10s,30.19%,0.0417,0.0001,-0.9497,1.8486,+6.85%,Call,09/01/26,"5,650.00","1,258.90s",0.00%,-0.9798,0.0001,0.4824,0.6236,-23.34%,Put,09/01/26
10.90s,30.70%,0.0439,0.0001,-0.9709,1.9290,+7.36%,Call,09/01/26,"5,655.00","1,263.80s",0.00%,-0.9800,0.0001,0.4849,0.6124,-23.34%,Put,09/01/26
11.00s,30.83%,0.0441,0.0001,-0.9742,1.9358,+7.49%,Call,09/01/26,"5,660.00","1,268.80s",0.00%,-0.9802,0.0001,0.4873,0.6014,-23.34%,Put,09/01/26
10.50s,30.65%,0.0426,0.0001,-0.9624,1.8808,+7.31%,Call,09/01/26,"5,665.00","1,273.70s",0.00%,-0.9805,0.0001,0.4897,0.5906,-23.34%,Put,09/01/26
10.40s,30.68%,0.0422,0.0001,-0.9607,1.8669,+7.34%,Call,09/01/26,"5,670.00","1,278.60s",0.00%,-0.9807,0.0001,0.4921,0.5799,-23.34%,Put,09/01/26
10.30s,30.71%,0.0418,0.0001,-0.9590,1.8531,+7.37%,Call,09/01/26,"5,675.00","1,283.50s",0.00%,-0.9809,0.0001,0.4945,0.5694,-23.34%,Put,09/01/26
10.20s,30.74%,0.0414,0.0001,-0.9573,1.8393,+7.40%,Call,09/01/26,"5,680.00","1,288.40s",0.00%,-0.9811,0.0001,0.4968,0.5591,-23.34%,Put,09/01/26
10.10s,30.76%,0.0410,0.0001,-0.9555,1.8254,+7.42%,Call,09/01/26,"5,685.00","1,293.30s",0.00%,-0.9813,0.0001,0.4991,0.5489,-23.34%,Put,09/01/26
10.50s,31.06%,0.0421,0.0001,-0.9667,1.8642,+7.72%,Call,09/01/26,"5,690.00","1,298.30s",0.00%,-0.9815,0.0001,0.5014,0.5389,-23.34%,Put,09/01/26
10.20s,30.98%,0.0411,0.0001,-0.9598,1.8295,+7.64%,Call,09/01/26,"5,695.00","1,303.20s",0.00%,-0.9817,0.0001,0.5037,0.5291,-23.34%,Put,09/01/26
10.20s,31.06%,0.0410,0.0001,-0.9606,1.8263,+7.72%,Call,09/01/26,"5,700.00","1,308.10s",0.00%,-0.9819,0.0001,0.5059,0.5194,-23.34%,Put,09/01/26
9.80s,30.92%,0.0398,0.0001,-0.9510,1.7807,+7.58%,Call,09/01/26,"5,705.00","1,313.00s",0.00%,-0.9821,0.0001,0.5081,0.5098,-23.34%,Put,09/01/26
9.80s,31.00%,0.0397,0.0001,-0.9518,1.7776,+7.66%,Call,09/01/26,"5,710.00","1,317.90s",0.00%,-0.9823,0.0000,0.5103,0.5004,-23.34%,Put,09/01/26
9.60s,31.05%,0.0389,0.0001,-0.9481,1.7499,+7.71%,Call,09/01/26,"5,720.00","1,327.80s",0.00%,-0.9827,0.0000,0.5145,0.4821,-23.34%,Put,09/01/26
9.80s,31.24%,0.0394,0.0001,-0.9542,1.7683,+7.90%,Call,09/01/26,"5,725.00","1,332.70s",0.00%,-0.9829,0.0000,0.5166,0.4732,-23.34%,Put,09/01/26
10.00s,31.43%,0.0399,0.0001,-0.9603,1.7865,+8.09%,Call,09/01/26,"5,730.00","1,337.70s",0.00%,-0.9830,0.0000,0.5187,0.4644,-23.34%,Put,09/01/26
9.70s,31.42%,0.0389,0.0001,-0.9540,1.7486,+8.08%,Call,09/01/26,"5,740.00","1,347.50s",0.00%,-0.9834,0.0000,0.5228,0.4472,-23.34%,Put,09/01/26
9.20s,31.29%,0.0373,0.0001,-0.9422,1.6885,+7.95%,Call,09/01/26,"5,750.00","1,357.40s",0.00%,-0.9837,0.0000,0.5268,0.4306,-23.34%,Put,09/01/26
9.80s,31.80%,0.0389,0.0001,-0.9599,1.7473,+8.46%,Call,09/01/26,"5,760.00","1,367.30s",0.00%,-0.9840,0.0000,0.5307,0.4145,-23.34%,Put,09/01/26
9.00s,31.49%,0.0364,0.0001,-0.9399,1.6552,+8.15%,Call,09/01/26,"5,770.00","1,377.10s",0.00%,-0.9843,0.0000,0.5345,0.3990,-23.34%,Put,09/01/26
8.90s,31.50%,0.0360,0.0001,-0.9380,1.6413,+8.16%,Call,09/01/26,"5,775.00","1,382.10s",0.00%,-0.9845,0.0000,0.5363,0.3914,-23.34%,Put,09/01/26
8.90s,31.58%,0.0359,0.0001,-0.9387,1.6385,+8.24%,Call,09/01/26,"5,780.00","1,387.00s",0.00%,-0.9846,0.0000,0.5382,0.3840,-23.34%,Put,09/01/26
8.80s,31.68%,0.0355,0.0001,-0.9375,1.6220,+8.34%,Call,09/01/26,"5,790.00","1,396.90s",0.00%,-0.9849,0.0000,0.5418,0.3694,-23.34%,Put,09/01/26
8.70s,31.77%,0.0350,0.0001,-0.9363,1.6055,+8.43%,Call,09/01/26,"5,800.00","1,406.80s",0.00%,-0.9852,0.0000,0.5453,0.3554,-23.34%,Put,09/01/26
8.60s,31.86%,0.0346,0.0001,-0.9350,1.5890,+8.52%,Call,09/01/26,"5,810.00","1,416.70s",0.00%,-0.9854,0.0000,0.5488,0.3419,-23.34%,Put,09/01/26
8.40s,31.96%,0.0338,0.0001,-0.9317,1.5588,+8.63%,Call,09/01/26,"5,825.00","1,431.60s",0.00%,-0.9858,0.0000,0.5538,0.3224,-23.34%,Put,09/01/26
8.20s,32.22%,0.0329,0.0001,-0.9298,1.5236,+8.88%,Call,09/01/26,"5,850.00","1,456.30s",0.00%,-0.9864,0.0000,0.5619,0.2921,-23.34%,Put,09/01/26
7.90s,32.39%,0.0317,0.0001,-0.9248,1.4773,+9.05%,Call,09/01/26,"5,875.00","1,481.10s",0.00%,-0.9869,0.0000,0.5695,0.2644,-23.34%,Put,09/01/26
7.70s,32.63%,0.0308,0.0001,-0.9226,1.4427,+9.29%,Call,09/01/26,"5,900.00","1,505.80s",0.00%,-0.9874,0.0000,0.5766,0.2391,-23.34%,Put,09/01/26
7.40s,32.79%,0.0296,0.0001,-0.9174,1.3967,+9.45%,Call,09/01/26,"5,925.00","1,530.60s",0.00%,-0.9878,0.0000,0.5834,0.2159,-23.34%,Put,09/01/26
7.20s,33.01%,0.0287,0.0001,-0.9149,1.3625,+9.67%,Call,09/01/26,"5,950.00","1,555.40s",0.00%,-0.9881,0.0000,0.5898,0.1948,-23.34%,Put,09/01/26
7.00s,33.22%,0.0279,0.0001,-0.9124,1.3286,+9.88%,Call,09/01/26,"5,975.00","1,580.20s",0.00%,-0.9885,0.0000,0.5959,0.1756,-23.34%,Put,09/01/26
6.50s,33.19%,0.0261,0.0001,-0.9004,1.2585,+9.85%,Call,09/01/26,"6,000.00","1,605.00s",0.00%,-0.9888,0.0000,0.6017,0.1582,-23.34%,Put,09/01/26
6.50s,33.55%,0.0259,0.0001,-0.9038,1.2492,+10.21%,Call,09/01/26,"6,025.00","1,629.90s",0.00%,-0.9891,0.0000,0.6072,0.1423,-23.34%,Put,09/01/26
6.40s,33.82%,0.0254,0.0001,-0.9040,1.2279,+10.48%,Call,09/01/26,"6,050.00","1,654.70s",0.00%,-0.9893,0.0000,0.6125,0.1279,-23.34%,Put,09/01/26
5.80s,34.00%,0.0231,0.0001,-0.8913,1.1366,+10.66%,Call,09/01/26,"6,100.00","1,704.50s",0.00%,-0.9897,0.0000,0.6223,0.1031,-23.34%,Put,09/01/26
5.70s,34.59%,0.0224,0.0001,-0.8946,1.1082,+11.26%,Call,09/01/26,"6,150.00","1,754.20s",0.00%,-0.9900,0.0000,0.6313,0.0827,-23.34%,Put,09/01/26
5.40s,34.99%,0.0212,0.0001,-0.8910,1.0555,+11.65%,Call,09/01/26,"6,200.00","1,804.10s",0.00%,-0.9903,0.0000,0.6396,0.0662,-23.34%,Put,09/01/26
4.70,34.95%,0.0187,0.0001,-0.8731,0.9509,+11.61%,Call,"21:23 CT","6,250.00","1,853.90s",0.00%,-0.9905,0.0000,0.6473,0.0528,-23.34%,Put,09/01/26
4.90s,35.80%,0.0190,0.0001,-0.8864,0.9646,+12.46%,Call,09/01/26,"6,300.00","1,903.80s",0.00%,-0.9907,0.0000,0.6546,0.0419,-23.34%,Put,09/01/26
4.60s,36.75%,0.0176,0.0001,-0.8881,0.9021,+13.41%,Call,09/01/26,"6,400.00","2,003.60s",0.00%,-0.9909,0.0000,0.6681,0.0262,-23.34%,Put,09/01/26
3.70s,36.89%,0.0144,0.0000,-0.8665,0.7608,+13.55%,Call,09/01/26,"6,500.00","2,103.60s",0.00%,-0.9910,0.0000,0.6805,0.0162,-23.34%,Put,09/01/26
3.40s,39.38%,0.0127,0.0000,-0.8840,0.6790,+16.04%,Call,09/01/26,"6,750.00","2,353.60s",0.00%,-0.9912,0.0000,0.7090,0.0046,-23.34%,Put,09/01/26
3.30s,39.51%,0.0123,0.0000,-0.8828,0.6617,+16.17%,Call,09/01/26,"6,775.00","2,378.60s",0.00%,-0.9912,0.0000,0.7118,0.0041,-23.34%,Put,09/01/26
3.30s,39.79%,0.0122,0.0000,-0.8857,0.6583,+16.45%,Call,09/01/26,"6,800.00","2,403.60s",0.00%,-0.9912,0.0000,0.7145,0.0036,-23.34%,Put,09/01/26
3.10s,40.57%,0.0113,0.0000,-0.8889,0.6177,+17.24%,Call,09/01/26,"6,900.00","2,503.60s",0.00%,-0.9912,0.0000,0.7253,0.0021,-23.34%,Put,09/01/26
2.60s,40.78%,0.0096,0.0000,-0.8789,0.5356,+17.44%,Call,09/01/26,"7,000.00","2,603.60s",0.00%,-0.9912,0.0000,0.7360,0.0012,-23.34%,Put,09/01/26
2.70s,42.00%,0.0097,0.0000,-0.8946,0.5398,+18.67%,Call,09/01/26,"7,100.00","2,703.60s",0.00%,-0.9912,0.0000,0.7466,0.0007,-23.34%,Put,09/01/26
2.70s,42.26%,0.0097,0.0000,-0.8974,0.5374,+18.92%,Call,09/01/26,"7,125.00","2,728.60s",0.00%,-0.9912,0.0000,0.7493,0.0006,-23.34%,Put,09/01/26
2.70s,42.31%,0.0097,0.0000,-0.8979,0.5369,+18.98%,Call,09/01/26,"7,130.00","2,733.60s",0.00%,-0.9912,0.0000,0.7498,0.0006,-23.34%,Put,09/01/26
2.60s,42.33%,0.0093,0.0000,-0.8958,0.5209,+18.99%,Call,09/01/26,"7,150.00","2,753.60s",0.00%,-0.9912,0.0000,0.7519,0.0005,-23.34%,Put,09/01/26
2.60s,42.58%,0.0093,0.0000,-0.8986,0.5185,+19.25%,Call,09/01/26,"7,175.00","2,778.60s",0.00%,-0.9912,0.0000,0.7546,0.0005,-23.34%,Put,09/01/26
2.60s,42.68%,0.0092,0.0000,-0.9013,0.5179,+19.07%,Call,09/01/26,"7,200.00","2,803.60s",0.00%,-0.9912,0.0000,0.7572,0.0004,-23.34%,Put,09/01/26
2.50s,43.14%,0.0089,0.0000,-0.9025,0.4977,+19.81%,Call,09/01/26,"7,250.00","2,853.60s",0.00%,-0.9912,0.0000,0.7625,0.0003,-23.34%,Put,09/01/26
2.20s,44.94%,0.0076,0.0000,-0.9165,0.4358,+21.60%,Call,09/01/26,"7,500.00","3,103.60s",0.00%,-0.9912,0.0000,0.7888,0.0001,-23.34%,Put,09/01/26
1.90s,48.71%,0.0062,0.0000,-0.9569,0.3643,+25.37%,Call,09/01/26,"8,000.00","3,603.60s",0.00%,-0.9912,0.0000,0.8414,0.0000,-23.34%,Put,09/01/26
1.60s,48.89%,0.0053,0.0000,-0.9553,0.3159,+25.55%,Call,09/01/26,"8,125.00","3,728.60s",0.00%,-0.9912,0.0000,0.8546,0.0000,-23.34%,Put,09/01/26
1.40s,51.24%,0.0045,0.0000,-0.9853,0.2732,+27.91%,Call,09/01/26,"8,500.00","4,103.60s",44.62%,-0.9900,0.0000,0.8679,0.0832,+21.28%,Put,09/01/26
1.40s,52.25%,0.0044,0.0000,-0.9993,0.2691,+28.92%,Call,09/01/26,"8,630.00","4,233.60s",52.39%,-0.9867,0.0000,0.8098,0.2745,+29.05%,Put,09/01/26
1.30s,52.41%,0.0041,0.0000,-1.0013,0.2526,+29.07%,Call,09/01/26,"8,700.00","4,303.60s",54.90%,-0.9852,0.0000,0.7837,0.3542,+31.56%,Put,09/01/26
1.30s,52.59%,0.0041,0.0000,-1.0040,0.2520,+29.26%,Call,09/01/26,"8,725.00","4,328.60s",55.69%,-0.9847,0.0000,0.7749,0.3805,+32.35%,Put,09/01/26
1.30s,52.78%,0.0041,0.0000,-1.0067,0.2513,+29.44%,Call,09/01/26,"8,750.00","4,353.60s",56.44%,-0.9842,0.0000,0.7663,0.4058,+33.11%,Put,09/01/26
1.30s,52.97%,0.0041,0.0000,-1.0094,0.2506,+29.63%,Call,09/01/26,"8,775.00","4,378.60s",57.17%,-0.9837,0.0000,0.7578,0.4303,+33.83%,Put,09/01/26
1.20s,54.21%,0.0037,0.0000,-1.0279,0.2304,+30.87%,Call,09/01/26,"9,000.00","4,603.60s",62.74%,-0.9798,0.0000,0.6881,0.6216,+39.40%,Put,09/01/26
1.20s,55.99%,0.0036,0.0000,-1.0547,0.2248,+32.65%,Call,09/01/26,"9,250.00","4,853.60s",67.86%,-0.9761,0.0000,0.6191,0.7938,+44.52%,Put,09/01/26
1.20s,57.72%,0.0035,0.0000,-1.0814,0.2196,+34.38%,Call,09/01/26,"9,500.00","5,103.60s",72.40%,-0.9728,0.0000,0.5553,0.9394,+49.06%,Put,09/01/26
1.10s,57.92%,0.0032,0.0000,-1.0864,0.2037,+34.58%,Call,09/01/26,"9,600.00","5,203.60s",74.11%,-0.9715,0.0000,0.5309,0.9921,+50.77%,Put,09/01/26
1.00s,58.39%,0.0029,0.0000,-1.0965,0.1870,+35.05%,Call,09/01/26,"9,750.00","5,353.60s",76.57%,-0.9698,0.0000,0.4953,1.0664,+53.24%,Put,09/01/26
0.90s,58.79%,0.0027,0.0000,-1.1064,0.1703,+35.45%,Call,09/01/26,"9,900.00","5,503.60s",78.95%,-0.9681,0.0000,0.4605,1.1358,+55.61%,Put,09/01/26
0.80s,58.80%,0.0024,0.0000,-1.1109,0.1543,+35.46%,Call,09/01/26,"10,000.00","5,603.60s",80.49%,-0.9671,0.0000,0.4378,1.1796,+57.15%,Put,09/01/26
"Downloaded from Barchart.com as of 09-02-2026 04:51am CDT"
