Latest,IV,Delta,Gamma,Theta,Vega,"IV Skew",Type,Time,Strike,Latest,IV,Delta,Gamma,Theta,Vega,"IV Skew",Type,Time
"2,971.20s",0.00%,0.9935,0.0000,0.0000,0.0000,-24.05%,Call,09/25/26,"1,350.00",0.10s,87.07%,-0.0003,0.0000,-0.0111,0.0156,+63.02%,Put,09/25/26
"2,946.20s",0.00%,0.9935,0.0000,0.0000,0.0000,-24.05%,Call,09/25/26,"1,375.00",0.10s,85.70%,-0.0003,0.0000,-0.0111,0.0158,+61.66%,Put,09/25/26
"2,921.20s",0.00%,0.9935,0.0000,0.0000,0.0000,-24.05%,Call,09/25/26,"1,400.00",0.10s,84.37%,-0.0003,0.0000,-0.0110,0.0161,+60.32%,Put,09/25/26
"2,896.20s",0.00%,0.9935,0.0000,0.0000,0.0000,-24.05%,Call,09/25/26,"1,425.00",0.10s,83.05%,-0.0003,0.0000,-0.0110,0.0163,+59.01%,Put,09/25/26
"2,871.20s",0.00%,0.9935,0.0000,0.0000,0.0000,-24.05%,Call,09/25/26,"1,450.00",0.10s,81.76%,-0.0003,0.0000,-0.0110,0.0165,+57.72%,Put,09/25/26
"2,846.20s",0.00%,0.9935,0.0000,0.0000,0.0000,-24.05%,Call,09/25/26,"1,475.00",0.10s,80.49%,-0.0003,0.0000,-0.0110,0.0168,+56.45%,Put,09/25/26
"2,821.20s",0.00%,0.9935,0.0000,0.0000,0.0000,-24.05%,Call,09/25/26,"1,500.00",0.10s,79.25%,-0.0003,0.0000,-0.0110,0.0170,+55.20%,Put,09/25/26
"2,796.20s",0.00%,0.9935,0.0000,0.0000,0.0000,-24.05%,Call,09/25/26,"1,525.00",0.10s,78.02%,-0.0003,0.0000,-0.0109,0.0173,+53.98%,Put,09/25/26
"2,791.20s",0.00%,0.9935,0.0000,0.0000,0.0000,-24.05%,Call,09/25/26,"1,530.00",0.10s,77.78%,-0.0003,0.0000,-0.0109,0.0173,+53.73%,Put,09/25/26
"2,781.20s",0.00%,0.9935,0.0000,0.0000,0.0000,-24.05%,Call,09/25/26,"1,540.00",0.10s,77.30%,-0.0003,0.0000,-0.0109,0.0174,+53.25%,Put,09/25/26
"2,771.20s",0.00%,0.9935,0.0000,0.0000,0.0000,-24.05%,Call,09/25/26,"1,550.00",0.10s,76.82%,-0.0003,0.0000,-0.0109,0.0175,+52.77%,Put,09/25/26
"2,761.20s",0.00%,0.9935,0.0000,0.0000,0.0000,-24.05%,Call,09/25/26,"1,560.00",0.10s,76.34%,-0.0003,0.0000,-0.0109,0.0176,+52.29%,Put,09/25/26
"2,751.20s",0.00%,0.9935,0.0000,0.0000,0.0000,-24.05%,Call,09/25/26,"1,570.00",0.10s,75.87%,-0.0003,0.0000,-0.0109,0.0177,+51.82%,Put,09/25/26
"2,746.20s",0.00%,0.9935,0.0000,0.0000,0.0000,-24.05%,Call,09/25/26,"1,575.00",0.10s,75.63%,-0.0003,0.0000,-0.0109,0.0178,+51.58%,Put,09/25/26
"2,741.20s",0.00%,0.9935,0.0000,0.0000,0.0000,-24.05%,Call,09/25/26,"1,580.00",0.10s,75.40%,-0.0003,0.0000,-0.0109,0.0179,+51.35%,Put,09/25/26
"2,731.20s",0.00%,0.9935,0.0000,0.0000,0.0000,-24.05%,Call,09/25/26,"1,590.00",0.10s,74.93%,-0.0003,0.0000,-0.0109,0.0180,+50.88%,Put,09/25/26
"2,721.20s",0.00%,0.9935,0.0000,0.0000,0.0000,-24.05%,Call,09/25/26,"1,600.00",0.10s,74.46%,-0.0003,0.0000,-0.0109,0.0181,+50.42%,Put,09/25/26
"2,711.20s",0.00%,0.9935,0.0000,0.0000,0.0000,-24.05%,Call,09/25/26,"1,610.00",0.10s,74.00%,-0.0003,0.0000,-0.0109,0.0182,+49.96%,Put,09/25/26
"2,701.20s",0.00%,0.9935,0.0000,0.0000,0.0000,-24.05%,Call,09/25/26,"1,620.00",0.10s,73.54%,-0.0003,0.0000,-0.0108,0.0183,+49.50%,Put,09/25/26
"2,696.20s",0.00%,0.9935,0.0000,0.0000,0.0000,-24.05%,Call,09/25/26,"1,625.00",0.10s,73.31%,-0.0003,0.0000,-0.0108,0.0183,+49.27%,Put,09/25/26
"2,691.20s",0.00%,0.9935,0.0000,0.0000,0.0000,-24.05%,Call,09/25/26,"1,630.00",0.10s,73.09%,-0.0003,0.0000,-0.0108,0.0184,+49.04%,Put,09/25/26
"2,686.20s",0.00%,0.9935,0.0000,0.0000,0.0000,-24.05%,Call,09/25/26,"1,635.00",0.10s,72.86%,-0.0003,0.0000,-0.0108,0.0184,+48.81%,Put,09/25/26
"2,681.20s",0.00%,0.9935,0.0000,0.0000,0.0000,-24.05%,Call,09/25/26,"1,640.00",0.10s,72.63%,-0.0003,0.0000,-0.0108,0.0185,+48.59%,Put,09/25/26
"2,676.20s",0.00%,0.9935,0.0000,0.0000,0.0000,-24.05%,Call,09/25/26,"1,645.00",0.10s,72.41%,-0.0003,0.0000,-0.0108,0.0185,+48.36%,Put,09/25/26
"2,671.20s",0.00%,0.9935,0.0000,0.0000,0.0000,-24.05%,Call,09/25/26,"1,650.00",0.10s,72.18%,-0.0003,0.0000,-0.0108,0.0186,+48.14%,Put,09/25/26
"2,666.20s",0.00%,0.9935,0.0000,0.0000,0.0000,-24.05%,Call,09/25/26,"1,655.00",0.10s,71.96%,-0.0003,0.0000,-0.0108,0.0187,+47.91%,Put,09/25/26
"2,661.20s",0.00%,0.9935,0.0000,0.0000,0.0000,-24.05%,Call,09/25/26,"1,660.00",0.10s,71.73%,-0.0003,0.0000,-0.0108,0.0187,+47.69%,Put,09/25/26
"2,656.20s",0.00%,0.9935,0.0000,0.0000,0.0000,-24.05%,Call,09/25/26,"1,665.00",0.10s,71.51%,-0.0003,0.0000,-0.0108,0.0188,+47.47%,Put,09/25/26
"2,651.20s",0.00%,0.9935,0.0000,0.0000,0.0000,-24.05%,Call,09/25/26,"1,670.00",0.10s,71.29%,-0.0003,0.0000,-0.0108,0.0188,+47.24%,Put,09/25/26
"2,646.20s",0.00%,0.9935,0.0000,0.0000,0.0000,-24.05%,Call,09/25/26,"1,675.00",0.10s,71.07%,-0.0003,0.0000,-0.0108,0.0189,+47.02%,Put,09/25/26
"2,641.20s",0.00%,0.9935,0.0000,0.0000,0.0000,-24.05%,Call,09/25/26,"1,680.00",0.10s,70.85%,-0.0003,0.0000,-0.0108,0.0189,+46.80%,Put,09/25/26
"2,636.20s",0.00%,0.9935,0.0000,0.0000,0.0000,-24.05%,Call,09/25/26,"1,685.00",0.10s,70.63%,-0.0003,0.0000,-0.0108,0.0190,+46.58%,Put,09/25/26
"2,631.20s",0.00%,0.9935,0.0000,0.0000,0.0000,-24.05%,Call,09/25/26,"1,690.00",0.10s,70.41%,-0.0003,0.0000,-0.0108,0.0190,+46.36%,Put,09/25/26
"2,626.20s",0.00%,0.9935,0.0000,0.0000,0.0000,-24.05%,Call,09/25/26,"1,695.00",0.10s,70.19%,-0.0003,0.0000,-0.0108,0.0191,+46.14%,Put,09/25/26
"2,621.20s",0.00%,0.9935,0.0000,0.0000,0.0000,-24.05%,Call,09/25/26,"1,700.00",0.10s,69.97%,-0.0003,0.0000,-0.0108,0.0191,+45.92%,Put,09/25/26
"2,616.20s",0.00%,0.9935,0.0000,0.0000,0.0000,-24.05%,Call,09/25/26,"1,705.00",0.10s,69.75%,-0.0003,0.0000,-0.0108,0.0192,+45.71%,Put,09/25/26
"2,611.20s",0.00%,0.9935,0.0000,0.0000,0.0000,-24.05%,Call,09/25/26,"1,710.00",0.10s,69.54%,-0.0003,0.0000,-0.0107,0.0193,+45.49%,Put,09/25/26
"2,606.20s",0.00%,0.9935,0.0000,0.0000,0.0000,-24.05%,Call,09/25/26,"1,715.00",0.10s,69.32%,-0.0003,0.0000,-0.0107,0.0193,+45.27%,Put,09/25/26
"2,601.20s",0.00%,0.9935,0.0000,0.0000,0.0000,-24.05%,Call,09/25/26,"1,720.00",0.10s,69.10%,-0.0003,0.0000,-0.0107,0.0194,+45.06%,Put,09/25/26
"2,596.20s",0.00%,0.9935,0.0000,0.0000,0.0000,-24.05%,Call,09/25/26,"1,725.00",0.10s,68.89%,-0.0003,0.0000,-0.0107,0.0194,+44.84%,Put,09/25/26
"2,591.20s",0.00%,0.9935,0.0000,0.0000,0.0000,-24.05%,Call,09/25/26,"1,730.00",0.10s,68.67%,-0.0003,0.0000,-0.0107,0.0195,+44.63%,Put,09/25/26
"2,586.20s",0.00%,0.9935,0.0000,0.0000,0.0000,-24.05%,Call,09/25/26,"1,735.00",0.10s,68.46%,-0.0003,0.0000,-0.0107,0.0195,+44.41%,Put,09/25/26
"2,581.20s",0.00%,0.9935,0.0000,0.0000,0.0000,-24.05%,Call,09/25/26,"1,740.00",0.10s,68.25%,-0.0003,0.0000,-0.0107,0.0196,+44.20%,Put,09/25/26
"2,576.20s",0.00%,0.9935,0.0000,0.0000,0.0000,-24.05%,Call,09/25/26,"1,745.00",0.10s,68.03%,-0.0003,0.0000,-0.0107,0.0197,+43.99%,Put,09/25/26
"2,571.20s",0.00%,0.9935,0.0000,0.0000,0.0000,-24.05%,Call,09/25/26,"1,750.00",0.10s,67.82%,-0.0003,0.0000,-0.0107,0.0197,+43.78%,Put,09/25/26
"2,566.20s",0.00%,0.9935,0.0000,0.0000,0.0000,-24.05%,Call,09/25/26,"1,755.00",0.10s,67.61%,-0.0003,0.0000,-0.0107,0.0198,+43.57%,Put,09/25/26
"2,561.20s",0.00%,0.9935,0.0000,0.0000,0.0000,-24.05%,Call,09/25/26,"1,760.00",0.10s,67.40%,-0.0003,0.0000,-0.0107,0.0198,+43.35%,Put,09/25/26
"2,556.20s",0.00%,0.9935,0.0000,0.0000,0.0000,-24.05%,Call,09/25/26,"1,765.00",0.10s,67.19%,-0.0003,0.0000,-0.0107,0.0199,+43.14%,Put,09/25/26
"2,551.20s",0.00%,0.9935,0.0000,0.0000,0.0000,-24.05%,Call,09/25/26,"1,770.00",0.10s,66.98%,-0.0003,0.0000,-0.0107,0.0199,+42.93%,Put,09/25/26
"2,546.20s",0.00%,0.9935,0.0000,0.0000,0.0000,-24.05%,Call,09/25/26,"1,775.00",0.10s,66.77%,-0.0003,0.0000,-0.0107,0.0200,+42.73%,Put,09/25/26
"2,541.20s",0.00%,0.9935,0.0000,0.0000,0.0000,-24.05%,Call,09/25/26,"1,780.00",0.10s,66.56%,-0.0003,0.0000,-0.0107,0.0201,+42.52%,Put,09/25/26
"2,536.20s",0.00%,0.9935,0.0000,0.0000,0.0000,-24.05%,Call,09/25/26,"1,785.00",0.10s,66.35%,-0.0003,0.0000,-0.0107,0.0201,+42.31%,Put,09/25/26
"2,531.20s",0.00%,0.9935,0.0000,0.0000,0.0000,-24.05%,Call,09/25/26,"1,790.00",0.10s,66.15%,-0.0003,0.0000,-0.0107,0.0202,+42.10%,Put,09/25/26
"2,526.20s",0.00%,0.9935,0.0000,0.0000,0.0000,-24.05%,Call,09/25/26,"1,795.00",0.10s,65.94%,-0.0003,0.0000,-0.0107,0.0202,+41.90%,Put,09/25/26
"2,521.20s",0.00%,0.9935,0.0000,0.0000,0.0000,-24.05%,Call,09/25/26,"1,800.00",0.10s,65.73%,-0.0003,0.0000,-0.0107,0.0203,+41.69%,Put,09/25/26
"2,516.20s",0.00%,0.9935,0.0000,0.0000,0.0000,-24.05%,Call,09/25/26,"1,805.00",0.10s,65.53%,-0.0003,0.0000,-0.0106,0.0204,+41.48%,Put,09/25/26
"2,511.20s",0.00%,0.9935,0.0000,0.0000,0.0000,-24.05%,Call,09/25/26,"1,810.00",0.10s,65.32%,-0.0003,0.0000,-0.0106,0.0204,+41.28%,Put,09/25/26
"2,506.20s",0.00%,0.9935,0.0000,0.0000,0.0000,-24.05%,Call,09/25/26,"1,815.00",0.10s,65.12%,-0.0003,0.0000,-0.0106,0.0205,+41.07%,Put,09/25/26
"2,501.20s",0.00%,0.9935,0.0000,0.0000,0.0000,-24.05%,Call,09/25/26,"1,820.00",0.10s,64.92%,-0.0003,0.0000,-0.0106,0.0205,+40.87%,Put,09/25/26
"2,496.20s",0.00%,0.9935,0.0000,0.0000,0.0000,-24.05%,Call,09/25/26,"1,825.00",0.10s,64.71%,-0.0003,0.0000,-0.0106,0.0206,+40.67%,Put,09/25/26
"2,491.20s",0.00%,0.9935,0.0000,0.0000,0.0000,-24.05%,Call,09/25/26,"1,830.00",0.10s,64.51%,-0.0003,0.0000,-0.0106,0.0207,+40.46%,Put,09/25/26
"2,486.20s",0.00%,0.9935,0.0000,0.0000,0.0000,-24.05%,Call,09/25/26,"1,835.00",0.10s,64.31%,-0.0003,0.0000,-0.0106,0.0207,+40.26%,Put,09/25/26
"2,481.20s",0.00%,0.9935,0.0000,0.0000,0.0000,-24.05%,Call,09/25/26,"1,840.00",0.10s,64.11%,-0.0003,0.0000,-0.0106,0.0208,+40.06%,Put,09/25/26
"2,476.20s",0.00%,0.9935,0.0000,0.0000,0.0000,-24.05%,Call,09/25/26,"1,845.00",0.10s,63.90%,-0.0003,0.0000,-0.0106,0.0208,+39.86%,Put,09/25/26
"2,471.20s",0.00%,0.9935,0.0000,0.0000,0.0000,-24.05%,Call,09/25/26,"1,850.00",0.10s,63.70%,-0.0003,0.0000,-0.0106,0.0209,+39.66%,Put,09/25/26
"2,466.20s",0.00%,0.9935,0.0000,0.0000,0.0000,-24.05%,Call,09/25/26,"1,855.00",0.10s,63.50%,-0.0003,0.0000,-0.0106,0.0210,+39.46%,Put,09/25/26
"2,461.20s",0.00%,0.9935,0.0000,0.0000,0.0000,-24.05%,Call,09/25/26,"1,860.00",0.10s,63.30%,-0.0003,0.0000,-0.0106,0.0210,+39.26%,Put,09/25/26
"2,456.20s",0.00%,0.9935,0.0000,0.0000,0.0000,-24.05%,Call,09/25/26,"1,865.00",0.10s,63.11%,-0.0003,0.0000,-0.0106,0.0211,+39.06%,Put,09/25/26
"2,451.20s",0.00%,0.9935,0.0000,0.0000,0.0000,-24.05%,Call,09/25/26,"1,870.00",0.10s,62.91%,-0.0003,0.0000,-0.0106,0.0211,+38.86%,Put,09/25/26
"2,446.20s",0.00%,0.9935,0.0000,0.0000,0.0000,-24.05%,Call,09/25/26,"1,875.00",0.10s,62.71%,-0.0003,0.0000,-0.0106,0.0212,+38.66%,Put,09/25/26
"2,441.20s",0.00%,0.9935,0.0000,0.0000,0.0000,-24.05%,Call,09/25/26,"1,880.00",0.10s,62.51%,-0.0004,0.0000,-0.0106,0.0213,+38.47%,Put,09/25/26
"2,436.20s",0.00%,0.9935,0.0000,0.0000,0.0000,-24.05%,Call,09/25/26,"1,885.00",0.10s,62.31%,-0.0004,0.0000,-0.0106,0.0213,+38.27%,Put,09/25/26
"2,431.20s",0.00%,0.9935,0.0000,0.0000,0.0000,-24.05%,Call,09/25/26,"1,890.00",0.10s,62.12%,-0.0004,0.0000,-0.0106,0.0214,+38.07%,Put,09/25/26
"2,426.20s",0.00%,0.9935,0.0000,0.0000,0.0000,-24.05%,Call,09/25/26,"1,895.00",0.10s,61.92%,-0.0004,0.0000,-0.0105,0.0215,+37.88%,Put,09/25/26
"2,421.20s",0.00%,0.9935,0.0000,0.0000,0.0000,-24.05%,Call,09/25/26,"1,900.00",0.10s,61.73%,-0.0004,0.0000,-0.0105,0.0215,+37.68%,Put,09/25/26
"2,416.20s",0.00%,0.9935,0.0000,0.0000,0.0000,-24.05%,Call,09/25/26,"1,905.00",0.10s,61.53%,-0.0004,0.0000,-0.0105,0.0216,+37.49%,Put,09/25/26
"2,411.20s",0.00%,0.9935,0.0000,0.0000,0.0000,-24.05%,Call,09/25/26,"1,910.00",0.10s,61.34%,-0.0004,0.0000,-0.0105,0.0216,+37.29%,Put,09/25/26
"2,406.20s",0.00%,0.9935,0.0000,0.0000,0.0000,-24.05%,Call,09/25/26,"1,915.00",0.10s,61.14%,-0.0004,0.0000,-0.0105,0.0217,+37.10%,Put,09/25/26
"2,401.20s",0.00%,0.9935,0.0000,0.0000,0.0000,-24.05%,Call,09/25/26,"1,920.00",0.10s,60.95%,-0.0004,0.0000,-0.0105,0.0218,+36.91%,Put,09/25/26
"2,396.20s",0.00%,0.9935,0.0000,0.0000,0.0000,-24.05%,Call,09/25/26,"1,925.00",0.10s,60.76%,-0.0004,0.0000,-0.0105,0.0218,+36.71%,Put,09/25/26
"2,391.20s",0.00%,0.9935,0.0000,0.0000,0.0000,-24.05%,Call,09/25/26,"1,930.00",0.10s,60.57%,-0.0004,0.0000,-0.0105,0.0219,+36.52%,Put,09/25/26
"2,386.20s",0.00%,0.9935,0.0000,0.0000,0.0000,-24.05%,Call,09/25/26,"1,935.00",0.10s,60.37%,-0.0004,0.0000,-0.0105,0.0220,+36.33%,Put,09/25/26
"2,381.20s",0.00%,0.9935,0.0000,0.0000,0.0000,-24.05%,Call,09/25/26,"1,940.00",0.10s,60.18%,-0.0004,0.0000,-0.0105,0.0220,+36.14%,Put,09/25/26
"2,376.20s",0.00%,0.9935,0.0000,0.0000,0.0000,-24.05%,Call,09/25/26,"1,945.00",0.10s,59.99%,-0.0004,0.0000,-0.0105,0.0221,+35.95%,Put,09/25/26
"2,371.20s",0.00%,0.9935,0.0000,0.0000,0.0000,-24.05%,Call,09/25/26,"1,950.00",0.10s,59.80%,-0.0004,0.0000,-0.0105,0.0222,+35.76%,Put,09/25/26
"2,366.20s",0.00%,0.9935,0.0000,0.0000,0.0000,-24.05%,Call,09/25/26,"1,955.00",0.10s,59.61%,-0.0004,0.0000,-0.0105,0.0222,+35.57%,Put,09/25/26
"2,361.20s",0.00%,0.9935,0.0000,0.0000,0.0000,-24.05%,Call,09/25/26,"1,960.00",0.10s,59.42%,-0.0004,0.0000,-0.0105,0.0223,+35.38%,Put,09/25/26
"2,356.20s",0.00%,0.9935,0.0000,0.0000,0.0000,-24.05%,Call,09/25/26,"1,965.00",0.10s,59.23%,-0.0004,0.0000,-0.0105,0.0223,+35.19%,Put,09/25/26
"2,351.20s",0.00%,0.9935,0.0000,0.0000,0.0000,-24.05%,Call,09/25/26,"1,970.00",0.10s,59.04%,-0.0004,0.0000,-0.0105,0.0224,+35.00%,Put,09/25/26
"2,346.20s",0.00%,0.9935,0.0000,0.0000,0.0000,-24.05%,Call,09/25/26,"1,975.00",0.10s,58.86%,-0.0004,0.0000,-0.0105,0.0225,+34.81%,Put,09/25/26
"2,341.20s",0.00%,0.9935,0.0000,0.0000,0.0000,-24.05%,Call,09/25/26,"1,980.00",0.10s,58.67%,-0.0004,0.0000,-0.0104,0.0225,+34.62%,Put,09/25/26
"2,336.20s",0.00%,0.9935,0.0000,0.0000,0.0000,-24.05%,Call,09/25/26,"1,985.00",0.10s,58.48%,-0.0004,0.0000,-0.0104,0.0226,+34.44%,Put,09/25/26
"2,331.20s",0.00%,0.9935,0.0000,0.0000,0.0000,-24.05%,Call,09/25/26,"1,990.00",0.10s,58.30%,-0.0004,0.0000,-0.0104,0.0227,+34.25%,Put,09/25/26
"2,326.20s",0.00%,0.9935,0.0000,0.0000,0.0000,-24.05%,Call,09/25/26,"1,995.00",0.10s,58.11%,-0.0004,0.0000,-0.0104,0.0227,+34.06%,Put,09/25/26
"2,321.20s",0.00%,0.9935,0.0000,0.0000,0.0000,-24.05%,Call,09/25/26,"2,000.00",0.10s,57.92%,-0.0004,0.0000,-0.0104,0.0228,+33.88%,Put,09/25/26
"2,316.20s",0.00%,0.9935,0.0000,0.0000,0.0000,-24.05%,Call,09/25/26,"2,005.00",0.10s,57.74%,-0.0004,0.0000,-0.0104,0.0229,+33.69%,Put,09/25/26
"2,311.20s",0.00%,0.9935,0.0000,0.0000,0.0000,-24.05%,Call,09/25/26,"2,010.00",0.10s,57.55%,-0.0004,0.0000,-0.0104,0.0230,+33.51%,Put,09/25/26
"2,306.20s",0.00%,0.9935,0.0000,0.0000,0.0000,-24.05%,Call,09/25/26,"2,015.00",0.10s,57.37%,-0.0004,0.0000,-0.0104,0.0230,+33.32%,Put,09/25/26
"2,301.20s",0.00%,0.9935,0.0000,0.0000,0.0000,-24.05%,Call,09/25/26,"2,020.00",0.10s,57.19%,-0.0004,0.0000,-0.0104,0.0231,+33.14%,Put,09/25/26
"2,296.20s",0.00%,0.9935,0.0000,0.0000,0.0000,-24.05%,Call,09/25/26,"2,025.00",0.10s,57.00%,-0.0004,0.0000,-0.0104,0.0232,+32.96%,Put,09/25/26
"2,291.20s",0.00%,0.9935,0.0000,0.0000,0.0000,-24.05%,Call,09/25/26,"2,030.00",0.10s,56.82%,-0.0004,0.0000,-0.0104,0.0232,+32.77%,Put,09/25/26
"2,286.20s",0.00%,0.9935,0.0000,0.0000,0.0000,-24.05%,Call,09/25/26,"2,035.00",0.10s,56.64%,-0.0004,0.0000,-0.0104,0.0233,+32.59%,Put,09/25/26
"2,281.20s",0.00%,0.9935,0.0000,0.0000,0.0000,-24.05%,Call,09/25/26,"2,040.00",0.10s,56.45%,-0.0004,0.0000,-0.0104,0.0234,+32.41%,Put,09/25/26
"2,276.20s",0.00%,0.9935,0.0000,0.0000,0.0000,-24.05%,Call,09/25/26,"2,045.00",0.10s,56.27%,-0.0004,0.0000,-0.0104,0.0234,+32.23%,Put,09/25/26
"2,271.20s",0.00%,0.9935,0.0000,0.0000,0.0000,-24.05%,Call,09/25/26,"2,050.00",0.10s,56.09%,-0.0004,0.0000,-0.0104,0.0235,+32.05%,Put,09/25/26
"2,266.20s",0.00%,0.9935,0.0000,0.0000,0.0000,-24.05%,Call,09/25/26,"2,055.00",0.10s,55.91%,-0.0004,0.0000,-0.0104,0.0236,+31.87%,Put,09/25/26
"2,261.20s",0.00%,0.9935,0.0000,0.0000,0.0000,-24.05%,Call,09/25/26,"2,060.00",0.10s,55.73%,-0.0004,0.0000,-0.0103,0.0236,+31.68%,Put,09/25/26
"2,256.20s",0.00%,0.9935,0.0000,0.0000,0.0000,-24.05%,Call,09/25/26,"2,065.00",0.10s,55.55%,-0.0004,0.0000,-0.0103,0.0237,+31.51%,Put,09/25/26
"2,251.20s",0.00%,0.9935,0.0000,0.0000,0.0000,-24.05%,Call,09/25/26,"2,070.00",0.20s,58.51%,-0.0007,0.0000,-0.0191,0.0411,+34.46%,Put,09/25/26
"2,246.20s",0.00%,0.9935,0.0000,0.0000,0.0000,-24.05%,Call,09/25/26,"2,075.00",0.20s,58.32%,-0.0007,0.0000,-0.0191,0.0413,+34.27%,Put,09/25/26
"2,241.20s",0.00%,0.9935,0.0000,0.0000,0.0000,-24.05%,Call,09/25/26,"2,080.00",0.20s,58.13%,-0.0007,0.0000,-0.0191,0.0414,+34.08%,Put,09/25/26
"2,236.20s",0.00%,0.9935,0.0000,0.0000,0.0000,-24.05%,Call,09/25/26,"2,085.00",0.20s,57.94%,-0.0007,0.0000,-0.0190,0.0415,+33.90%,Put,09/25/26
"2,231.20s",0.00%,0.9935,0.0000,0.0000,0.0000,-24.05%,Call,09/25/26,"2,090.00",0.20s,57.75%,-0.0007,0.0000,-0.0190,0.0416,+33.71%,Put,09/25/26
"2,226.20s",0.00%,0.9935,0.0000,0.0000,0.0000,-24.05%,Call,09/25/26,"2,095.00",0.20s,57.57%,-0.0007,0.0000,-0.0190,0.0418,+33.52%,Put,09/25/26
"2,221.20s",0.00%,0.9935,0.0000,0.0000,0.0000,-24.05%,Call,09/25/26,"2,100.00",0.20s,57.38%,-0.0007,0.0000,-0.0190,0.0419,+33.34%,Put,09/25/26
"2,216.20s",0.00%,0.9935,0.0000,0.0000,0.0000,-24.05%,Call,09/25/26,"2,105.00",0.20s,57.20%,-0.0007,0.0000,-0.0190,0.0420,+33.15%,Put,09/25/26
"2,211.20s",0.00%,0.9935,0.0000,0.0000,0.0000,-24.05%,Call,09/25/26,"2,110.00",0.20s,57.01%,-0.0007,0.0000,-0.0190,0.0421,+32.97%,Put,09/25/26
"2,206.20s",0.00%,0.9935,0.0000,0.0000,0.0000,-24.05%,Call,09/25/26,"2,115.00",0.20s,56.83%,-0.0007,0.0000,-0.0190,0.0423,+32.78%,Put,09/25/26
"2,201.20s",0.00%,0.9935,0.0000,0.0000,0.0000,-24.05%,Call,09/25/26,"2,120.00",0.20s,56.64%,-0.0007,0.0000,-0.0190,0.0424,+32.60%,Put,09/25/26
"2,196.20s",0.00%,0.9935,0.0000,0.0000,0.0000,-24.05%,Call,09/25/26,"2,125.00",0.20s,56.46%,-0.0007,0.0000,-0.0190,0.0425,+32.41%,Put,09/25/26
"2,191.20s",0.00%,0.9935,0.0000,0.0000,0.0000,-24.05%,Call,09/25/26,"2,130.00",0.20s,56.27%,-0.0007,0.0000,-0.0189,0.0426,+32.23%,Put,09/25/26
"2,186.20s",0.00%,0.9935,0.0000,0.0000,0.0000,-24.05%,Call,09/25/26,"2,135.00",0.20s,56.09%,-0.0007,0.0000,-0.0189,0.0428,+32.05%,Put,09/25/26
"2,181.20s",0.00%,0.9935,0.0000,0.0000,0.0000,-24.05%,Call,09/25/26,"2,140.00",0.20s,55.91%,-0.0007,0.0000,-0.0189,0.0429,+31.86%,Put,09/25/26
"2,176.20s",0.00%,0.9935,0.0000,0.0000,0.0000,-24.05%,Call,09/25/26,"2,145.00",0.20s,55.73%,-0.0008,0.0000,-0.0189,0.0430,+31.68%,Put,09/25/26
"2,171.20s",0.00%,0.9935,0.0000,0.0000,0.0000,-24.05%,Call,09/25/26,"2,150.00",0.20s,55.54%,-0.0008,0.0000,-0.0189,0.0431,+31.50%,Put,09/25/26
"2,166.20s",0.00%,0.9935,0.0000,0.0000,0.0000,-24.05%,Call,09/25/26,"2,155.00",0.20s,55.36%,-0.0008,0.0000,-0.0189,0.0433,+31.32%,Put,09/25/26
"2,161.20s",0.00%,0.9935,0.0000,0.0000,0.0000,-24.05%,Call,09/25/26,"2,160.00",0.20s,55.18%,-0.0008,0.0000,-0.0189,0.0434,+31.14%,Put,09/25/26
"2,156.20s",0.00%,0.9935,0.0000,0.0000,0.0000,-24.05%,Call,09/25/26,"2,165.00",0.20s,55.00%,-0.0008,0.0000,-0.0189,0.0435,+30.96%,Put,09/25/26
"2,151.20s",0.00%,0.9935,0.0000,0.0000,0.0000,-24.05%,Call,09/25/26,"2,170.00",0.20s,54.82%,-0.0008,0.0000,-0.0188,0.0437,+30.77%,Put,09/25/26
"2,146.20s",0.00%,0.9935,0.0000,0.0000,0.0000,-24.05%,Call,09/25/26,"2,175.00",0.20s,54.64%,-0.0008,0.0000,-0.0188,0.0438,+30.60%,Put,09/25/26
"2,141.20s",0.00%,0.9935,0.0000,0.0000,0.0000,-24.05%,Call,09/25/26,"2,180.00",0.20s,54.46%,-0.0008,0.0000,-0.0188,0.0439,+30.42%,Put,09/25/26
"2,136.20s",0.00%,0.9935,0.0000,0.0000,0.0000,-24.05%,Call,09/25/26,"2,185.00",0.20s,54.28%,-0.0008,0.0000,-0.0188,0.0440,+30.24%,Put,09/25/26
"2,131.20s",0.00%,0.9935,0.0000,0.0000,0.0000,-24.05%,Call,09/25/26,"2,190.00",0.20s,54.10%,-0.0008,0.0000,-0.0188,0.0442,+30.06%,Put,09/25/26
"2,126.20s",0.00%,0.9935,0.0000,0.0000,0.0000,-24.05%,Call,09/25/26,"2,195.00",0.20s,53.92%,-0.0008,0.0000,-0.0188,0.0443,+29.88%,Put,09/25/26
"2,121.20s",0.00%,0.9935,0.0000,0.0000,0.0000,-24.05%,Call,09/25/26,"2,200.00",0.20s,53.75%,-0.0008,0.0000,-0.0188,0.0444,+29.70%,Put,09/25/26
"2,116.20s",0.00%,0.9935,0.0000,0.0000,0.0000,-24.05%,Call,09/25/26,"2,205.00",0.20s,53.57%,-0.0008,0.0000,-0.0188,0.0446,+29.52%,Put,09/25/26
"2,111.20s",0.00%,0.9935,0.0000,0.0000,0.0000,-24.05%,Call,09/25/26,"2,210.00",0.20s,53.39%,-0.0008,0.0000,-0.0187,0.0447,+29.35%,Put,09/25/26
"2,106.20s",0.00%,0.9935,0.0000,0.0000,0.0000,-24.05%,Call,09/25/26,"2,215.00",0.20s,53.22%,-0.0008,0.0000,-0.0187,0.0448,+29.17%,Put,09/25/26
"2,101.20s",0.00%,0.9935,0.0000,0.0000,0.0000,-24.05%,Call,09/25/26,"2,220.00",0.20s,53.04%,-0.0008,0.0000,-0.0187,0.0450,+28.99%,Put,09/25/26
"2,096.20s",0.00%,0.9935,0.0000,0.0000,0.0000,-24.05%,Call,09/25/26,"2,225.00",0.20s,52.86%,-0.0008,0.0000,-0.0187,0.0451,+28.82%,Put,09/25/26
"2,091.20s",0.00%,0.9935,0.0000,0.0000,0.0000,-24.05%,Call,09/25/26,"2,230.00",0.20s,52.69%,-0.0008,0.0000,-0.0187,0.0453,+28.64%,Put,09/25/26
"2,086.20s",0.00%,0.9935,0.0000,0.0000,0.0000,-24.05%,Call,09/25/26,"2,235.00",0.20s,52.51%,-0.0008,0.0000,-0.0187,0.0454,+28.47%,Put,09/25/26
"2,081.20s",0.00%,0.9935,0.0000,0.0000,0.0000,-24.05%,Call,09/25/26,"2,240.00",0.20s,52.34%,-0.0008,0.0000,-0.0187,0.0455,+28.29%,Put,09/25/26
"2,076.20s",0.00%,0.9935,0.0000,0.0000,0.0000,-24.05%,Call,09/25/26,"2,245.00",0.20s,52.16%,-0.0008,0.0000,-0.0187,0.0457,+28.12%,Put,09/25/26
"2,071.20s",0.00%,0.9935,0.0000,0.0000,0.0000,-24.05%,Call,09/25/26,"2,250.00",0.20s,51.99%,-0.0008,0.0000,-0.0186,0.0458,+27.94%,Put,09/25/26
"2,066.20s",0.00%,0.9935,0.0000,0.0000,0.0000,-24.05%,Call,09/25/26,"2,255.00",0.20s,51.82%,-0.0008,0.0000,-0.0186,0.0459,+27.77%,Put,09/25/26
"2,061.20s",0.00%,0.9935,0.0000,0.0000,0.0000,-24.05%,Call,09/25/26,"2,260.00",0.20s,51.64%,-0.0008,0.0000,-0.0186,0.0461,+27.60%,Put,09/25/26
"2,056.20s",0.00%,0.9935,0.0000,0.0000,0.0000,-24.05%,Call,09/25/26,"2,265.00",0.20s,51.47%,-0.0008,0.0000,-0.0186,0.0462,+27.42%,Put,09/25/26
"2,051.20s",0.00%,0.9935,0.0000,0.0000,0.0000,-24.05%,Call,09/25/26,"2,270.00",0.20s,51.30%,-0.0008,0.0000,-0.0186,0.0464,+27.25%,Put,09/25/26
"2,046.20s",0.00%,0.9935,0.0000,0.0000,0.0000,-24.05%,Call,09/25/26,"2,275.00",0.20s,51.12%,-0.0008,0.0000,-0.0186,0.0465,+27.08%,Put,09/25/26
"2,041.20s",0.00%,0.9935,0.0000,0.0000,0.0000,-24.05%,Call,09/25/26,"2,280.00",0.20s,50.95%,-0.0008,0.0000,-0.0186,0.0466,+26.91%,Put,09/25/26
"2,036.20s",0.00%,0.9935,0.0000,0.0000,0.0000,-24.05%,Call,09/25/26,"2,285.00",0.20s,50.78%,-0.0008,0.0000,-0.0186,0.0468,+26.74%,Put,09/25/26
"2,031.20s",0.00%,0.9935,0.0000,0.0000,0.0000,-24.05%,Call,09/25/26,"2,290.00",0.20s,50.61%,-0.0008,0.0000,-0.0185,0.0469,+26.56%,Put,09/25/26
"2,026.20s",0.00%,0.9935,0.0000,0.0000,0.0000,-24.05%,Call,09/25/26,"2,295.00",0.20s,50.44%,-0.0008,0.0000,-0.0185,0.0471,+26.39%,Put,09/25/26
"2,021.20s",0.00%,0.9935,0.0000,0.0000,0.0000,-24.05%,Call,09/25/26,"2,300.00",0.20s,50.27%,-0.0008,0.0000,-0.0185,0.0472,+26.22%,Put,09/25/26
"2,016.20s",0.00%,0.9935,0.0000,0.0000,0.0000,-24.05%,Call,09/25/26,"2,305.00",0.20s,50.10%,-0.0008,0.0000,-0.0185,0.0474,+26.05%,Put,09/25/26
"2,011.20s",0.00%,0.9935,0.0000,0.0000,0.0000,-24.05%,Call,09/25/26,"2,310.00",0.20s,49.93%,-0.0008,0.0000,-0.0185,0.0475,+25.88%,Put,09/25/26
"2,006.20s",0.00%,0.9935,0.0000,0.0000,0.0000,-24.05%,Call,09/25/26,"2,315.00",0.20s,49.76%,-0.0008,0.0000,-0.0185,0.0477,+25.71%,Put,09/25/26
"2,001.20s",0.00%,0.9935,0.0000,0.0000,0.0000,-24.05%,Call,09/25/26,"2,320.00",0.20s,49.59%,-0.0008,0.0000,-0.0185,0.0478,+25.55%,Put,09/25/26
"1,996.20s",0.00%,0.9935,0.0000,0.0000,0.0000,-24.05%,Call,09/25/26,"2,325.00",0.20s,49.42%,-0.0008,0.0000,-0.0184,0.0479,+25.38%,Put,09/25/26
"1,991.20s",0.00%,0.9935,0.0000,0.0000,0.0000,-24.05%,Call,09/25/26,"2,330.00",0.20s,49.25%,-0.0008,0.0000,-0.0184,0.0481,+25.21%,Put,09/25/26
"1,986.20s",0.00%,0.9935,0.0000,0.0000,0.0000,-24.05%,Call,09/25/26,"2,335.00",0.20s,49.09%,-0.0009,0.0000,-0.0184,0.0482,+25.04%,Put,09/25/26
"1,981.20s",0.00%,0.9935,0.0000,0.0000,0.0000,-24.05%,Call,09/25/26,"2,340.00",0.20s,48.92%,-0.0009,0.0000,-0.0184,0.0484,+24.87%,Put,09/25/26
"1,976.20s",0.00%,0.9935,0.0000,0.0000,0.0000,-24.05%,Call,09/25/26,"2,345.00",0.20s,48.75%,-0.0009,0.0000,-0.0184,0.0485,+24.71%,Put,09/25/26
"1,971.20s",0.00%,0.9935,0.0000,0.0000,0.0000,-24.05%,Call,09/25/26,"2,350.00",0.20s,48.58%,-0.0009,0.0000,-0.0184,0.0487,+24.54%,Put,09/25/26
"1,966.20s",0.00%,0.9935,0.0000,0.0000,0.0000,-24.05%,Call,09/25/26,"2,355.00",0.20s,48.42%,-0.0009,0.0000,-0.0184,0.0488,+24.37%,Put,09/25/26
"1,961.20s",0.00%,0.9935,0.0000,0.0000,0.0000,-24.05%,Call,09/25/26,"2,360.00",0.20s,48.25%,-0.0009,0.0000,-0.0183,0.0490,+24.21%,Put,09/25/26
"1,956.20s",0.00%,0.9935,0.0000,0.0000,0.0000,-24.05%,Call,09/25/26,"2,365.00",0.30s,49.81%,-0.0012,0.0000,-0.0262,0.0673,+25.77%,Put,09/25/26
"1,951.20s",0.00%,0.9935,0.0000,0.0000,0.0000,-24.05%,Call,09/25/26,"2,370.00",0.30s,49.64%,-0.0012,0.0000,-0.0262,0.0675,+25.60%,Put,09/25/26
"1,946.20s",0.00%,0.9935,0.0000,0.0000,0.0000,-24.05%,Call,09/25/26,"2,375.00",0.30s,49.47%,-0.0012,0.0000,-0.0261,0.0677,+25.43%,Put,09/25/26
"1,941.20s",0.00%,0.9935,0.0000,0.0000,0.0000,-24.05%,Call,09/25/26,"2,380.00",0.30s,49.30%,-0.0012,0.0000,-0.0261,0.0679,+25.26%,Put,09/25/26
"1,936.20s",0.00%,0.9935,0.0000,0.0000,0.0000,-24.05%,Call,09/25/26,"2,385.00",0.30s,49.13%,-0.0012,0.0000,-0.0261,0.0681,+25.09%,Put,09/25/26
"1,931.20s",0.00%,0.9935,0.0000,0.0000,0.0000,-24.05%,Call,09/25/26,"2,390.00",0.30s,48.96%,-0.0012,0.0000,-0.0261,0.0683,+24.92%,Put,09/25/26
"1,926.20s",0.00%,0.9935,0.0000,0.0000,0.0000,-24.05%,Call,09/25/26,"2,395.00",0.30s,48.79%,-0.0012,0.0000,-0.0261,0.0685,+24.75%,Put,09/25/26
"1,921.20s",0.00%,0.9935,0.0000,0.0000,0.0000,-24.05%,Call,09/25/26,"2,400.00",0.30s,48.62%,-0.0013,0.0000,-0.0260,0.0687,+24.58%,Put,09/25/26
"1,916.20s",0.00%,0.9935,0.0000,0.0000,0.0000,-24.05%,Call,09/25/26,"2,405.00",0.30s,48.45%,-0.0013,0.0000,-0.0260,0.0689,+24.41%,Put,09/25/26
"1,911.20s",0.00%,0.9935,0.0000,0.0000,0.0000,-24.05%,Call,09/25/26,"2,410.00",0.30s,48.29%,-0.0013,0.0000,-0.0260,0.0691,+24.24%,Put,09/25/26
"1,906.20s",0.00%,0.9935,0.0000,0.0000,0.0000,-24.05%,Call,09/25/26,"2,415.00",0.30s,48.12%,-0.0013,0.0000,-0.0260,0.0694,+24.07%,Put,09/25/26
"1,901.20s",0.00%,0.9935,0.0000,0.0000,0.0000,-24.05%,Call,09/25/26,"2,420.00",0.30s,47.95%,-0.0013,0.0000,-0.0260,0.0696,+23.91%,Put,09/25/26
"1,896.20s",0.00%,0.9935,0.0000,0.0000,0.0000,-24.05%,Call,09/25/26,"2,425.00",0.30s,47.78%,-0.0013,0.0000,-0.0259,0.0698,+23.74%,Put,09/25/26
"1,891.20s",0.00%,0.9935,0.0000,0.0000,0.0000,-24.05%,Call,09/25/26,"2,430.00",0.30s,47.62%,-0.0013,0.0000,-0.0259,0.0700,+23.57%,Put,09/25/26
"1,886.20s",0.00%,0.9935,0.0000,0.0000,0.0000,-24.05%,Call,09/25/26,"2,435.00",0.30s,47.45%,-0.0013,0.0000,-0.0259,0.0702,+23.41%,Put,09/25/26
"1,881.20s",0.00%,0.9935,0.0000,0.0000,0.0000,-24.05%,Call,09/25/26,"2,440.00",0.30s,47.28%,-0.0013,0.0000,-0.0259,0.0705,+23.24%,Put,09/25/26
"1,876.20s",0.00%,0.9935,0.0000,0.0000,0.0000,-24.05%,Call,09/25/26,"2,445.00",0.30s,47.12%,-0.0013,0.0000,-0.0259,0.0707,+23.07%,Put,09/25/26
"1,871.20s",0.00%,0.9935,0.0000,0.0000,0.0000,-24.05%,Call,09/25/26,"2,450.00",0.30s,46.95%,-0.0013,0.0000,-0.0258,0.0709,+22.91%,Put,09/25/26
"1,866.20s",0.00%,0.9935,0.0000,0.0000,0.0000,-24.05%,Call,09/25/26,"2,455.00",0.30s,46.79%,-0.0013,0.0000,-0.0258,0.0711,+22.74%,Put,09/25/26
"1,861.20s",0.00%,0.9935,0.0000,0.0000,0.0000,-24.05%,Call,09/25/26,"2,460.00",0.30s,46.62%,-0.0013,0.0000,-0.0258,0.0713,+22.58%,Put,09/25/26
"1,856.20s",0.00%,0.9935,0.0000,0.0000,0.0000,-24.05%,Call,09/25/26,"2,465.00",0.30s,46.46%,-0.0013,0.0000,-0.0258,0.0716,+22.41%,Put,09/25/26
"1,851.20s",0.00%,0.9935,0.0000,0.0000,0.0000,-24.05%,Call,09/25/26,"2,470.00",0.30s,46.29%,-0.0013,0.0000,-0.0257,0.0718,+22.25%,Put,09/25/26
"1,846.20s",0.00%,0.9935,0.0000,0.0000,0.0000,-24.05%,Call,09/25/26,"2,475.00",0.30s,46.13%,-0.0013,0.0000,-0.0257,0.0720,+22.08%,Put,09/25/26
"1,841.20s",0.00%,0.9935,0.0000,0.0000,0.0000,-24.05%,Call,09/25/26,"2,480.00",0.30s,45.97%,-0.0013,0.0000,-0.0257,0.0723,+21.92%,Put,09/25/26
"1,836.20s",0.00%,0.9935,0.0000,0.0000,0.0000,-24.05%,Call,09/25/26,"2,485.00",0.30s,45.80%,-0.0013,0.0000,-0.0257,0.0725,+21.76%,Put,09/25/26
"1,831.20s",0.00%,0.9935,0.0000,0.0000,0.0000,-24.05%,Call,09/25/26,"2,490.00",0.30s,45.64%,-0.0013,0.0000,-0.0257,0.0727,+21.59%,Put,09/25/26
"1,826.20s",0.00%,0.9935,0.0000,0.0000,0.0000,-24.05%,Call,09/25/26,"2,495.00",0.30s,45.48%,-0.0013,0.0000,-0.0256,0.0729,+21.43%,Put,09/25/26
"1,821.20s",0.00%,0.9935,0.0000,0.0000,0.0000,-24.05%,Call,09/25/26,"2,500.00",0.30s,45.31%,-0.0013,0.0000,-0.0256,0.0732,+21.27%,Put,09/25/26
"1,816.20s",0.00%,0.9935,0.0000,0.0000,0.0000,-24.05%,Call,09/25/26,"2,505.00",0.30s,45.15%,-0.0013,0.0000,-0.0256,0.0734,+21.11%,Put,09/25/26
"1,811.20s",0.00%,0.9935,0.0000,0.0000,0.0000,-24.05%,Call,09/25/26,"2,510.00",0.30s,44.99%,-0.0013,0.0000,-0.0256,0.0736,+20.94%,Put,09/25/26
"1,806.20s",0.00%,0.9935,0.0000,0.0000,0.0000,-24.05%,Call,09/25/26,"2,515.00",0.30s,44.83%,-0.0014,0.0000,-0.0256,0.0739,+20.78%,Put,09/25/26
"1,801.20s",0.00%,0.9935,0.0000,0.0000,0.0000,-24.05%,Call,09/25/26,"2,520.00",0.30s,44.67%,-0.0014,0.0000,-0.0255,0.0741,+20.62%,Put,09/25/26
"1,796.20s",0.00%,0.9935,0.0000,0.0000,0.0000,-24.05%,Call,09/25/26,"2,525.00",0.30s,44.51%,-0.0014,0.0000,-0.0255,0.0744,+20.46%,Put,09/25/26
"1,791.20s",0.00%,0.9935,0.0000,0.0000,0.0000,-24.05%,Call,09/25/26,"2,530.00",0.40s,45.54%,-0.0017,0.0000,-0.0328,0.0929,+21.50%,Put,09/25/26
"1,786.20s",0.00%,0.9935,0.0000,0.0000,0.0000,-24.05%,Call,09/25/26,"2,535.00",0.40s,45.38%,-0.0017,0.0000,-0.0327,0.0932,+21.33%,Put,09/25/26
"1,781.20s",0.00%,0.9935,0.0000,0.0000,0.0000,-24.05%,Call,09/25/26,"2,540.00",0.40s,45.21%,-0.0018,0.0000,-0.0327,0.0935,+21.17%,Put,09/25/26
"1,776.20s",0.00%,0.9935,0.0000,0.0000,0.0000,-24.05%,Call,09/25/26,"2,545.00",0.40s,45.05%,-0.0018,0.0000,-0.0327,0.0937,+21.01%,Put,09/25/26
"1,771.20s",0.00%,0.9935,0.0000,0.0000,0.0000,-24.05%,Call,09/25/26,"2,550.00",0.40s,44.89%,-0.0018,0.0000,-0.0327,0.0940,+20.84%,Put,09/25/26
"1,766.20s",0.00%,0.9935,0.0000,0.0000,0.0000,-24.05%,Call,09/25/26,"2,555.00",0.40s,44.72%,-0.0018,0.0000,-0.0326,0.0944,+20.68%,Put,09/25/26
"1,761.20s",0.00%,0.9935,0.0000,0.0000,0.0000,-24.05%,Call,09/25/26,"2,560.00",0.40s,44.56%,-0.0018,0.0000,-0.0326,0.0947,+20.52%,Put,09/25/26
"1,756.20s",0.00%,0.9935,0.0000,0.0000,0.0000,-24.05%,Call,09/25/26,"2,565.00",0.40s,44.40%,-0.0018,0.0000,-0.0326,0.0950,+20.35%,Put,09/25/26
"1,751.20s",0.00%,0.9935,0.0000,0.0000,0.0000,-24.05%,Call,09/25/26,"2,570.00",0.40s,44.24%,-0.0018,0.0000,-0.0325,0.0953,+20.19%,Put,09/25/26
"1,746.20s",0.00%,0.9935,0.0000,0.0000,0.0000,-24.05%,Call,09/25/26,"2,575.00",0.40s,44.08%,-0.0018,0.0000,-0.0325,0.0956,+20.03%,Put,09/25/26
"1,741.20s",0.00%,0.9935,0.0000,0.0000,0.0000,-24.05%,Call,09/25/26,"2,580.00",0.40s,43.91%,-0.0018,0.0000,-0.0325,0.0959,+19.87%,Put,09/25/26
"1,736.20s",0.00%,0.9935,0.0000,0.0000,0.0000,-24.05%,Call,09/25/26,"2,585.00",0.40s,43.75%,-0.0018,0.0000,-0.0325,0.0962,+19.71%,Put,09/25/26
"1,731.20s",0.00%,0.9935,0.0000,0.0000,0.0000,-24.05%,Call,09/25/26,"2,590.00",0.40s,43.59%,-0.0018,0.0000,-0.0324,0.0965,+19.55%,Put,09/25/26
"1,726.20s",0.00%,0.9935,0.0000,0.0000,0.0000,-24.05%,Call,09/25/26,"2,595.00",0.40s,43.43%,-0.0018,0.0000,-0.0324,0.0968,+19.39%,Put,09/25/26
"1,721.20s",0.00%,0.9935,0.0000,0.0000,0.0000,-24.05%,Call,09/25/26,"2,600.00",0.40s,43.27%,-0.0018,0.0000,-0.0324,0.0971,+19.23%,Put,09/25/26
"1,716.20s",0.00%,0.9935,0.0000,0.0000,0.0000,-24.05%,Call,09/25/26,"2,605.00",0.40s,43.11%,-0.0018,0.0000,-0.0323,0.0975,+19.07%,Put,09/25/26
"1,711.20s",0.00%,0.9935,0.0000,0.0000,0.0000,-24.05%,Call,09/25/26,"2,610.00",0.40s,42.95%,-0.0018,0.0000,-0.0323,0.0978,+18.91%,Put,09/25/26
"1,706.20s",0.00%,0.9935,0.0000,0.0000,0.0000,-24.05%,Call,09/25/26,"2,615.00",0.40s,42.79%,-0.0018,0.0000,-0.0323,0.0981,+18.75%,Put,09/25/26
"1,701.20s",0.00%,0.9935,0.0000,0.0000,0.0000,-24.05%,Call,09/25/26,"2,620.00",0.40s,42.63%,-0.0019,0.0000,-0.0323,0.0984,+18.59%,Put,09/25/26
"1,696.20s",0.00%,0.9935,0.0000,0.0000,0.0000,-24.05%,Call,09/25/26,"2,625.00",0.40s,42.47%,-0.0019,0.0000,-0.0322,0.0987,+18.43%,Put,09/25/26
"1,691.20s",0.00%,0.9935,0.0000,0.0000,0.0000,-24.05%,Call,09/25/26,"2,630.00",0.40s,42.31%,-0.0019,0.0000,-0.0322,0.0991,+18.27%,Put,09/25/26
"1,686.20s",0.00%,0.9935,0.0000,0.0000,0.0000,-24.05%,Call,09/25/26,"2,635.00",0.40s,42.16%,-0.0019,0.0000,-0.0322,0.0994,+18.11%,Put,09/25/26
"1,681.20s",0.00%,0.9935,0.0000,0.0000,0.0000,-24.05%,Call,09/25/26,"2,640.00",0.40s,42.00%,-0.0019,0.0000,-0.0321,0.0997,+17.95%,Put,09/25/26
"1,676.20s",0.00%,0.9935,0.0000,0.0000,0.0000,-24.05%,Call,09/25/26,"2,645.00",0.50s,42.76%,-0.0023,0.0000,-0.0390,0.1183,+18.71%,Put,09/25/26
"1,671.20s",0.00%,0.9935,0.0000,0.0000,0.0000,-24.05%,Call,09/25/26,"2,650.00",0.50s,42.60%,-0.0023,0.0000,-0.0389,0.1187,+18.55%,Put,09/25/26
"1,666.20s",0.00%,0.9935,0.0000,0.0000,0.0000,-24.05%,Call,09/25/26,"2,655.00",0.50s,42.44%,-0.0023,0.0000,-0.0389,0.1191,+18.39%,Put,09/25/26
"1,661.20s",0.00%,0.9935,0.0000,0.0000,0.0000,-24.05%,Call,09/25/26,"2,660.00",0.50s,42.28%,-0.0023,0.0000,-0.0389,0.1195,+18.23%,Put,09/25/26
"1,656.20s",0.00%,0.9935,0.0000,0.0000,0.0000,-24.05%,Call,09/25/26,"2,665.00",0.50s,42.12%,-0.0023,0.0000,-0.0388,0.1199,+18.07%,Put,09/25/26
"1,651.20s",0.00%,0.9935,0.0000,0.0000,0.0000,-24.05%,Call,09/25/26,"2,670.00",0.50s,41.96%,-0.0023,0.0000,-0.0388,0.1203,+17.91%,Put,09/25/26
"1,646.20s",0.00%,0.9935,0.0000,0.0000,0.0000,-24.05%,Call,09/25/26,"2,675.00",0.50s,41.80%,-0.0023,0.0000,-0.0388,0.1207,+17.75%,Put,09/25/26
"1,641.20s",0.00%,0.9935,0.0000,0.0000,0.0000,-24.05%,Call,09/25/26,"2,680.00",0.50s,41.64%,-0.0023,0.0000,-0.0387,0.1211,+17.59%,Put,09/25/26
"1,636.20s",0.00%,0.9935,0.0000,0.0000,0.0000,-24.05%,Call,09/25/26,"2,685.00",0.50s,41.48%,-0.0023,0.0000,-0.0387,0.1215,+17.43%,Put,09/25/26
"1,631.20s",0.00%,0.9935,0.0000,0.0000,0.0000,-24.05%,Call,09/25/26,"2,690.00",0.50s,41.32%,-0.0023,0.0000,-0.0386,0.1219,+17.28%,Put,09/25/26
"1,626.20s",0.00%,0.9935,0.0000,0.0000,0.0000,-24.05%,Call,09/25/26,"2,695.00",0.50s,41.16%,-0.0024,0.0000,-0.0386,0.1223,+17.12%,Put,09/25/26
"1,621.20s",0.00%,0.9935,0.0000,0.0000,0.0000,-24.05%,Call,09/25/26,"2,700.00",0.50s,41.00%,-0.0024,0.0000,-0.0386,0.1227,+16.96%,Put,09/25/26
"1,616.20s",0.00%,0.9935,0.0000,0.0000,0.0001,-24.05%,Call,09/25/26,"2,705.00",0.50s,40.85%,-0.0024,0.0000,-0.0385,0.1231,+16.80%,Put,09/25/26
"1,611.20s",0.00%,0.9935,0.0000,0.0000,0.0001,-24.05%,Call,09/25/26,"2,710.00",0.50s,40.69%,-0.0024,0.0000,-0.0385,0.1235,+16.64%,Put,09/25/26
"1,606.20s",0.00%,0.9935,0.0000,0.0000,0.0001,-24.05%,Call,09/25/26,"2,715.00",0.60s,41.29%,-0.0028,0.0000,-0.0450,0.1419,+17.24%,Put,09/25/26
"1,601.20s",0.00%,0.9935,0.0000,0.0000,0.0001,-24.05%,Call,09/25/26,"2,720.00",0.60s,41.13%,-0.0028,0.0000,-0.0450,0.1424,+17.08%,Put,09/25/26
"1,596.20s",0.00%,0.9935,0.0000,0.0000,0.0001,-24.05%,Call,09/25/26,"2,725.00",0.60s,40.97%,-0.0028,0.0000,-0.0449,0.1429,+16.92%,Put,09/25/26
"1,591.20s",0.00%,0.9935,0.0000,0.0000,0.0001,-24.05%,Call,09/25/26,"2,730.00",0.60s,40.81%,-0.0028,0.0000,-0.0449,0.1434,+16.76%,Put,09/25/26
"1,586.20s",0.00%,0.9935,0.0000,0.0000,0.0001,-24.05%,Call,09/25/26,"2,735.00",0.60s,40.65%,-0.0028,0.0000,-0.0448,0.1439,+16.60%,Put,09/25/26
"1,581.20s",0.00%,0.9935,0.0000,0.0000,0.0001,-24.05%,Call,09/25/26,"2,740.00",0.60s,40.49%,-0.0028,0.0000,-0.0448,0.1444,+16.45%,Put,09/25/26
"1,576.20s",0.00%,0.9935,0.0000,0.0000,0.0001,-24.05%,Call,09/25/26,"2,745.00",0.60s,40.33%,-0.0028,0.0000,-0.0448,0.1448,+16.29%,Put,09/25/26
"1,571.20s",0.00%,0.9935,0.0000,0.0000,0.0001,-24.05%,Call,09/25/26,"2,750.00",0.60s,40.18%,-0.0029,0.0000,-0.0447,0.1453,+16.13%,Put,09/25/26
"1,566.20s",0.00%,0.9935,0.0000,0.0000,0.0001,-24.05%,Call,09/25/26,"2,755.00",0.60s,40.02%,-0.0029,0.0000,-0.0447,0.1458,+15.97%,Put,09/25/26
"1,561.20s",0.00%,0.9935,0.0000,0.0000,0.0001,-24.05%,Call,09/25/26,"2,760.00",0.70s,40.51%,-0.0033,0.0000,-0.0510,0.1639,+16.46%,Put,09/25/26
"1,556.20s",0.00%,0.9935,0.0000,0.0000,0.0002,-24.05%,Call,09/25/26,"2,765.00",0.70s,40.35%,-0.0033,0.0000,-0.0509,0.1645,+16.30%,Put,09/25/26
"1,551.20s",0.00%,0.9935,0.0000,0.0000,0.0002,-24.05%,Call,09/25/26,"2,770.00",0.70s,40.19%,-0.0033,0.0000,-0.0509,0.1650,+16.14%,Put,09/25/26
"1,546.20s",0.00%,0.9935,0.0000,0.0000,0.0002,-24.05%,Call,09/25/26,"2,775.00",0.70s,40.03%,-0.0033,0.0000,-0.0508,0.1656,+15.98%,Put,09/25/26
"1,541.20s",0.00%,0.9935,0.0000,0.0000,0.0002,-24.05%,Call,09/25/26,"2,780.00",0.70s,39.87%,-0.0033,0.0000,-0.0507,0.1662,+15.82%,Put,09/25/26
"1,536.20s",0.00%,0.9935,0.0000,0.0000,0.0002,-24.05%,Call,09/25/26,"2,785.00",0.70s,39.71%,-0.0033,0.0000,-0.0507,0.1667,+15.67%,Put,09/25/26
"1,531.20s",0.00%,0.9935,0.0000,0.0000,0.0002,-24.05%,Call,09/25/26,"2,790.00",0.70s,39.55%,-0.0033,0.0000,-0.0506,0.1673,+15.51%,Put,09/25/26
"1,526.20s",0.00%,0.9935,0.0000,0.0000,0.0003,-24.05%,Call,09/25/26,"2,795.00",0.70s,39.40%,-0.0033,0.0000,-0.0506,0.1679,+15.35%,Put,09/25/26
"1,521.20s",0.00%,0.9935,0.0000,0.0000,0.0003,-24.05%,Call,09/25/26,"2,800.00",0.70s,39.24%,-0.0034,0.0000,-0.0505,0.1685,+15.19%,Put,09/25/26
"1,516.20s",0.00%,0.9935,0.0000,0.0000,0.0003,-24.05%,Call,09/25/26,"2,805.00",0.80s,39.64%,-0.0038,0.0000,-0.0566,0.1864,+15.60%,Put,09/25/26
"1,511.20s",0.00%,0.9935,0.0000,-0.0001,0.0003,-24.05%,Call,09/25/26,"2,810.00",0.80s,39.48%,-0.0038,0.0000,-0.0566,0.1870,+15.44%,Put,09/25/26
"1,506.20s",0.00%,0.9935,0.0000,-0.0001,0.0004,-24.05%,Call,09/25/26,"2,815.00",0.80s,39.33%,-0.0038,0.0000,-0.0565,0.1876,+15.28%,Put,09/25/26
"1,501.20s",0.00%,0.9935,0.0000,-0.0001,0.0004,-24.05%,Call,09/25/26,"2,820.00",0.80s,39.17%,-0.0038,0.0000,-0.0564,0.1883,+15.12%,Put,09/25/26
"1,496.20s",0.00%,0.9935,0.0000,-0.0001,0.0004,-24.05%,Call,09/25/26,"2,825.00",0.80s,39.01%,-0.0038,0.0000,-0.0564,0.1889,+14.96%,Put,09/25/26
"1,491.20s",0.00%,0.9935,0.0000,-0.0001,0.0005,-24.05%,Call,09/25/26,"2,830.00",0.80s,38.85%,-0.0038,0.0000,-0.0563,0.1896,+14.81%,Put,09/25/26
"1,486.20s",0.00%,0.9935,0.0000,-0.0001,0.0005,-24.05%,Call,09/25/26,"2,835.00",0.80s,38.69%,-0.0038,0.0000,-0.0562,0.1903,+14.65%,Put,09/25/26
"1,481.20s",0.00%,0.9935,0.0000,-0.0001,0.0006,-24.05%,Call,09/25/26,"2,840.00",0.90s,39.04%,-0.0042,0.0000,-0.0622,0.2079,+14.99%,Put,09/25/26
"1,476.20s",0.00%,0.9935,0.0000,-0.0001,0.0006,-24.05%,Call,09/25/26,"2,845.00",0.90s,38.88%,-0.0043,0.0000,-0.0621,0.2087,+14.83%,Put,09/25/26
"1,471.20s",0.00%,0.9935,0.0000,-0.0001,0.0007,-24.05%,Call,09/25/26,"2,850.00",0.90s,38.72%,-0.0043,0.0000,-0.0620,0.2094,+14.67%,Put,09/25/26
"1,466.20s",0.00%,0.9935,0.0000,-0.0001,0.0007,-24.05%,Call,09/25/26,"2,855.00",0.90s,38.56%,-0.0043,0.0000,-0.0619,0.2101,+14.52%,Put,09/25/26
"1,461.20s",0.00%,0.9935,0.0000,-0.0001,0.0008,-24.05%,Call,09/25/26,"2,860.00",0.90s,38.40%,-0.0043,0.0000,-0.0619,0.2109,+14.36%,Put,09/25/26
"1,456.20s",0.00%,0.9935,0.0000,-0.0001,0.0009,-24.05%,Call,09/25/26,"2,865.00",0.90s,38.25%,-0.0043,0.0000,-0.0618,0.2116,+14.20%,Put,09/25/26
"1,451.20s",0.00%,0.9935,0.0000,-0.0001,0.0009,-24.05%,Call,09/25/26,"2,870.00",0.90s,38.09%,-0.0044,0.0000,-0.0617,0.2123,+14.04%,Put,09/25/26
"1,446.20s",99.86%,0.8721,0.0001,-2.9673,3.3495,+75.82%,Call,09/25/26,"2,875.00",1.00s,38.38%,-0.0048,0.0000,-0.0675,0.2299,+14.34%,Put,09/25/26
"1,441.20s",99.53%,0.8717,0.0001,-2.9637,3.3566,+75.48%,Call,09/25/26,"2,880.00",1.00s,38.22%,-0.0048,0.0000,-0.0674,0.2307,+14.18%,Put,09/25/26
"1,436.20s",99.19%,0.8713,0.0001,-2.9601,3.3637,+75.15%,Call,09/25/26,"2,885.00",1.00s,38.06%,-0.0048,0.0000,-0.0673,0.2315,+14.02%,Put,09/25/26
"1,431.20s",98.86%,0.8710,0.0001,-2.9564,3.3708,+74.81%,Call,09/25/26,"2,890.00",1.00s,37.91%,-0.0048,0.0000,-0.0672,0.2323,+13.86%,Put,09/25/26
"1,426.20s",98.52%,0.8706,0.0001,-2.9528,3.3779,+74.47%,Call,09/25/26,"2,895.00",1.00s,37.75%,-0.0048,0.0000,-0.0672,0.2331,+13.70%,Put,09/25/26
"1,421.20s",98.18%,0.8702,0.0001,-2.9491,3.3850,+74.14%,Call,09/25/26,"2,900.00",1.00s,37.59%,-0.0048,0.0000,-0.0671,0.2340,+13.54%,Put,09/25/26
"1,416.20s",97.85%,0.8699,0.0001,-2.9454,3.3922,+73.80%,Call,09/25/26,"2,905.00",1.00s,37.43%,-0.0049,0.0000,-0.0670,0.2348,+13.39%,Put,09/25/26
"1,411.20s",97.52%,0.8695,0.0001,-2.9417,3.3994,+73.47%,Call,09/25/26,"2,910.00",1.00s,37.27%,-0.0049,0.0000,-0.0669,0.2356,+13.23%,Put,09/25/26
"1,406.20s",97.18%,0.8691,0.0001,-2.9380,3.4066,+73.14%,Call,09/25/26,"2,915.00",1.10s,37.53%,-0.0053,0.0000,-0.0725,0.2531,+13.48%,Put,09/25/26
"1,401.20s",96.85%,0.8687,0.0001,-2.9343,3.4138,+72.80%,Call,09/25/26,"2,920.00",1.10s,37.37%,-0.0053,0.0000,-0.0724,0.2540,+13.32%,Put,09/25/26
"1,396.20s",96.52%,0.8684,0.0001,-2.9306,3.4210,+72.47%,Call,09/25/26,"2,925.00",1.10s,37.21%,-0.0053,0.0000,-0.0723,0.2549,+13.16%,Put,09/25/26
"1,391.20s",96.18%,0.8680,0.0001,-2.9269,3.4283,+72.14%,Call,09/25/26,"2,930.00",1.10s,37.05%,-0.0054,0.0000,-0.0722,0.2559,+13.01%,Put,09/25/26
"1,386.20s",95.85%,0.8676,0.0001,-2.9232,3.4356,+71.81%,Call,09/25/26,"2,935.00",1.10s,36.89%,-0.0054,0.0000,-0.0722,0.2568,+12.85%,Put,09/25/26
"1,381.20s",95.52%,0.8672,0.0001,-2.9194,3.4429,+71.48%,Call,09/25/26,"2,940.00",1.10s,36.74%,-0.0054,0.0000,-0.0721,0.2577,+12.69%,Put,09/25/26
"1,376.20s",95.19%,0.8668,0.0001,-2.9157,3.4502,+71.15%,Call,09/25/26,"2,945.00",1.10s,36.58%,-0.0054,0.0000,-0.0720,0.2587,+12.53%,Put,09/25/26
"1,371.20s",94.86%,0.8664,0.0001,-2.9119,3.4575,+70.82%,Call,09/25/26,"2,950.00",1.20s,36.79%,-0.0058,0.0000,-0.0774,0.2761,+12.75%,Put,09/25/26
"1,366.20s",94.53%,0.8660,0.0001,-2.9081,3.4649,+70.49%,Call,09/25/26,"2,955.00",1.20s,36.64%,-0.0059,0.0000,-0.0773,0.2771,+12.59%,Put,09/25/26
"1,361.20s",94.20%,0.8656,0.0001,-2.9043,3.4723,+70.16%,Call,09/25/26,"2,960.00",1.20s,36.48%,-0.0059,0.0000,-0.0772,0.2781,+12.43%,Put,09/25/26
"1,356.20s",93.87%,0.8653,0.0001,-2.9005,3.4797,+69.83%,Call,09/25/26,"2,965.00",1.20s,36.32%,-0.0059,0.0000,-0.0771,0.2791,+12.27%,Put,09/25/26
"1,351.20s",93.54%,0.8649,0.0001,-2.8967,3.4871,+69.50%,Call,09/25/26,"2,970.00",1.20s,36.16%,-0.0059,0.0000,-0.0770,0.2802,+12.12%,Put,09/25/26
"1,346.20s",93.22%,0.8645,0.0001,-2.8929,3.4946,+69.17%,Call,09/25/26,"2,975.00",1.20s,36.01%,-0.0060,0.0000,-0.0769,0.2812,+11.96%,Put,09/25/26
"1,341.20s",92.89%,0.8641,0.0001,-2.8891,3.5021,+68.84%,Call,09/25/26,"2,980.00",1.20s,35.85%,-0.0060,0.0000,-0.0768,0.2822,+11.80%,Put,09/25/26
"1,336.20s",92.56%,0.8637,0.0001,-2.8853,3.5095,+68.52%,Call,09/25/26,"2,985.00",1.30s,36.03%,-0.0064,0.0000,-0.0821,0.2997,+11.99%,Put,09/25/26
"1,331.20s",92.24%,0.8633,0.0001,-2.8814,3.5171,+68.19%,Call,09/25/26,"2,990.00",1.30s,35.88%,-0.0064,0.0000,-0.0820,0.3008,+11.83%,Put,09/25/26
"1,326.20s",91.91%,0.8629,0.0001,-2.8775,3.5246,+67.86%,Call,09/25/26,"2,995.00",1.30s,35.72%,-0.0065,0.0000,-0.0819,0.3019,+11.67%,Put,09/25/26
"1,321.20s",91.58%,0.8624,0.0001,-2.8737,3.5322,+67.54%,Call,09/25/26,"3,000.00",1.30s,35.56%,-0.0065,0.0000,-0.0818,0.3030,+11.52%,Put,09/25/26
"1,316.20s",91.26%,0.8620,0.0001,-2.8698,3.5398,+67.21%,Call,09/25/26,"3,005.00",1.30s,35.40%,-0.0065,0.0000,-0.0817,0.3041,+11.36%,Put,09/25/26
"1,311.20s",90.93%,0.8616,0.0001,-2.8659,3.5474,+66.89%,Call,09/25/26,"3,010.00",1.30s,35.25%,-0.0065,0.0000,-0.0816,0.3053,+11.20%,Put,09/25/26
"1,306.20s",90.61%,0.8612,0.0001,-2.8620,3.5550,+66.56%,Call,09/25/26,"3,015.00",1.40s,35.41%,-0.0070,0.0000,-0.0868,0.3227,+11.36%,Put,09/25/26
"1,301.20s",90.28%,0.8608,0.0001,-2.8581,3.5627,+66.24%,Call,09/25/26,"3,020.00",1.40s,35.25%,-0.0070,0.0000,-0.0866,0.3239,+11.20%,Put,09/25/26
"1,296.20s",89.96%,0.8604,0.0001,-2.8542,3.5703,+65.91%,Call,09/25/26,"3,025.00",1.40s,35.09%,-0.0070,0.0000,-0.0865,0.3251,+11.05%,Put,09/25/26
"1,291.20s",89.64%,0.8600,0.0001,-2.8503,3.5780,+65.59%,Call,09/25/26,"3,030.00",1.40s,34.93%,-0.0071,0.0000,-0.0864,0.3263,+10.89%,Put,09/25/26
"1,286.20s",89.31%,0.8595,0.0001,-2.8463,3.5858,+65.27%,Call,09/25/26,"3,035.00",1.40s,34.78%,-0.0071,0.0000,-0.0863,0.3276,+10.73%,Put,09/25/26
"1,281.20s",88.99%,0.8591,0.0001,-2.8424,3.5935,+64.95%,Call,09/25/26,"3,040.00",1.40s,34.62%,-0.0071,0.0000,-0.0862,0.3288,+10.57%,Put,09/25/26
"1,276.20s",88.67%,0.8587,0.0001,-2.8384,3.6013,+64.62%,Call,09/25/26,"3,045.00",1.50s,34.76%,-0.0075,0.0000,-0.0912,0.3463,+10.71%,Put,09/25/26
"1,271.20s",88.35%,0.8583,0.0001,-2.8344,3.6091,+64.30%,Call,09/25/26,"3,050.00",1.50s,34.60%,-0.0076,0.0000,-0.0911,0.3476,+10.56%,Put,09/25/26
"1,266.20s",88.03%,0.8578,0.0001,-2.8304,3.6169,+63.98%,Call,09/25/26,"3,055.00",1.50s,34.44%,-0.0076,0.0000,-0.0910,0.3489,+10.40%,Put,09/25/26
"1,261.20s",87.71%,0.8574,0.0001,-2.8264,3.6248,+63.66%,Call,09/25/26,"3,060.00",1.50s,34.29%,-0.0076,0.0000,-0.0908,0.3502,+10.24%,Put,09/25/26
"1,256.20s",87.39%,0.8570,0.0002,-2.8224,3.6326,+63.34%,Call,09/25/26,"3,065.00",1.60s,34.41%,-0.0081,0.0000,-0.0958,0.3676,+10.36%,Put,09/25/26
"1,251.20s",87.07%,0.8565,0.0002,-2.8184,3.6405,+63.02%,Call,09/25/26,"3,070.00",1.60s,34.25%,-0.0081,0.0000,-0.0957,0.3690,+10.20%,Put,09/25/26
"1,246.20s",86.75%,0.8561,0.0002,-2.8144,3.6485,+62.70%,Call,09/25/26,"3,075.00",1.60s,34.09%,-0.0081,0.0000,-0.0955,0.3704,+10.05%,Put,09/25/26
"1,241.20s",86.43%,0.8557,0.0002,-2.8103,3.6564,+62.38%,Call,09/25/26,"3,080.00",1.60s,33.93%,-0.0082,0.0000,-0.0954,0.3718,+9.89%,Put,09/25/26
"1,236.20s",86.11%,0.8552,0.0002,-2.8063,3.6644,+62.06%,Call,09/25/26,"3,085.00",1.70s,34.04%,-0.0086,0.0000,-0.1002,0.3891,+9.99%,Put,09/25/26
"1,231.20s",85.79%,0.8548,0.0002,-2.8022,3.6724,+61.74%,Call,09/25/26,"3,090.00",1.70s,33.88%,-0.0087,0.0000,-0.1001,0.3906,+9.84%,Put,09/25/26
"1,226.20s",85.47%,0.8543,0.0002,-2.7981,3.6804,+61.43%,Call,09/25/26,"3,095.00",1.70s,33.72%,-0.0087,0.0000,-0.1000,0.3921,+9.68%,Put,09/25/26
"1,221.20s",85.15%,0.8539,0.0002,-2.7940,3.6885,+61.11%,Call,09/25/26,"3,100.00",1.70s,33.57%,-0.0087,0.0000,-0.0998,0.3936,+9.52%,Put,09/25/26
"1,216.20s",84.84%,0.8534,0.0002,-2.7899,3.6965,+60.79%,Call,09/25/26,"3,105.00",1.80s,33.66%,-0.0092,0.0000,-0.1046,0.4109,+9.61%,Put,09/25/26
"1,211.20s",84.52%,0.8530,0.0002,-2.7858,3.7046,+60.47%,Call,09/25/26,"3,110.00",1.80s,33.50%,-0.0092,0.0000,-0.1044,0.4125,+9.45%,Put,09/25/26
"1,206.20s",84.20%,0.8525,0.0002,-2.7817,3.7128,+60.16%,Call,09/25/26,"3,115.00",1.80s,33.34%,-0.0093,0.0000,-0.1043,0.4141,+9.29%,Put,09/25/26
"1,201.20s",83.89%,0.8521,0.0002,-2.7776,3.7209,+59.84%,Call,09/25/26,"3,120.00",1.80s,33.18%,-0.0093,0.0000,-0.1041,0.4157,+9.14%,Put,09/25/26
"1,196.20s",83.57%,0.8516,0.0002,-2.7734,3.7291,+59.53%,Call,09/25/26,"3,125.00",1.90s,33.26%,-0.0097,0.0000,-0.1088,0.4330,+9.21%,Put,09/25/26
"1,191.20s",83.26%,0.8511,0.0002,-2.7693,3.7373,+59.21%,Call,09/25/26,"3,130.00",1.90s,33.10%,-0.0098,0.0000,-0.1086,0.4347,+9.06%,Put,09/25/26
"1,186.20s",82.94%,0.8507,0.0002,-2.7651,3.7456,+58.90%,Call,09/25/26,"3,135.00",1.90s,32.94%,-0.0098,0.0000,-0.1084,0.4364,+8.90%,Put,09/25/26
"1,181.20s",82.63%,0.8502,0.0002,-2.7609,3.7538,+58.58%,Call,09/25/26,"3,140.00",2.00s,33.01%,-0.0103,0.0000,-0.1130,0.4536,+8.96%,Put,09/25/26
"1,176.20s",82.31%,0.8497,0.0002,-2.7567,3.7621,+58.27%,Call,09/25/26,"3,145.00",2.00s,32.85%,-0.0103,0.0001,-0.1129,0.4554,+8.80%,Put,09/25/26
"1,171.20s",82.00%,0.8493,0.0002,-2.7525,3.7705,+57.95%,Call,09/25/26,"3,150.00",2.10s,32.91%,-0.0108,0.0001,-0.1174,0.4724,+8.86%,Put,09/25/26
"1,166.20s",81.68%,0.8488,0.0002,-2.7483,3.7788,+57.64%,Call,09/25/26,"3,155.00",2.10s,32.75%,-0.0108,0.0001,-0.1172,0.4743,+8.70%,Put,09/25/26
"1,161.20s",81.37%,0.8483,0.0002,-2.7441,3.7872,+57.32%,Call,09/25/26,"3,160.00",2.10s,32.59%,-0.0109,0.0001,-0.1170,0.4762,+8.54%,Put,09/25/26
"1,156.30s",81.08%,0.8478,0.0002,-2.7414,3.7965,+57.04%,Call,09/25/26,"3,165.00",2.10s,32.43%,-0.0109,0.0001,-0.1168,0.4781,+8.38%,Put,09/25/26
"1,151.30s",80.77%,0.8473,0.0002,-2.7371,3.8050,+56.73%,Call,09/25/26,"3,170.00",2.10s,32.27%,-0.0110,0.0001,-0.1166,0.4800,+8.23%,Put,09/25/26
"1,146.30s",80.46%,0.8468,0.0002,-2.7329,3.8135,+56.41%,Call,09/25/26,"3,175.00",2.20s,32.32%,-0.0114,0.0001,-0.1211,0.4972,+8.27%,Put,09/25/26
"1,141.30s",80.15%,0.8463,0.0002,-2.7286,3.8220,+56.10%,Call,09/25/26,"3,180.00",2.20s,32.16%,-0.0115,0.0001,-0.1209,0.4992,+8.11%,Put,09/25/26
"1,136.30s",79.84%,0.8458,0.0002,-2.7243,3.8305,+55.79%,Call,09/25/26,"3,185.00",2.20s,32.00%,-0.0115,0.0001,-0.1207,0.5012,+7.95%,Put,09/25/26
"1,131.30s",79.52%,0.8453,0.0002,-2.7200,3.8390,+55.48%,Call,09/25/26,"3,190.00",2.30s,32.04%,-0.0120,0.0001,-0.1250,0.5183,+7.99%,Put,09/25/26
"1,126.30s",79.21%,0.8448,0.0002,-2.7156,3.8476,+55.17%,Call,09/25/26,"3,195.00",2.30s,31.88%,-0.0120,0.0001,-0.1248,0.5204,+7.83%,Put,09/25/26
"1,121.30s",78.90%,0.8443,0.0002,-2.7113,3.8563,+54.86%,Call,09/25/26,"3,200.00",2.20s,31.52%,-0.0117,0.0001,-0.1201,0.5073,+7.48%,Put,09/25/26
"1,116.40s",78.62%,0.8438,0.0002,-2.7085,3.8659,+54.57%,Call,09/25/26,"3,205.00",2.40s,31.75%,-0.0125,0.0001,-0.1289,0.5397,+7.70%,Put,09/25/26
"1,111.40s",78.31%,0.8433,0.0002,-2.7042,3.8745,+54.26%,Call,09/25/26,"3,210.00",2.40s,31.59%,-0.0126,0.0001,-0.1287,0.5419,+7.54%,Put,09/25/26
"1,106.40s",78.00%,0.8428,0.0002,-2.6998,3.8832,+53.95%,Call,09/25/26,"3,215.00",2.50s,31.61%,-0.0131,0.0001,-0.1329,0.5589,+7.56%,Put,09/25/26
"1,101.40s",77.69%,0.8423,0.0002,-2.6954,3.8920,+53.64%,Call,09/25/26,"3,220.00",2.50s,31.45%,-0.0131,0.0001,-0.1327,0.5612,+7.40%,Put,09/25/26
"1,096.40s",77.38%,0.8418,0.0002,-2.6910,3.9008,+53.33%,Call,09/25/26,"3,225.00",2.50s,31.29%,-0.0132,0.0001,-0.1325,0.5635,+7.24%,Put,09/25/26
"1,091.50s",77.10%,0.8412,0.0002,-2.6881,3.9105,+53.05%,Call,09/25/26,"3,230.00",2.60s,31.30%,-0.0137,0.0001,-0.1366,0.5806,+7.26%,Put,09/25/26
"1,086.50s",76.79%,0.8407,0.0002,-2.6837,3.9194,+52.74%,Call,09/25/26,"3,235.00",2.60s,31.14%,-0.0137,0.0001,-0.1364,0.5830,+7.10%,Put,09/25/26
"1,081.50s",76.48%,0.8401,0.0002,-2.6793,3.9282,+52.43%,Call,09/25/26,"3,240.00",2.60s,30.98%,-0.0138,0.0001,-0.1361,0.5854,+6.94%,Put,09/25/26
"1,076.50s",76.17%,0.8396,0.0002,-2.6748,3.9371,+52.13%,Call,09/25/26,"3,245.00",2.70s,30.99%,-0.0143,0.0001,-0.1402,0.6026,+6.95%,Put,09/25/26
"1,071.60s",75.89%,0.8390,0.0002,-2.6719,3.9470,+51.84%,Call,09/25/26,"3,250.00",2.70s,30.83%,-0.0143,0.0001,-0.1400,0.6051,+6.79%,Put,09/25/26
"1,066.60s",75.58%,0.8385,0.0002,-2.6674,3.9560,+51.54%,Call,09/25/26,"3,255.00",2.80s,30.83%,-0.0148,0.0001,-0.1440,0.6222,+6.79%,Put,09/25/26
"1,061.60s",75.27%,0.8380,0.0002,-2.6629,3.9650,+51.23%,Call,09/25/26,"3,260.00",2.80s,30.67%,-0.0149,0.0001,-0.1438,0.6248,+6.63%,Put,09/25/26
"1,056.60s",74.97%,0.8374,0.0002,-2.6583,3.9741,+50.92%,Call,09/25/26,"3,265.00",2.80s,30.51%,-0.0149,0.0001,-0.1435,0.6274,+6.47%,Put,09/25/26
"1,051.70s",74.69%,0.8368,0.0002,-2.6554,3.9841,+50.64%,Call,09/25/26,"3,270.00",2.90s,30.51%,-0.0154,0.0001,-0.1475,0.6445,+6.46%,Put,09/25/26
"1,046.70s",74.38%,0.8363,0.0002,-2.6508,3.9932,+50.33%,Call,09/25/26,"3,275.00",2.90s,30.35%,-0.0155,0.0001,-0.1472,0.6472,+6.30%,Put,09/25/26
"1,041.70s",74.07%,0.8357,0.0002,-2.6462,4.0023,+50.03%,Call,09/25/26,"3,280.00",3.00s,30.34%,-0.0160,0.0001,-0.1511,0.6644,+6.29%,Put,09/25/26
"1,036.70s",73.77%,0.8352,0.0002,-2.6416,4.0115,+49.72%,Call,09/25/26,"3,285.00",3.00s,30.18%,-0.0161,0.0001,-0.1508,0.6672,+6.13%,Put,09/25/26
"1,031.80s",73.49%,0.8346,0.0002,-2.6386,4.0217,+49.44%,Call,09/25/26,"3,290.00",3.00s,30.02%,-0.0161,0.0001,-0.1505,0.6700,+5.97%,Put,09/25/26
"1,026.80s",73.18%,0.8340,0.0002,-2.6340,4.0309,+49.14%,Call,09/25/26,"3,295.00",3.10s,30.00%,-0.0166,0.0001,-0.1544,0.6872,+5.96%,Put,09/25/26
"1,021.80s",72.88%,0.8334,0.0002,-2.6293,4.0402,+48.83%,Call,09/25/26,"3,300.00",3.10s,29.84%,-0.0167,0.0001,-0.1541,0.6902,+5.80%,Put,09/25/26
"1,016.90s",72.60%,0.8328,0.0002,-2.6262,4.0505,+48.55%,Call,09/25/26,"3,305.00",3.20s,29.82%,-0.0172,0.0001,-0.1579,0.7074,+5.78%,Put,09/25/26
"1,011.90s",72.29%,0.8322,0.0002,-2.6216,4.0598,+48.25%,Call,09/25/26,"3,310.00",3.20s,29.66%,-0.0173,0.0001,-0.1576,0.7104,+5.62%,Put,09/25/26
"1,006.90s",71.99%,0.8317,0.0002,-2.6169,4.0692,+47.94%,Call,09/25/26,"3,315.00",3.30s,29.64%,-0.0178,0.0001,-0.1613,0.7276,+5.60%,Put,09/25/26
"1,002.00s",71.71%,0.8310,0.0002,-2.6137,4.0796,+47.66%,Call,09/25/26,"3,320.00",3.30s,29.48%,-0.0179,0.0001,-0.1610,0.7307,+5.43%,Put,09/25/26
997.00s,71.41%,0.8304,0.0002,-2.6090,4.0891,+47.36%,Call,09/25/26,"3,325.00",3.30s,29.32%,-0.0179,0.0001,-0.1607,0.7339,+5.27%,Put,09/25/26
992.00s,71.10%,0.8299,0.0002,-2.6043,4.0986,+47.06%,Call,09/25/26,"3,330.00",3.40s,29.29%,-0.0184,0.0001,-0.1643,0.7512,+5.24%,Put,09/25/26
987.10s,70.82%,0.8292,0.0002,-2.6010,4.1090,+46.78%,Call,09/25/26,"3,335.00",3.40s,29.13%,-0.0185,0.0001,-0.1640,0.7545,+5.08%,Put,09/25/26
982.10s,70.52%,0.8286,0.0002,-2.5963,4.1186,+46.47%,Call,09/25/26,"3,340.00",3.50s,29.10%,-0.0190,0.0001,-0.1676,0.7718,+5.05%,Put,09/25/26
977.20s,70.24%,0.8280,0.0002,-2.5930,4.1292,+46.20%,Call,09/25/26,"3,345.00",3.50s,28.93%,-0.0191,0.0001,-0.1673,0.7752,+4.89%,Put,09/25/26
972.20s,69.94%,0.8274,0.0002,-2.5882,4.1388,+45.89%,Call,09/25/26,"3,350.00",3.60s,28.90%,-0.0196,0.0001,-0.1709,0.7926,+4.85%,Put,09/25/26
967.20s,69.64%,0.8268,0.0002,-2.5834,4.1485,+45.59%,Call,09/25/26,"3,355.00",3.60s,28.74%,-0.0197,0.0001,-0.1705,0.7961,+4.69%,Put,09/25/26
962.30s,69.36%,0.8261,0.0002,-2.5801,4.1592,+45.31%,Call,09/25/26,"3,360.00",3.70s,28.70%,-0.0203,0.0001,-0.1740,0.8135,+4.65%,Put,09/25/26
957.30s,69.06%,0.8255,0.0002,-2.5752,4.1690,+45.01%,Call,09/25/26,"3,365.00",3.70s,28.54%,-0.0204,0.0001,-0.1737,0.8171,+4.49%,Put,09/25/26
952.40s,68.78%,0.8248,0.0002,-2.5719,4.1797,+44.73%,Call,09/25/26,"3,370.00",3.80s,28.50%,-0.0209,0.0001,-0.1771,0.8345,+4.45%,Put,09/25/26
947.40s,68.48%,0.8242,0.0002,-2.5670,4.1896,+44.43%,Call,09/25/26,"3,375.00",3.80s,28.33%,-0.0210,0.0001,-0.1768,0.8382,+4.29%,Put,09/25/26
942.50s,68.20%,0.8235,0.0002,-2.5636,4.2004,+44.15%,Call,09/25/26,"3,380.00",3.90s,28.29%,-0.0215,0.0001,-0.1802,0.8557,+4.24%,Put,09/25/26
937.50s,67.90%,0.8229,0.0002,-2.5587,4.2104,+43.85%,Call,09/25/26,"3,385.00",3.90s,28.12%,-0.0216,0.0001,-0.1798,0.8596,+4.08%,Put,09/25/26
932.60s,67.62%,0.8222,0.0002,-2.5552,4.2213,+43.58%,Call,09/25/26,"3,390.00",4.00s,28.08%,-0.0221,0.0001,-0.1832,0.8771,+4.03%,Put,09/25/26
927.60s,67.32%,0.8215,0.0002,-2.5502,4.2313,+43.28%,Call,09/25/26,"3,395.00",4.10s,28.03%,-0.0227,0.0001,-0.1865,0.8946,+3.98%,Put,09/25/26
922.70s,67.04%,0.8208,0.0002,-2.5468,4.2423,+43.00%,Call,09/25/26,"3,400.00",4.00s,27.75%,-0.0224,0.0001,-0.1823,0.8851,+3.70%,Put,09/25/26
917.70s,66.74%,0.8202,0.0002,-2.5418,4.2524,+42.70%,Call,09/25/26,"3,405.00",4.20s,27.81%,-0.0233,0.0001,-0.1894,0.9163,+3.76%,Put,09/25/26
912.80s,66.47%,0.8195,0.0002,-2.5382,4.2635,+42.42%,Call,09/25/26,"3,410.00",4.20s,27.64%,-0.0234,0.0001,-0.1889,0.9204,+3.60%,Put,09/25/26
907.80s,66.17%,0.8188,0.0002,-2.5332,4.2737,+42.12%,Call,09/25/26,"3,415.00",4.30s,27.59%,-0.0240,0.0001,-0.1922,0.9381,+3.54%,Put,09/25/26
902.90s,65.89%,0.8181,0.0002,-2.5296,4.2848,+41.84%,Call,09/25/26,"3,420.00",4.30s,27.42%,-0.0241,0.0001,-0.1917,0.9424,+3.38%,Put,09/25/26
898.00s,65.61%,0.8174,0.0002,-2.5260,4.2960,+41.57%,Call,09/25/26,"3,425.00",4.40s,27.36%,-0.0247,0.0001,-0.1949,0.9602,+3.32%,Put,09/25/26
893.00s,65.31%,0.8167,0.0002,-2.5209,4.3063,+41.27%,Call,09/25/26,"3,430.00",4.50s,27.30%,-0.0252,0.0001,-0.1980,0.9779,+3.26%,Put,09/25/26
888.10s,65.04%,0.8160,0.0002,-2.5172,4.3176,+40.99%,Call,09/25/26,"3,435.00",4.50s,27.14%,-0.0253,0.0001,-0.1976,0.9824,+3.09%,Put,09/25/26
883.10s,64.74%,0.8153,0.0002,-2.5121,4.3280,+40.69%,Call,09/25/26,"3,440.00",4.60s,27.07%,-0.0259,0.0001,-0.2007,1.0002,+3.03%,Put,09/25/26
878.20s,64.46%,0.8145,0.0002,-2.5084,4.3394,+40.42%,Call,09/25/26,"3,445.00",4.70s,27.01%,-0.0264,0.0001,-0.2037,1.0181,+2.96%,Put,09/25/26
873.30s,64.19%,0.8138,0.0002,-2.5047,4.3508,+40.14%,Call,09/25/26,"3,450.00",6.00,28.02%,-0.0317,0.0002,-0.2478,1.1826,+3.98%,Put,"22:53 CT"
868.30s,63.89%,0.8131,0.0002,-2.4995,4.3614,+39.84%,Call,09/25/26,"3,455.00",4.80s,26.77%,-0.0271,0.0001,-0.2062,1.0408,+2.73%,Put,09/25/26
863.40s,63.61%,0.8123,0.0002,-2.4957,4.3729,+39.57%,Call,09/25/26,"3,460.00",4.90s,26.70%,-0.0277,0.0001,-0.2092,1.0587,+2.66%,Put,09/25/26
858.50s,63.34%,0.8116,0.0003,-2.4919,4.3844,+39.29%,Call,09/25/26,"3,465.00",4.90s,26.54%,-0.0279,0.0001,-0.2087,1.0637,+2.49%,Put,09/25/26
853.50s,63.04%,0.8109,0.0003,-2.4867,4.3951,+38.99%,Call,09/25/26,"3,470.00",5.00s,26.46%,-0.0284,0.0001,-0.2116,1.0817,+2.42%,Put,09/25/26
848.60s,62.76%,0.8101,0.0003,-2.4828,4.4068,+38.72%,Call,09/25/26,"3,475.00",5.10s,26.39%,-0.0290,0.0002,-0.2145,1.0998,+2.34%,Put,09/25/26
843.70s,62.49%,0.8093,0.0003,-2.4790,4.4185,+38.44%,Call,09/25/26,"3,480.00",5.20s,26.31%,-0.0296,0.0002,-0.2174,1.1179,+2.27%,Put,09/25/26
838.80s,62.21%,0.8085,0.0003,-2.4751,4.4302,+38.17%,Call,09/25/26,"3,485.00",5.20s,26.15%,-0.0298,0.0002,-0.2168,1.1232,+2.10%,Put,09/25/26
833.80s,61.92%,0.8078,0.0003,-2.4697,4.4411,+37.87%,Call,09/25/26,"3,490.00",5.30s,26.07%,-0.0303,0.0002,-0.2196,1.1414,+2.02%,Put,09/25/26
828.90s,61.64%,0.8070,0.0003,-2.4658,4.4529,+37.59%,Call,09/25/26,"3,495.00",5.40s,25.99%,-0.0309,0.0002,-0.2224,1.1596,+1.94%,Put,09/25/26
824.00s,61.36%,0.8062,0.0003,-2.4618,4.4648,+37.32%,Call,09/25/26,"3,500.00",5.40s,25.82%,-0.0311,0.0002,-0.2218,1.1653,+1.77%,Put,09/25/26
819.10s,61.09%,0.8053,0.0003,-2.4578,4.4767,+37.04%,Call,09/25/26,"3,505.00",5.60s,25.82%,-0.0321,0.0002,-0.2278,1.1962,+1.78%,Put,09/25/26
814.20s,60.81%,0.8045,0.0003,-2.4538,4.4887,+36.77%,Call,09/25/26,"3,510.00",5.60s,25.65%,-0.0323,0.0002,-0.2272,1.2020,+1.61%,Put,09/25/26
809.30s,60.54%,0.8037,0.0003,-2.4497,4.5007,+36.49%,Call,09/25/26,"3,515.00",5.70s,25.57%,-0.0329,0.0002,-0.2298,1.2204,+1.52%,Put,09/25/26
804.30s,60.24%,0.8029,0.0003,-2.4442,4.5118,+36.20%,Call,09/25/26,"3,520.00",5.80s,25.48%,-0.0335,0.0002,-0.2325,1.2389,+1.44%,Put,09/25/26
799.40s,59.97%,0.8021,0.0003,-2.4401,4.5240,+35.92%,Call,09/25/26,"3,525.00",5.90s,25.39%,-0.0341,0.0002,-0.2350,1.2574,+1.35%,Put,09/25/26
794.50s,59.69%,0.8013,0.0003,-2.4360,4.5361,+35.65%,Call,09/25/26,"3,530.00",6.00s,25.30%,-0.0347,0.0002,-0.2376,1.2760,+1.26%,Put,09/25/26
789.60s,59.42%,0.8004,0.0003,-2.4318,4.5483,+35.37%,Call,09/25/26,"3,535.00",6.10s,25.21%,-0.0353,0.0002,-0.2401,1.2946,+1.17%,Put,09/25/26
784.70s,59.14%,0.7995,0.0003,-2.4276,4.5606,+35.10%,Call,09/25/26,"3,540.00",6.20s,25.12%,-0.0360,0.0002,-0.2426,1.3132,+1.07%,Put,09/25/26
779.80s,58.87%,0.7987,0.0003,-2.4234,4.5729,+34.82%,Call,09/25/26,"3,545.00",6.30s,25.03%,-0.0366,0.0002,-0.2450,1.3319,+0.98%,Put,09/25/26
774.90s,58.59%,0.7978,0.0003,-2.4191,4.5853,+34.55%,Call,09/25/26,"3,550.00",6.40s,24.93%,-0.0372,0.0002,-0.2474,1.3507,+0.88%,Put,09/25/26
770.00s,58.32%,0.7969,0.0003,-2.4149,4.5977,+34.27%,Call,09/25/26,"3,555.00",6.50s,24.83%,-0.0379,0.0002,-0.2498,1.3695,+0.79%,Put,09/25/26
765.10s,58.04%,0.7960,0.0003,-2.4105,4.6102,+34.00%,Call,09/25/26,"3,560.00",6.60s,24.74%,-0.0385,0.0002,-0.2521,1.3884,+0.69%,Put,09/25/26
760.20s,57.77%,0.7952,0.0003,-2.4062,4.6227,+33.72%,Call,09/25/26,"3,565.00",6.70s,24.64%,-0.0392,0.0002,-0.2544,1.4074,+0.59%,Put,09/25/26
755.40s,57.52%,0.7942,0.0003,-2.4032,4.6362,+33.47%,Call,09/25/26,"3,570.00",6.80s,24.54%,-0.0398,0.0002,-0.2567,1.4264,+0.49%,Put,09/25/26
750.50s,57.24%,0.7933,0.0003,-2.3988,4.6488,+33.19%,Call,09/25/26,"3,575.00",6.90s,24.43%,-0.0405,0.0002,-0.2590,1.4455,+0.39%,Put,09/25/26
745.60s,56.97%,0.7924,0.0003,-2.3944,4.6614,+32.92%,Call,09/25/26,"3,580.00",7.00s,24.33%,-0.0411,0.0002,-0.2612,1.4646,+0.29%,Put,09/25/26
740.70s,56.69%,0.7915,0.0003,-2.3899,4.6742,+32.64%,Call,09/25/26,"3,585.00",7.20s,24.29%,-0.0422,0.0002,-0.2663,1.4954,+0.25%,Put,09/25/26
735.80s,56.42%,0.7905,0.0003,-2.3854,4.6869,+32.37%,Call,09/25/26,"3,590.00",7.30s,24.19%,-0.0429,0.0002,-0.2684,1.5147,+0.14%,Put,09/25/26
731.00s,56.16%,0.7895,0.0003,-2.3822,4.7006,+32.12%,Call,09/25/26,"3,595.00",7.40s,24.08%,-0.0435,0.0002,-0.2705,1.5340,+0.04%,Put,09/25/26
726.10s,55.89%,0.7886,0.0003,-2.3777,4.7135,+31.84%,Call,09/25/26,"3,600.00",7.50s,23.97%,-0.0442,0.0002,-0.2725,1.5535,-0.07%,Put,09/25/26
721.20s,55.61%,0.7876,0.0003,-2.3731,4.7265,+31.57%,Call,09/25/26,"3,605.00",7.60s,23.86%,-0.0449,0.0002,-0.2745,1.5730,-0.18%,Put,09/25/26
716.40s,55.36%,0.7866,0.0003,-2.3698,4.7403,+31.31%,Call,09/25/26,"3,610.00",7.80s,23.81%,-0.0460,0.0002,-0.2794,1.6038,-0.23%,Put,09/25/26
711.50s,55.08%,0.7856,0.0003,-2.3651,4.7534,+31.04%,Call,09/25/26,"3,615.00",7.90s,23.70%,-0.0467,0.0002,-0.2813,1.6235,-0.34%,Put,09/25/26
706.60s,54.81%,0.7847,0.0003,-2.3604,4.7665,+30.76%,Call,09/25/26,"3,620.00",8.00s,23.59%,-0.0474,0.0003,-0.2832,1.6432,-0.46%,Put,09/25/26
701.80s,54.55%,0.7836,0.0003,-2.3570,4.7805,+30.51%,Call,09/25/26,"3,625.00",8.30s,23.59%,-0.0490,0.0003,-0.2906,1.6851,-0.45%,Put,09/25/26
696.90s,54.28%,0.7826,0.0003,-2.3523,4.7937,+30.23%,Call,09/25/26,"3,630.00",8.30s,23.42%,-0.0493,0.0003,-0.2896,1.6940,-0.63%,Put,09/25/26
692.10s,54.02%,0.7816,0.0003,-2.3488,4.8078,+29.98%,Call,09/25/26,"3,635.00",8.50s,23.36%,-0.0504,0.0003,-0.2942,1.7249,-0.68%,Put,09/25/26
687.20s,53.75%,0.7806,0.0003,-2.3439,4.8211,+29.70%,Call,09/25/26,"3,640.00",8.60s,23.24%,-0.0511,0.0003,-0.2959,1.7450,-0.80%,Put,09/25/26
682.40s,53.49%,0.7795,0.0003,-2.3404,4.8353,+29.44%,Call,09/25/26,"3,645.00",8.80s,23.18%,-0.0523,0.0003,-0.3003,1.7759,-0.87%,Put,09/25/26
677.60s,53.23%,0.7784,0.0003,-2.3368,4.8496,+29.19%,Call,09/25/26,"3,650.00",9.00s,23.11%,-0.0534,0.0003,-0.3046,1.8068,-0.93%,Put,09/25/26
672.70s,52.96%,0.7774,0.0003,-2.3318,4.8631,+28.91%,Call,09/25/26,"3,655.00",8.80s,22.83%,-0.0530,0.0003,-0.2981,1.7952,-1.22%,Put,09/25/26
667.90s,52.70%,0.7762,0.0003,-2.3282,4.8774,+28.66%,Call,09/25/26,"3,660.00",9.20s,22.87%,-0.0550,0.0003,-0.3077,1.8476,-1.18%,Put,09/25/26
663.10s,52.45%,0.7751,0.0003,-2.3244,4.8918,+28.40%,Call,09/25/26,"3,665.00",9.40s,22.80%,-0.0561,0.0003,-0.3119,1.8787,-1.25%,Put,09/25/26
658.20s,52.17%,0.7741,0.0003,-2.3194,4.9055,+28.13%,Call,09/25/26,"3,670.00",9.30s,22.57%,-0.0561,0.0003,-0.3080,1.8785,-1.48%,Put,09/25/26
653.40s,51.91%,0.7729,0.0003,-2.3156,4.9200,+27.87%,Call,09/25/26,"3,675.00",9.40s,22.44%,-0.0569,0.0003,-0.3095,1.8994,-1.61%,Put,09/25/26
648.60s,51.66%,0.7718,0.0003,-2.3117,4.9346,+27.61%,Call,09/25/26,"3,680.00",10.80,22.97%,-0.0628,0.0003,-0.3441,2.0503,-1.08%,Put,"18:00 CT"
643.80s,51.40%,0.7706,0.0003,-2.3078,4.9492,+27.36%,Call,09/25/26,"3,685.00",10.10s,22.44%,-0.0605,0.0003,-0.3251,1.9927,-1.60%,Put,09/25/26
639.00s,51.14%,0.7695,0.0004,-2.3039,4.9639,+27.10%,Call,09/25/26,"3,690.00",11.20s,22.79%,-0.0652,0.0003,-0.3514,2.1109,-1.25%,Put,09/25/26
634.20s,50.89%,0.7683,0.0004,-2.2999,4.9786,+26.84%,Call,09/25/26,"3,695.00",11.40s,22.71%,-0.0664,0.0003,-0.3549,2.1413,-1.34%,Put,09/25/26
629.40s,50.63%,0.7671,0.0004,-2.2959,4.9934,+26.58%,Call,09/25/26,"3,700.00",15.50,24.28%,-0.0811,0.0004,-0.4492,2.4947,+0.24%,Put,"00:21 CT"
624.60s,50.37%,0.7659,0.0004,-2.2918,5.0083,+26.33%,Call,09/25/26,"3,705.00",10.90s,22.10%,-0.0654,0.0003,-0.3398,2.1175,-1.94%,Put,09/25/26
619.80s,50.11%,0.7647,0.0004,-2.2876,5.0232,+26.07%,Call,09/25/26,"3,710.00",11.10s,22.02%,-0.0667,0.0004,-0.3433,2.1487,-2.03%,Put,09/25/26
615.10s,49.88%,0.7634,0.0004,-2.2847,5.0389,+25.83%,Call,09/25/26,"3,715.00",11.30s,21.92%,-0.0679,0.0004,-0.3467,2.1801,-2.12%,Put,09/25/26
610.30s,49.62%,0.7622,0.0004,-2.2805,5.0539,+25.57%,Call,09/25/26,"3,720.00",11.50s,21.83%,-0.0692,0.0004,-0.3500,2.2114,-2.21%,Put,09/25/26
605.50s,49.36%,0.7609,0.0004,-2.2762,5.0689,+25.31%,Call,09/25/26,"3,725.00",11.80s,21.78%,-0.0709,0.0004,-0.3557,2.2522,-2.26%,Put,09/25/26
600.80s,49.12%,0.7596,0.0004,-2.2732,5.0848,+25.07%,Call,09/25/26,"3,730.00",11.60s,21.51%,-0.0706,0.0004,-0.3494,2.2463,-2.54%,Put,09/25/26
596.00s,48.86%,0.7583,0.0004,-2.2688,5.1000,+24.81%,Call,09/25/26,"3,735.00",12.20s,21.59%,-0.0735,0.0004,-0.3619,2.3151,-2.46%,Put,09/25/26
591.30s,48.62%,0.7570,0.0004,-2.2656,5.1159,+24.57%,Call,09/25/26,"3,740.00",12.50s,21.53%,-0.0752,0.0004,-0.3672,2.3557,-2.52%,Put,09/25/26
586.50s,48.36%,0.7557,0.0004,-2.2611,5.1312,+24.31%,Call,09/25/26,"3,745.00",12.70s,21.43%,-0.0765,0.0004,-0.3702,2.3873,-2.62%,Put,09/25/26
560.90s,43.99%,0.7692,0.0004,-1.9885,4.9667,+19.94%,Call,09/25/26,"3,750.00",20.00,21.36%,-0.0782,0.0004,-0.3753,2.4278,-2.68%,Put,"00:57 CT"
577.60s,47.97%,0.7526,0.0004,-2.2607,5.1671,+23.93%,Call,09/25/26,"3,755.00",14.60s,21.81%,-0.0847,0.0004,-0.4090,2.5770,-2.23%,Put,09/25/26
552.10s,43.65%,0.7659,0.0004,-1.9915,5.0077,+19.61%,Call,09/25/26,"3,760.00",13.50s,21.19%,-0.0813,0.0004,-0.3829,2.4999,-2.86%,Put,09/25/26
549.90s,43.92%,0.7626,0.0004,-2.0216,5.0488,+19.87%,Call,09/25/26,"3,765.00",13.80s,21.12%,-0.0831,0.0004,-0.3877,2.5403,-2.93%,Put,09/25/26
543.50s,43.35%,0.7624,0.0004,-1.9968,5.0504,+19.31%,Call,09/25/26,"3,770.00",14.00s,21.01%,-0.0844,0.0004,-0.3902,2.5722,-3.04%,Put,09/25/26
541.70s,43.69%,0.7588,0.0004,-2.0315,5.0946,+19.65%,Call,09/25/26,"3,775.00",14.30s,20.93%,-0.0862,0.0005,-0.3948,2.6126,-3.12%,Put,09/25/26
553.50s,46.64%,0.7459,0.0004,-2.2355,5.2438,+22.60%,Call,09/25/26,"3,780.00",14.60s,20.85%,-0.0880,0.0005,-0.3993,2.6529,-3.19%,Put,09/25/26
549.20s,46.48%,0.7442,0.0004,-2.2367,5.2629,+22.43%,Call,09/25/26,"3,785.00",14.90s,20.77%,-0.0898,0.0005,-0.4036,2.6931,-3.27%,Put,09/25/26
544.50s,46.23%,0.7427,0.0004,-2.2329,5.2793,+22.19%,Call,09/25/26,"3,790.00",15.20s,20.69%,-0.0916,0.0005,-0.4078,2.7334,-3.36%,Put,09/25/26
539.50s,45.93%,0.7415,0.0004,-2.2254,5.2937,+21.88%,Call,09/25/26,"3,795.00",15.80s,20.71%,-0.0945,0.0005,-0.4181,2.7971,-3.33%,Put,09/25/26
542.60s,47.15%,0.7352,0.0004,-2.3152,5.3612,+23.10%,Call,09/25/26,"3,800.00",26.40,22.93%,-0.1189,0.0005,-0.5590,3.2999,-1.11%,Put,"01:37 CT"
530.10s,45.44%,0.7384,0.0004,-2.2175,5.3266,+21.39%,Call,09/25/26,"3,805.00",16.20s,20.46%,-0.0975,0.0005,-0.4219,2.8618,-3.58%,Put,09/25/26
525.50s,45.21%,0.7368,0.0004,-2.2146,5.3439,+21.17%,Call,09/25/26,"3,810.00",16.20s,20.27%,-0.0983,0.0005,-0.4196,2.8791,-3.78%,Put,09/25/26
520.90s,44.98%,0.7352,0.0004,-2.2117,5.3611,+20.94%,Call,09/25/26,"3,815.00",16.90s,20.31%,-0.1016,0.0005,-0.4312,2.9495,-3.74%,Put,09/25/26
516.20s,44.74%,0.7337,0.0004,-2.2075,5.3778,+20.69%,Call,09/25/26,"3,820.00",17.20s,20.21%,-0.1035,0.0005,-0.4347,2.9896,-3.83%,Put,09/25/26
511.60s,44.51%,0.7320,0.0004,-2.2044,5.3951,+20.46%,Call,09/25/26,"3,825.00",17.60s,20.15%,-0.1058,0.0005,-0.4400,3.0370,-3.90%,Put,09/25/26
507.00s,44.28%,0.7304,0.0004,-2.2012,5.4124,+20.23%,Call,09/25/26,"3,830.00",17.90s,20.05%,-0.1078,0.0006,-0.4433,3.0771,-4.00%,Put,09/25/26
502.40s,44.05%,0.7287,0.0004,-2.1979,5.4298,+20.00%,Call,09/25/26,"3,835.00",18.40s,20.01%,-0.1104,0.0006,-0.4502,3.1313,-4.04%,Put,09/25/26
480.60s,40.62%,0.7385,0.0005,-1.9881,5.3256,+16.58%,Call,09/25/26,"3,840.00",18.00s,19.68%,-0.1100,0.0006,-0.4400,3.1224,-4.37%,Put,09/25/26
493.20s,43.58%,0.7253,0.0005,-2.1912,5.4646,+19.54%,Call,09/25/26,"3,845.00",19.20s,19.85%,-0.1151,0.0006,-0.4598,3.2251,-4.19%,Put,09/25/26
488.70s,43.37%,0.7236,0.0005,-2.1889,5.4826,+19.32%,Call,09/25/26,"3,850.00",30.00,22.69%,-0.1476,0.0006,-0.6426,3.8300,-1.35%,Put,"00:22 CT"
484.10s,43.13%,0.7218,0.0005,-2.1853,5.5001,+19.09%,Call,09/25/26,"3,855.00",21.20s,20.05%,-0.1238,0.0006,-0.4902,3.3944,-4.00%,Put,09/25/26
479.50s,42.90%,0.7201,0.0005,-2.1816,5.5175,+18.85%,Call,09/25/26,"3,860.00",20.40s,19.60%,-0.1222,0.0006,-0.4730,3.3649,-4.44%,Put,09/25/26
475.00s,42.68%,0.7183,0.0005,-2.1790,5.5356,+18.64%,Call,09/25/26,"3,865.00",20.30s,19.37%,-0.1230,0.0006,-0.4682,3.3795,-4.68%,Put,09/25/26
470.50s,42.46%,0.7164,0.0005,-2.1763,5.5537,+18.42%,Call,09/25/26,"3,870.00",21.20s,19.42%,-0.1271,0.0006,-0.4810,3.4578,-4.62%,Put,09/25/26
466.00s,42.25%,0.7146,0.0005,-2.1735,5.5717,+18.20%,Call,09/25/26,"3,875.00",32.50,22.21%,-0.1602,0.0007,-0.6620,4.0422,-1.83%,Put,"21:55 CT"
461.50s,42.03%,0.7127,0.0005,-2.1706,5.5898,+17.98%,Call,09/25/26,"3,880.00",22.20s,19.29%,-0.1327,0.0007,-0.4918,3.5624,-4.75%,Put,09/25/26
457.00s,41.81%,0.7108,0.0005,-2.1676,5.6079,+17.76%,Call,09/25/26,"3,885.00",22.70s,19.22%,-0.1355,0.0007,-0.4969,3.6143,-4.83%,Put,09/25/26
452.50s,41.59%,0.7089,0.0005,-2.1646,5.6259,+17.54%,Call,09/25/26,"3,890.00",23.30s,19.17%,-0.1387,0.0007,-0.5034,3.6717,-4.87%,Put,09/25/26
448.00s,41.36%,0.7069,0.0005,-2.1614,5.6440,+17.32%,Call,09/25/26,"3,895.00",23.80s,19.10%,-0.1415,0.0007,-0.5081,3.7231,-4.95%,Put,09/25/26
443.60s,41.16%,0.7049,0.0005,-2.1592,5.6626,+17.11%,Call,09/25/26,"3,900.00",40.60,22.37%,-0.1802,0.0007,-0.7205,4.3578,-1.68%,Put,"01:36 CT"
439.10s,40.94%,0.7029,0.0005,-2.1558,5.6806,+16.89%,Call,09/25/26,"3,905.00",24.90s,18.96%,-0.1477,0.0007,-0.5185,3.8306,-5.09%,Put,09/25/26
434.70s,40.73%,0.7009,0.0005,-2.1534,5.6991,+16.68%,Call,09/25/26,"3,910.00",25.40s,18.87%,-0.1506,0.0007,-0.5226,3.8813,-5.18%,Put,09/25/26
430.30s,40.52%,0.6988,0.0005,-2.1509,5.7176,+16.48%,Call,09/25/26,"3,915.00",26.00s,18.81%,-0.1539,0.0008,-0.5281,3.9370,-5.24%,Put,09/25/26
425.90s,40.31%,0.6967,0.0005,-2.1483,5.7361,+16.27%,Call,09/25/26,"3,920.00",26.60s,18.74%,-0.1572,0.0008,-0.5333,3.9923,-5.31%,Put,09/25/26
421.50s,40.10%,0.6946,0.0005,-2.1455,5.7545,+16.06%,Call,09/25/26,"3,925.00",27.70s,18.79%,-0.1620,0.0008,-0.5459,4.0712,-5.26%,Put,09/25/26
417.10s,39.89%,0.6925,0.0005,-2.1427,5.7729,+15.85%,Call,09/25/26,"3,930.00",27.80s,18.59%,-0.1638,0.0008,-0.5430,4.1018,-5.45%,Put,09/25/26
412.80s,39.70%,0.6903,0.0005,-2.1408,5.7917,+15.65%,Call,09/25/26,"3,935.00",28.40s,18.51%,-0.1672,0.0008,-0.5476,4.1561,-5.53%,Put,09/25/26
408.40s,39.48%,0.6881,0.0005,-2.1377,5.8100,+15.44%,Call,09/25/26,"3,940.00",29.10s,18.46%,-0.1709,0.0008,-0.5533,4.2146,-5.59%,Put,09/25/26
404.10s,39.29%,0.6859,0.0005,-2.1356,5.8287,+15.24%,Call,09/25/26,"3,945.00",29.70s,18.37%,-0.1743,0.0008,-0.5574,4.2681,-5.67%,Put,09/25/26
399.80s,39.09%,0.6836,0.0005,-2.1333,5.8474,+15.04%,Call,09/25/26,"3,950.00",45.50,21.60%,-0.2132,0.0008,-0.7659,4.8250,-2.45%,Put,"22:49 CT"
395.50s,38.89%,0.6813,0.0005,-2.1309,5.8659,+14.84%,Call,09/25/26,"3,955.00",31.10s,18.24%,-0.1818,0.0009,-0.5675,4.3828,-5.81%,Put,09/25/26
391.20s,38.69%,0.6790,0.0005,-2.1284,5.8844,+14.64%,Call,09/25/26,"3,960.00",32.10s,18.23%,-0.1864,0.0009,-0.5764,4.4513,-5.81%,Put,09/25/26
387.00s,38.50%,0.6766,0.0006,-2.1268,5.9032,+14.46%,Call,09/25/26,"3,965.00",32.30s,18.05%,-0.1889,0.0009,-0.5739,4.4877,-6.00%,Put,09/25/26
382.70s,38.30%,0.6743,0.0006,-2.1239,5.9216,+14.25%,Call,09/25/26,"3,970.00",33.70s,18.12%,-0.1946,0.0009,-0.5875,4.5699,-5.92%,Put,09/25/26
378.50s,38.11%,0.6718,0.0006,-2.1220,5.9402,+14.07%,Call,09/25/26,"3,975.00",34.00s,17.95%,-0.1974,0.0009,-0.5859,4.6102,-6.09%,Put,09/25/26
374.30s,37.92%,0.6694,0.0006,-2.1200,5.9587,+13.88%,Call,09/25/26,"3,980.00",34.80s,17.89%,-0.2016,0.0009,-0.5908,4.6685,-6.16%,Put,09/25/26
370.10s,37.73%,0.6669,0.0006,-2.1178,5.9771,+13.69%,Call,09/25/26,"3,985.00",34.60s,17.61%,-0.2033,0.0010,-0.5824,4.6914,-6.44%,Put,09/25/26
365.90s,37.54%,0.6644,0.0006,-2.1154,5.9954,+13.50%,Call,09/25/26,"3,990.00",36.40s,17.75%,-0.2101,0.0010,-0.5997,4.7833,-6.30%,Put,09/25/26
361.80s,37.36%,0.6618,0.0006,-2.1140,6.0139,+13.32%,Call,09/25/26,"3,995.00",35.90s,17.40%,-0.2111,0.0010,-0.5871,4.7973,-6.64%,Put,09/25/26
265.80,37.17%,0.6593,0.0006,-2.1113,6.0320,+13.12%,Call,"01:29 CT","4,000.00",52.50,20.44%,-0.2483,0.0009,-0.7811,5.2522,-3.60%,Put,"20:44 CT"
353.50s,36.99%,0.6567,0.0006,-2.1095,6.0502,+12.95%,Call,09/25/26,"4,005.00",37.90s,17.33%,-0.2209,0.0010,-0.5995,4.9239,-6.72%,Put,09/25/26
349.40s,36.81%,0.6540,0.0006,-2.1075,6.0683,+12.76%,Call,09/25/26,"4,010.00",39.80s,17.46%,-0.2279,0.0010,-0.6161,5.0117,-6.58%,Put,09/25/26
345.40s,36.64%,0.6513,0.0006,-2.1064,6.0865,+12.60%,Call,09/25/26,"4,015.00",40.70s,17.39%,-0.2326,0.0011,-0.6199,5.0686,-6.66%,Put,09/25/26
341.30s,36.46%,0.6486,0.0006,-2.1041,6.1043,+12.41%,Call,09/25/26,"4,020.00",41.60s,17.32%,-0.2373,0.0011,-0.6235,5.1247,-6.73%,Put,09/25/26
337.30s,36.29%,0.6459,0.0006,-2.1026,6.1221,+12.25%,Call,09/25/26,"4,025.00",42.50s,17.24%,-0.2420,0.0011,-0.6266,5.1801,-6.81%,Put,09/25/26
333.20s,36.10%,0.6431,0.0006,-2.1000,6.1395,+12.06%,Call,09/25/26,"4,030.00",43.50s,17.17%,-0.2470,0.0011,-0.6306,5.2373,-6.87%,Put,09/25/26
329.30s,35.95%,0.6403,0.0006,-2.0991,6.1573,+11.90%,Call,09/25/26,"4,035.00",44.50s,17.11%,-0.2520,0.0011,-0.6342,5.2935,-6.94%,Put,09/25/26
312.40s,33.68%,0.6426,0.0007,-1.9678,6.1426,+9.63%,Call,09/25/26,"4,040.00",45.50s,17.03%,-0.2571,0.0011,-0.6374,5.3489,-7.01%,Put,09/25/26
321.30s,35.60%,0.6346,0.0006,-2.0949,6.1916,+11.55%,Call,09/25/26,"4,045.00",47.30s,17.10%,-0.2638,0.0011,-0.6491,5.4199,-6.94%,Put,09/25/26
317.70s,35.48%,0.6315,0.0006,-2.0964,6.2093,+11.44%,Call,09/25/26,"4,050.00",74.90,21.71%,-0.3082,0.0010,-0.9293,5.8332,-2.33%,Put,"00:42 CT"
313.50s,35.27%,0.6287,0.0006,-2.0918,6.2256,+11.23%,Call,09/25/26,"4,055.00",48.60s,16.81%,-0.2728,0.0012,-0.6458,5.5116,-7.23%,Put,09/25/26
309.60s,35.11%,0.6257,0.0006,-2.0900,6.2422,+11.06%,Call,09/25/26,"4,060.00",49.70s,16.74%,-0.2783,0.0012,-0.6486,5.5652,-7.31%,Put,09/25/26
305.80s,34.96%,0.6227,0.0006,-2.0889,6.2587,+10.91%,Call,09/25/26,"4,065.00",50.80s,16.67%,-0.2838,0.0012,-0.6508,5.6178,-7.38%,Put,09/25/26
301.90s,34.79%,0.6197,0.0007,-2.0867,6.2748,+10.74%,Call,09/25/26,"4,070.00",53.20s,16.82%,-0.2916,0.0012,-0.6662,5.6898,-7.23%,Put,09/25/26
298.10s,34.63%,0.6166,0.0007,-2.0852,6.2907,+10.59%,Call,09/25/26,"4,075.00",53.10s,16.52%,-0.2951,0.0013,-0.6552,5.7214,-7.52%,Put,09/25/26
294.30s,34.48%,0.6135,0.0007,-2.0835,6.3064,+10.43%,Call,09/25/26,"4,080.00",54.30s,16.45%,-0.3009,0.0013,-0.6572,5.7722,-7.60%,Put,09/25/26
290.60s,34.33%,0.6103,0.0007,-2.0825,6.3220,+10.29%,Call,09/25/26,"4,085.00",61.50s,17.40%,-0.3158,0.0012,-0.7185,5.8944,-6.65%,Put,09/25/26
286.80s,34.17%,0.6071,0.0007,-2.0804,6.3371,+10.13%,Call,09/25/26,"4,090.00",56.80s,16.31%,-0.3129,0.0013,-0.6609,5.8715,-7.73%,Put,09/25/26
283.10s,34.02%,0.6039,0.0007,-2.0790,6.3520,+9.98%,Call,09/25/26,"4,095.00",84.80,20.67%,-0.3494,0.0011,-0.9181,6.1332,-3.38%,Put,"21:58 CT"
279.40s,33.88%,0.6007,0.0007,-2.0773,6.3665,+9.83%,Call,09/25/26,"4,100.00",86.50,20.63%,-0.3547,0.0011,-0.9207,6.1665,-3.41%,Put,"21:55 CT"
275.80s,33.74%,0.5974,0.0007,-2.0764,6.3809,+9.69%,Call,09/25/26,"4,105.00",60.70s,16.10%,-0.3314,0.0013,-0.6642,6.0123,-7.95%,Put,09/25/26
272.10s,33.59%,0.5941,0.0007,-2.0742,6.3947,+9.54%,Call,09/25/26,"4,110.00",62.00s,16.02%,-0.3377,0.0014,-0.6643,6.0564,-8.03%,Put,09/25/26
268.50s,33.45%,0.5907,0.0007,-2.0728,6.4083,+9.40%,Call,09/25/26,"4,115.00",63.40s,15.95%,-0.3442,0.0014,-0.6649,6.1000,-8.10%,Put,09/25/26
265.00s,33.32%,0.5873,0.0007,-2.0720,6.4216,+9.27%,Call,09/25/26,"4,120.00",61.10s,15.27%,-0.3462,0.0014,-0.6305,6.1128,-8.78%,Put,09/25/26
261.40s,33.17%,0.5839,0.0007,-2.0701,6.4344,+9.13%,Call,09/25/26,"4,125.00",66.20s,15.79%,-0.3574,0.0014,-0.6644,6.1826,-8.25%,Put,09/25/26
257.90s,33.04%,0.5804,0.0007,-2.0688,6.4469,+9.00%,Call,09/25/26,"4,130.00",67.70s,15.73%,-0.3642,0.0014,-0.6643,6.2221,-8.32%,Put,09/25/26
254.40s,32.91%,0.5770,0.0007,-2.0673,6.4590,+8.86%,Call,09/25/26,"4,135.00",71.30s,15.99%,-0.3731,0.0014,-0.6827,6.2709,-8.06%,Put,09/25/26
250.90s,32.77%,0.5735,0.0007,-2.0655,6.4706,+8.73%,Call,09/25/26,"4,140.00",70.70s,15.58%,-0.3780,0.0015,-0.6624,6.2960,-8.47%,Put,09/25/26
247.50s,32.65%,0.5699,0.0007,-2.0644,6.4818,+8.61%,Call,09/25/26,"4,145.00",71.80s,15.43%,-0.3846,0.0015,-0.6571,6.3287,-8.62%,Put,09/25/26
244.10s,32.53%,0.5663,0.0007,-2.0630,6.4926,+8.48%,Call,09/25/26,"4,150.00",95.90,18.88%,-0.4061,0.0012,-0.8542,6.4213,-5.17%,Put,"20:27 CT"
240.70s,32.40%,0.5627,0.0007,-2.0613,6.5029,+8.35%,Call,09/25/26,"4,155.00",74.10s,15.14%,-0.3983,0.0015,-0.6456,6.3901,-8.91%,Put,09/25/26
237.30s,32.27%,0.5591,0.0007,-2.0593,6.5127,+8.22%,Call,09/25/26,"4,160.00",75.70s,15.06%,-0.4057,0.0015,-0.6430,6.4197,-8.99%,Put,09/25/26
234.00s,32.15%,0.5555,0.0007,-2.0579,6.5220,+8.11%,Call,09/25/26,"4,165.00",77.70s,15.03%,-0.4134,0.0015,-0.6432,6.4482,-9.01%,Put,09/25/26
224.00s,31.00%,0.5520,0.0008,-1.9957,6.5304,+6.96%,Call,09/25/26,"4,170.00",80.30s,15.09%,-0.4215,0.0015,-0.6480,6.4752,-8.95%,Put,09/25/26
227.40s,31.91%,0.5481,0.0007,-2.0544,6.5391,+7.86%,Call,09/25/26,"4,175.00",82.10s,15.02%,-0.4291,0.0016,-0.6451,6.4982,-9.02%,Put,09/25/26
224.20s,31.80%,0.5443,0.0007,-2.0531,6.5469,+7.75%,Call,09/25/26,"4,180.00",83.70s,14.92%,-0.4367,0.0016,-0.6399,6.5188,-9.13%,Put,09/25/26
221.00s,31.69%,0.5406,0.0007,-2.0515,6.5542,+7.64%,Call,09/25/26,"4,185.00",83.80s,14.58%,-0.4440,0.0016,-0.6212,6.5360,-9.47%,Put,09/25/26
217.80s,31.57%,0.5368,0.0008,-2.0495,6.5609,+7.53%,Call,09/25/26,"4,190.00",86.20s,14.59%,-0.4522,0.0016,-0.6215,6.5528,-9.46%,Put,09/25/26
214.70s,31.47%,0.5329,0.0008,-2.0482,6.5670,+7.42%,Call,09/25/26,"4,195.00",134.40,14.48%,-0.4602,0.0016,-0.6151,6.5665,-9.56%,Put,"00:58 CT"
211.50s,31.35%,0.5291,0.0008,-2.0457,6.5725,+7.30%,Call,09/25/26,"4,200.00",141.60,21.53%,-0.4685,0.0011,-1.0130,6.5777,-2.52%,Put,"01:26 CT"
208.40s,31.24%,0.5252,0.0008,-2.0437,6.5774,+7.20%,Call,09/25/26,"4,205.00",139.30,21.54%,-0.4740,0.0011,-1.0132,6.5836,-2.50%,Put,"00:41 CT"
205.40s,31.15%,0.5214,0.0008,-2.0424,6.5818,+7.10%,Call,09/25/26,"4,210.00",146.80,15.27%,-0.4843,0.0016,-0.6559,6.5912,-8.78%,Put,"01:26 CT"
140.10,22.32%,0.5092,0.0011,-1.5287,6.5912,-1.73%,Call,"01:26 CT","4,215.00",141.40,21.08%,-0.4855,0.0011,-0.9852,6.5918,-2.96%,Put,"00:36 CT"
137.70,30.95%,0.5135,0.0008,-2.0387,6.5886,+6.90%,Call,"01:26 CT","4,220.00",98.70s,14.21%,-0.5019,0.0017,-0.5920,6.5939,-9.84%,Put,09/25/26
139.00,22.17%,0.4983,0.0011,-1.5287,6.5944,-1.88%,Call,"00:58 CT","4,225.00",149.80,15.02%,-0.5083,0.0016,-0.6357,6.5917,-9.02%,Put,"00:58 CT"
193.40s,30.74%,0.5056,0.0008,-2.0337,6.5928,+6.69%,Call,09/25/26,"4,230.00",131.70,18.41%,-0.5078,0.0013,-0.8273,6.5919,-5.64%,Put,"20:21 CT"
131.00,22.30%,0.4879,0.0011,-1.5445,6.5928,-1.74%,Call,"01:25 CT","4,235.00",137.20,18.84%,-0.5131,0.0013,-0.8493,6.5888,-5.21%,Put,"21:08 CT"
132.30,30.54%,0.4976,0.0008,-2.0291,6.5945,+6.50%,Call,"00:58 CT","4,240.00",136.60,18.33%,-0.5208,0.0013,-0.8174,6.5823,-5.72%,Put,"20:21 CT"
130.00,22.15%,0.4769,0.0011,-1.5425,6.5862,-1.90%,Call,"00:39 CT","4,245.00",148.60,19.73%,-0.5230,0.0012,-0.8958,6.5800,-4.31%,Put,"21:54 CT"
124.40,22.10%,0.4715,0.0011,-1.5431,6.5811,-1.95%,Call,"01:25 CT","4,250.00",160.10,21.06%,-0.5249,0.0011,-0.9699,6.5778,-2.99%,Put,"00:36 CT"
140.70,24.44%,0.4726,0.0010,-1.6821,6.5822,+0.39%,Call,"21:08 CT","4,255.00",147.50,18.71%,-0.5386,0.0013,-0.8298,6.5577,-5.33%,Put,"21:08 CT"
141.70,24.92%,0.4690,0.0010,-1.7127,6.5784,+0.87%,Call,"20:07 CT","4,260.00",159.80,20.16%,-0.5393,0.0012,-0.9106,6.5565,-3.89%,Put,"22:01 CT"
135.10,24.24%,0.4624,0.0010,-1.6756,6.5696,+0.19%,Call,"21:00 CT","4,265.00",145.70,17.56%,-0.5565,0.0013,-0.7537,6.5194,-6.49%,Put,"20:07 CT"
138.10,25.02%,0.4599,0.0009,-1.7232,6.5660,+0.97%,Call,"20:07 CT","4,270.00",120.10s,13.14%,-0.5930,0.0018,-0.4838,6.3992,-10.91%,Put,09/25/26
124.80,23.31%,0.4495,0.0010,-1.6257,6.5475,-0.74%,Call,"22:06 CT","4,275.00",124.60s,13.36%,-0.5996,0.0017,-0.4905,6.3713,-10.68%,Put,09/25/26
132.50,24.80%,0.4499,0.0010,-1.7143,6.5483,+0.75%,Call,"20:09 CT","4,280.00",154.40,17.53%,-0.5764,0.0013,-0.7369,6.4608,-6.52%,Put,"20:09 CT"
131.20,24.91%,0.4456,0.0009,-1.7225,6.5395,+0.87%,Call,"20:07 CT","4,285.00",136.70s,14.28%,-0.6076,0.0016,-0.5332,6.3350,-9.76%,Put,09/25/26
128.10,24.75%,0.4403,0.0010,-1.7144,6.5275,+0.70%,Call,"20:09 CT","4,290.00",159.30,17.34%,-0.5907,0.0013,-0.7142,6.4082,-6.70%,Put,"20:07 CT"
125.30,24.62%,0.4352,0.0010,-1.7084,6.5147,+0.58%,Call,"20:15 CT","4,295.00",161.00,17.12%,-0.5989,0.0013,-0.6946,6.3744,-6.92%,Put,"20:04 CT"
105.40,24.85%,0.4314,0.0009,-1.7226,6.5047,+0.81%,Call,"01:00 CT","4,300.00",168.80,17.85%,-0.6000,0.0013,-0.7333,6.3695,-6.19%,Put,"20:24 CT"
121.10,24.58%,0.4256,0.0010,-1.7078,6.4880,+0.54%,Call,"20:15 CT","4,305.00",136.80s,12.18%,-0.6649,0.0018,-0.3658,5.9916,-11.86%,Put,09/25/26
119.00,24.56%,0.4209,0.0010,-1.7068,6.4732,+0.51%,Call,"20:15 CT","4,310.00",149.90,13.79%,-0.6519,0.0016,-0.4620,6.0823,-10.25%,Put,"18:27 CT"
148.00s,29.32%,0.4359,0.0008,-1.9858,6.5167,+5.27%,Call,09/25/26,"4,315.00",142.10s,11.91%,-0.6864,0.0018,-0.3271,5.8242,-12.14%,Put,09/25/26
140.40s,28.45%,0.4287,0.0008,-1.9353,6.4970,+4.40%,Call,09/25/26,"4,320.00",144.40s,11.69%,-0.6986,0.0018,-0.3015,5.7197,-12.35%,Put,09/25/26
145.70s,29.56%,0.4290,0.0008,-2.0008,6.4980,+5.52%,Call,09/25/26,"4,325.00",147.10s,11.54%,-0.7099,0.0018,-0.2792,5.6158,-12.51%,Put,09/25/26
141.20s,29.16%,0.4236,0.0008,-1.9775,6.4818,+5.12%,Call,09/25/26,"4,330.00",151.40s,11.65%,-0.7163,0.0017,-0.2760,5.5550,-12.39%,Put,09/25/26
139.30s,29.16%,0.4197,0.0008,-1.9774,6.4694,+5.11%,Call,09/25/26,"4,335.00",153.90s,11.44%,-0.7286,0.0017,-0.2488,5.4306,-12.61%,Put,09/25/26
142.10s,29.88%,0.4188,0.0008,-2.0198,6.4666,+5.84%,Call,09/25/26,"4,340.00",218.10,10.94%,-0.7469,0.0017,-0.2000,5.2323,-13.11%,Put,"00:53 CT"
135.00s,29.07%,0.4115,0.0008,-1.9716,6.4414,+5.02%,Call,09/25/26,"4,345.00",157.80s,10.74%,-0.7595,0.0017,-0.1722,5.0856,-13.31%,Put,09/25/26
101.20,24.05%,0.3812,0.0009,-1.6747,6.3121,+0.01%,Call,"21:11 CT","4,350.00",160.50s,10.50%,-0.7731,0.0017,-0.1408,4.9181,-13.55%,Put,09/25/26
129.70s,28.81%,0.4026,0.0008,-1.9551,6.4075,+4.76%,Call,09/25/26,"4,355.00",163.30s,10.26%,-0.7868,0.0017,-0.1087,4.7383,-13.78%,Put,09/25/26
83.90,28.75%,0.3984,0.0008,-1.9504,6.3903,+4.70%,Call,"01:22 CT","4,360.00",166.10s,10.00%,-0.8011,0.0016,-0.0739,4.5376,-14.05%,Put,09/25/26
125.40s,28.69%,0.3943,0.0008,-1.9463,6.3727,+4.65%,Call,09/25/26,"4,365.00",171.60s,10.31%,-0.8012,0.0016,-0.0852,4.5366,-13.73%,Put,09/25/26
123.30s,28.64%,0.3901,0.0008,-1.9418,6.3543,+4.59%,Call,09/25/26,"4,370.00",171.80s,9.40%,-0.8319,0.0016,0.0030,4.0659,-14.64%,Put,09/25/26
81.70,28.58%,0.3859,0.0008,-1.9369,6.3351,+4.53%,Call,"01:09 CT","4,375.00",174.70s,9.06%,-0.8485,0.0015,0.0462,3.7843,-14.99%,Put,09/25/26
119.10s,28.52%,0.3818,0.0008,-1.9317,6.3150,+4.47%,Call,09/25/26,"4,380.00",177.60s,8.67%,-0.8665,0.0014,0.0942,3.4563,-15.38%,Put,09/25/26
117.10s,28.47%,0.3777,0.0008,-1.9271,6.2945,+4.42%,Call,09/25/26,"4,385.00",186.00s,9.78%,-0.8436,0.0014,0.0151,3.8692,-14.27%,Put,09/25/26
115.10s,28.42%,0.3735,0.0008,-1.9220,6.2732,+4.37%,Call,09/25/26,"4,390.00",183.60s,7.71%,-0.9067,0.0012,0.2056,2.6260,-16.34%,Put,09/25/26
113.20s,28.38%,0.3695,0.0008,-1.9176,6.2515,+4.33%,Call,09/25/26,"4,395.00",186.60s,7.01%,-0.9315,0.0010,0.2783,2.0296,-17.03%,Put,09/25/26
74.60,22.25%,0.3217,0.0010,-1.5448,5.9400,-1.79%,Call,"01:08 CT","4,400.00",249.60,20.02%,-0.6930,0.0010,-0.7120,5.7681,-4.02%,Put,"22:39 CT"
109.40s,28.29%,0.3614,0.0008,-1.9078,6.2059,+4.24%,Call,09/25/26,"4,405.00",192.70s,0.00%,-0.6676,0.0009,-0.9233,5.9718,-24.05%,Put,09/25/26
107.40s,28.22%,0.3572,0.0008,-1.9013,6.1812,+4.18%,Call,09/25/26,"4,410.00",195.80s,0.00%,-0.6720,0.0009,-0.9148,5.9386,-24.05%,Put,09/25/26
105.60s,28.18%,0.3532,0.0008,-1.8964,6.1569,+4.14%,Call,09/25/26,"4,415.00",250.00,18.12%,-0.7299,0.0011,-0.5483,5.4173,-5.92%,Put,"20:45 CT"
105.60s,28.44%,0.3510,0.0008,-1.9091,6.1436,+4.39%,Call,09/25/26,"4,420.00",202.00s,0.00%,-0.6808,0.0009,-0.8973,5.8703,-24.05%,Put,09/25/26
103.80s,28.40%,0.3471,0.0008,-1.9036,6.1184,+4.35%,Call,09/25/26,"4,425.00",202.10s,0.00%,-0.6851,0.0009,-0.8884,5.8352,-24.05%,Put,09/25/26
100.20s,28.05%,0.3411,0.0008,-1.8797,6.0792,+4.01%,Call,09/25/26,"4,430.00",208.40s,0.00%,-0.6894,0.0009,-0.8793,5.7994,-24.05%,Put,09/25/26
98.40s,28.00%,0.3371,0.0008,-1.8734,6.0517,+3.96%,Call,09/25/26,"4,435.00",210.70s,0.00%,-0.6936,0.0009,-0.8701,5.7630,-24.05%,Put,09/25/26
96.70s,27.97%,0.3331,0.0008,-1.8678,6.0241,+3.92%,Call,09/25/26,"4,440.00",214.90s,0.00%,-0.6979,0.0009,-0.8608,5.7261,-24.05%,Put,09/25/26
86.20s,26.45%,0.3183,0.0008,-1.7703,5.9140,+2.41%,Call,09/25/26,"4,445.00",218.10s,0.00%,-0.7021,0.0009,-0.8513,5.6885,-24.05%,Put,09/25/26
65.00,23.02%,0.2848,0.0009,-1.5519,5.6270,-1.03%,Call,"21:55 CT","4,450.00",220.00s,0.00%,-0.7062,0.0009,-0.8417,5.6505,-24.05%,Put,09/25/26
91.70s,27.86%,0.3213,0.0008,-1.8498,5.9374,+3.81%,Call,09/25/26,"4,455.00",240.40s,0.00%,-0.7104,0.0009,-0.8321,5.6118,-24.05%,Put,09/25/26
90.00s,27.81%,0.3173,0.0008,-1.8427,5.9066,+3.76%,Call,09/25/26,"4,460.00",228.10s,0.00%,-0.7145,0.0009,-0.8222,5.5727,-24.05%,Put,09/25/26
84.40s,27.09%,0.3082,0.0008,-1.7936,5.8335,+3.04%,Call,09/25/26,"4,465.00",231.50s,0.00%,-0.7185,0.0009,-0.8123,5.5330,-24.05%,Put,09/25/26
86.90s,27.75%,0.3097,0.0008,-1.8308,5.8456,+3.70%,Call,09/25/26,"4,470.00",234.90s,0.00%,-0.7226,0.0009,-0.8023,5.4929,-24.05%,Put,09/25/26
86.30s,27.88%,0.3071,0.0008,-1.8346,5.8243,+3.83%,Call,09/25/26,"4,475.00",238.30s,0.00%,-0.7265,0.0008,-0.7922,5.4523,-24.05%,Put,09/25/26
80.00s,27.02%,0.2968,0.0008,-1.7758,5.7360,+2.97%,Call,09/25/26,"4,480.00",241.80s,0.00%,-0.7305,0.0008,-0.7820,5.4112,-24.05%,Put,09/25/26
82.30s,27.65%,0.2982,0.0008,-1.8108,5.7488,+3.60%,Call,09/25/26,"4,485.00",245.30s,0.00%,-0.7344,0.0008,-0.7716,5.3697,-24.05%,Put,09/25/26
81.80s,27.78%,0.2958,0.0007,-1.8150,5.7277,+3.74%,Call,09/25/26,"4,490.00",248.80s,0.00%,-0.7383,0.0008,-0.7612,5.3278,-24.05%,Put,09/25/26
80.40s,27.77%,0.2922,0.0007,-1.8089,5.6952,+3.72%,Call,09/25/26,"4,495.00",252.30s,0.00%,-0.7422,0.0008,-0.7507,5.2855,-24.05%,Put,09/25/26
53.30,23.03%,0.2449,0.0008,-1.4994,5.2132,-1.01%,Call,"00:16 CT","4,500.00",300.00,13.64%,-0.8806,0.0008,0.0064,3.1818,-10.40%,Put,"20:01 CT"
74.80s,27.22%,0.2807,0.0007,-1.7638,5.5889,+3.17%,Call,09/25/26,"4,505.00",259.40s,0.00%,-0.7498,0.0008,-0.7295,5.1997,-24.05%,Put,09/25/26
75.30s,27.53%,0.2799,0.0007,-1.7784,5.5808,+3.48%,Call,09/25/26,"4,510.00",263.00s,0.00%,-0.7536,0.0008,-0.7188,5.1563,-24.05%,Put,09/25/26
73.80s,27.47%,0.2760,0.0007,-1.7698,5.5435,+3.43%,Call,09/25/26,"4,515.00",260.80s,0.00%,-0.7573,0.0008,-0.7079,5.1125,-24.05%,Put,09/25/26
72.50s,27.46%,0.2725,0.0007,-1.7631,5.5084,+3.41%,Call,09/25/26,"4,520.00",270.20s,0.00%,-0.7610,0.0008,-0.6971,5.0685,-24.05%,Put,09/25/26
71.10s,27.42%,0.2688,0.0007,-1.7550,5.4711,+3.37%,Call,09/25/26,"4,525.00",273.90s,0.00%,-0.7646,0.0008,-0.6861,5.0241,-24.05%,Put,09/25/26
71.60s,27.72%,0.2681,0.0007,-1.7692,5.4639,+3.68%,Call,09/25/26,"4,530.00",277.60s,0.00%,-0.7682,0.0008,-0.6751,4.9795,-24.05%,Put,09/25/26
72.30s,28.06%,0.2677,0.0007,-1.7857,5.4600,+4.02%,Call,09/25/26,"4,535.00",275.30s,0.00%,-0.7718,0.0008,-0.6640,4.9345,-24.05%,Put,09/25/26
67.30s,27.35%,0.2583,0.0007,-1.7334,5.3612,+3.30%,Call,09/25/26,"4,540.00",285.00s,0.00%,-0.7753,0.0008,-0.6529,4.8894,-24.05%,Put,09/25/26
66.10s,27.33%,0.2548,0.0007,-1.7264,5.3243,+3.29%,Call,09/25/26,"4,545.00",288.70s,0.00%,-0.7788,0.0008,-0.6417,4.8440,-24.05%,Put,09/25/26
47.00,23.80%,0.2169,0.0007,-1.4863,4.8725,-0.25%,Call,"20:39 CT","4,550.00",328.70,0.00%,-0.7823,0.0007,-0.6305,4.7984,-24.05%,Put,"19:46 CT"
63.70s,27.29%,0.2480,0.0007,-1.7116,5.2487,+3.25%,Call,09/25/26,"4,555.00",296.30s,0.00%,-0.7857,0.0007,-0.6192,4.7526,-24.05%,Put,09/25/26
64.30s,27.61%,0.2477,0.0007,-1.7265,5.2452,+3.57%,Call,09/25/26,"4,560.00",300.10s,0.00%,-0.7891,0.0007,-0.6079,4.7066,-24.05%,Put,09/25/26
61.40s,27.26%,0.2413,0.0007,-1.6968,5.1724,+3.21%,Call,09/25/26,"4,565.00",303.90s,0.00%,-0.7924,0.0007,-0.5966,4.6605,-24.05%,Put,09/25/26
60.20s,27.23%,0.2379,0.0007,-1.6883,5.1322,+3.18%,Call,09/25/26,"4,570.00",307.80s,0.00%,-0.7958,0.0007,-0.5852,4.6142,-24.05%,Put,09/25/26
60.70s,27.53%,0.2375,0.0007,-1.7017,5.1277,+3.48%,Call,09/25/26,"4,575.00",311.60s,0.00%,-0.7990,0.0007,-0.5738,4.5677,-24.05%,Put,09/25/26
56.10s,26.82%,0.2278,0.0007,-1.6477,5.0105,+2.77%,Call,09/25/26,"4,580.00",315.50s,0.00%,-0.8023,0.0007,-0.5623,4.5212,-24.05%,Put,09/25/26
54.60s,26.71%,0.2237,0.0007,-1.6340,4.9595,+2.67%,Call,09/25/26,"4,585.00",319.40s,0.00%,-0.8055,0.0007,-0.5508,4.4745,-24.05%,Put,09/25/26
55.90s,27.17%,0.2250,0.0007,-1.6580,4.9757,+3.12%,Call,09/25/26,"4,590.00",323.40s,0.00%,-0.8087,0.0007,-0.5394,4.4277,-24.05%,Put,09/25/26
54.70s,27.12%,0.2215,0.0007,-1.6480,4.9320,+3.08%,Call,09/25/26,"4,595.00",327.30s,0.00%,-0.8118,0.0007,-0.5278,4.3809,-24.05%,Put,09/25/26
34.90,23.26%,0.1784,0.0007,-1.3791,4.3313,-0.78%,Call,"01:35 CT","4,600.00",419.20,0.00%,-0.8149,0.0007,-0.5163,4.3340,-24.05%,Put,"00:54 CT"
52.90s,27.14%,0.2157,0.0006,-1.6354,4.8575,+3.09%,Call,09/25/26,"4,605.00",335.30s,0.00%,-0.8180,0.0007,-0.5048,4.2871,-24.05%,Put,09/25/26
50.40s,26.81%,0.2096,0.0006,-1.6060,4.7768,+2.76%,Call,09/25/26,"4,610.00",339.30s,0.00%,-0.8210,0.0007,-0.4932,4.2401,-24.05%,Put,09/25/26
51.00s,27.12%,0.2097,0.0006,-1.6204,4.7784,+3.08%,Call,09/25/26,"4,615.00",343.30s,0.00%,-0.8240,0.0007,-0.4817,4.1931,-24.05%,Put,09/25/26
42.70,25.52%,0.1908,0.0006,-1.5040,4.5159,+1.48%,Call,"19:28 CT","4,620.00",347.30s,0.00%,-0.8269,0.0006,-0.4701,4.1461,-24.05%,Put,09/25/26
49.10s,27.10%,0.2037,0.0006,-1.6043,4.6971,+3.05%,Call,09/25/26,"4,625.00",351.40s,0.00%,-0.8298,0.0006,-0.4586,4.0991,-24.05%,Put,09/25/26
48.20s,27.09%,0.2008,0.0006,-1.5967,4.6571,+3.05%,Call,09/25/26,"4,630.00",355.40s,0.00%,-0.8327,0.0006,-0.4471,4.0522,-24.05%,Put,09/25/26
48.60s,27.36%,0.2006,0.0006,-1.6080,4.6545,+3.32%,Call,09/25/26,"4,635.00",359.50s,0.00%,-0.8355,0.0006,-0.4355,4.0053,-24.05%,Put,09/25/26
43.90s,26.52%,0.1895,0.0006,-1.5427,4.4970,+2.47%,Call,09/25/26,"4,640.00",363.60s,0.00%,-0.8383,0.0006,-0.4240,3.9584,-24.05%,Put,09/25/26
45.60s,27.07%,0.1923,0.0006,-1.5736,4.5368,+3.03%,Call,09/25/26,"4,645.00",367.80s,0.00%,-0.8411,0.0006,-0.4125,3.9116,-24.05%,Put,09/25/26
29.20,23.65%,0.1538,0.0006,-1.3298,3.9351,-0.40%,Call,"00:57 CT","4,650.00",371.90s,0.00%,-0.8438,0.0006,-0.4010,3.8648,-24.05%,Put,09/25/26
43.80s,27.03%,0.1865,0.0006,-1.5561,4.4519,+2.99%,Call,09/25/26,"4,655.00",376.10s,0.00%,-0.8465,0.0006,-0.3895,3.8182,-24.05%,Put,09/25/26
43.10s,27.05%,0.1840,0.0006,-1.5500,4.4152,+3.01%,Call,09/25/26,"4,660.00",380.20s,0.00%,-0.8492,0.0006,-0.3780,3.7716,-24.05%,Put,09/25/26
42.30s,27.05%,0.1813,0.0006,-1.5422,4.3747,+3.00%,Call,09/25/26,"4,665.00",384.40s,0.00%,-0.8518,0.0006,-0.3666,3.7252,-24.05%,Put,09/25/26
41.50s,27.04%,0.1786,0.0006,-1.5341,4.3338,+3.00%,Call,09/25/26,"4,670.00",388.60s,0.00%,-0.8544,0.0006,-0.3551,3.6789,-24.05%,Put,09/25/26
40.80s,27.05%,0.1761,0.0006,-1.5274,4.2960,+3.01%,Call,09/25/26,"4,675.00",392.80s,0.00%,-0.8570,0.0006,-0.3438,3.6327,-24.05%,Put,09/25/26
40.00s,27.04%,0.1734,0.0006,-1.5189,4.2541,+3.00%,Call,09/25/26,"4,680.00",397.10s,0.00%,-0.8595,0.0006,-0.3324,3.5866,-24.05%,Put,09/25/26
39.30s,27.05%,0.1710,0.0006,-1.5118,4.2155,+3.00%,Call,09/25/26,"4,685.00",401.30s,0.00%,-0.8620,0.0005,-0.3211,3.5407,-24.05%,Put,09/25/26
38.60s,27.05%,0.1685,0.0006,-1.5045,4.1764,+3.01%,Call,09/25/26,"4,690.00",405.60s,0.00%,-0.8644,0.0005,-0.3098,3.4950,-24.05%,Put,09/25/26
37.80s,27.03%,0.1658,0.0006,-1.4953,4.1332,+2.99%,Call,09/25/26,"4,695.00",409.80s,0.00%,-0.8669,0.0005,-0.2985,3.4495,-24.05%,Put,09/25/26
27.90,24.67%,0.1392,0.0005,-1.3230,3.6805,+0.62%,Call,"20:21 CT","4,700.00",414.10s,0.00%,-0.8692,0.0005,-0.2873,3.4041,-24.05%,Put,09/25/26
36.50s,27.05%,0.1611,0.0005,-1.4814,4.0569,+3.01%,Call,09/25/26,"4,705.00",418.40s,0.00%,-0.8716,0.0005,-0.2762,3.3589,-24.05%,Put,09/25/26
36.20s,27.15%,0.1596,0.0005,-1.4802,4.0324,+3.10%,Call,09/25/26,"4,710.00",422.70s,0.00%,-0.8739,0.0005,-0.2650,3.3140,-24.05%,Put,09/25/26
35.10s,27.04%,0.1561,0.0005,-1.4649,3.9751,+2.99%,Call,09/25/26,"4,715.00",429.60s,0.00%,-0.8762,0.0005,-0.2539,3.2692,-24.05%,Put,09/25/26
34.50s,27.05%,0.1539,0.0005,-1.4581,3.9377,+3.01%,Call,09/25/26,"4,720.00",431.40s,0.00%,-0.8784,0.0005,-0.2429,3.2247,-24.05%,Put,09/25/26
35.10s,27.37%,0.1547,0.0005,-1.4726,3.9506,+3.32%,Call,09/25/26,"4,725.00",435.70s,0.00%,-0.8806,0.0005,-0.2319,3.1804,-24.05%,Put,09/25/26
33.80s,27.20%,0.1507,0.0005,-1.4531,3.8837,+3.16%,Call,09/25/26,"4,730.00",440.10s,0.00%,-0.8828,0.0005,-0.2210,3.1363,-24.05%,Put,09/25/26
32.60s,27.05%,0.1470,0.0005,-1.4349,3.8193,+3.01%,Call,09/25/26,"4,735.00",444.40s,0.00%,-0.8850,0.0005,-0.2101,3.0925,-24.05%,Put,09/25/26
32.00s,27.06%,0.1448,0.0005,-1.4274,3.7805,+3.01%,Call,09/25/26,"4,740.00",448.80s,0.00%,-0.8871,0.0005,-0.1993,3.0490,-24.05%,Put,09/25/26
28.70s,26.32%,0.1354,0.0005,-1.3683,3.6117,+2.28%,Call,09/25/26,"4,745.00",453.20s,0.00%,-0.8892,0.0005,-0.1886,3.0057,-24.05%,Put,09/25/26
26.40,25.83%,0.1283,0.0005,-1.3263,3.4807,+1.79%,Call,"19:23 CT","4,750.00",457.60s,0.00%,-0.8912,0.0005,-0.1779,2.9626,-24.05%,Put,09/25/26
30.30s,27.08%,0.1384,0.0005,-1.4057,3.6669,+3.03%,Call,09/25/26,"4,755.00",462.00s,0.00%,-0.8933,0.0005,-0.1672,2.9199,-24.05%,Put,09/25/26
29.70s,27.07%,0.1362,0.0005,-1.3974,3.6267,+3.03%,Call,09/25/26,"4,760.00",466.50s,0.00%,-0.8952,0.0004,-0.1566,2.8774,-24.05%,Put,09/25/26
29.20s,27.09%,0.1342,0.0005,-1.3909,3.5911,+3.05%,Call,09/25/26,"4,765.00",470.90s,0.00%,-0.8972,0.0004,-0.1461,2.8353,-24.05%,Put,09/25/26
29.00s,27.19%,0.1331,0.0005,-1.3902,3.5702,+3.15%,Call,09/25/26,"4,770.00",475.40s,0.00%,-0.8991,0.0004,-0.1357,2.7934,-24.05%,Put,09/25/26
30.30s,27.71%,0.1359,0.0005,-1.4188,3.6223,+3.66%,Call,09/25/26,"4,775.00",479.80s,0.00%,-0.9010,0.0004,-0.1253,2.7518,-24.05%,Put,09/25/26
28.70s,27.42%,0.1311,0.0005,-1.3906,3.5335,+3.37%,Call,09/25/26,"4,780.00",484.30s,0.00%,-0.9029,0.0004,-0.1150,2.7106,-24.05%,Put,09/25/26
27.10s,27.11%,0.1262,0.0005,-1.3615,3.4409,+3.07%,Call,09/25/26,"4,785.00",488.80s,0.00%,-0.9047,0.0004,-0.1048,2.6697,-24.05%,Put,09/25/26
26.70s,27.15%,0.1245,0.0005,-1.3563,3.4092,+3.10%,Call,09/25/26,"4,790.00",493.30s,0.00%,-0.9065,0.0004,-0.0946,2.6290,-24.05%,Put,09/25/26
26.20s,27.15%,0.1226,0.0004,-1.3489,3.3720,+3.11%,Call,09/25/26,"4,795.00",497.80s,0.00%,-0.9083,0.0004,-0.0845,2.5887,-24.05%,Put,09/25/26
16.90,24.28%,0.0931,0.0004,-1.1441,2.7654,+0.23%,Call,"00:43 CT","4,800.00",525.70,0.00%,-0.9101,0.0004,-0.0745,2.5488,-24.05%,Put,"18:34 CT"
25.30s,27.19%,0.1190,0.0004,-1.3357,3.3022,+3.14%,Call,09/25/26,"4,805.00",506.80s,0.00%,-0.9118,0.0004,-0.0645,2.5092,-24.05%,Put,09/25/26
24.80s,27.18%,0.1171,0.0004,-1.3278,3.2641,+3.14%,Call,09/25/26,"4,810.00",507.70s,0.00%,-0.9135,0.0004,-0.0547,2.4699,-24.05%,Put,09/25/26
24.40s,27.21%,0.1154,0.0004,-1.3220,3.2315,+3.16%,Call,09/25/26,"4,815.00",525.30s,0.00%,-0.9151,0.0004,-0.0449,2.4309,-24.05%,Put,09/25/26
24.30s,27.33%,0.1146,0.0004,-1.3225,3.2159,+3.28%,Call,09/25/26,"4,820.00",516.80s,0.00%,-0.9168,0.0004,-0.0352,2.3923,-24.05%,Put,09/25/26
23.50s,27.22%,0.1118,0.0004,-1.3076,3.1598,+3.18%,Call,09/25/26,"4,825.00",523.20s,0.00%,-0.9184,0.0004,-0.0255,2.3541,-24.05%,Put,09/25/26
23.10s,27.24%,0.1102,0.0004,-1.3014,3.1265,+3.20%,Call,09/25/26,"4,830.00",529.60s,0.00%,-0.9200,0.0004,-0.0160,2.3162,-24.05%,Put,09/25/26
22.70s,27.26%,0.1085,0.0004,-1.2950,3.0930,+3.21%,Call,09/25/26,"4,835.00",534.20s,0.00%,-0.9215,0.0004,-0.0065,2.2787,-24.05%,Put,09/25/26
22.30s,27.27%,0.1069,0.0004,-1.2885,3.0593,+3.23%,Call,09/25/26,"4,840.00",538.70s,0.00%,-0.9230,0.0003,0.0029,2.2415,-24.05%,Put,09/25/26
20.60s,26.85%,0.1013,0.0004,-1.2519,2.9428,+2.80%,Call,09/25/26,"4,845.00",543.30s,0.00%,-0.9245,0.0003,0.0122,2.2048,-24.05%,Put,09/25/26
18.70,26.33%,0.0949,0.0004,-1.2092,2.8055,+2.28%,Call,"17:46 CT","4,850.00",548.00s,0.00%,-0.9260,0.0003,0.0214,2.1683,-24.05%,Put,09/25/26
21.20s,27.34%,0.1023,0.0004,-1.2705,2.9634,+3.29%,Call,09/25/26,"4,855.00",558.20s,0.00%,-0.9275,0.0003,0.0306,2.1323,-24.05%,Put,09/25/26
18.70,26.61%,0.0941,0.0004,-1.2134,2.7881,+2.56%,Call,"17:20 CT","4,860.00",557.20s,0.00%,-0.9289,0.0003,0.0396,2.0966,-24.05%,Put,09/25/26
20.40s,27.35%,0.0990,0.0004,-1.2563,2.8942,+3.30%,Call,09/25/26,"4,865.00",561.80s,0.00%,-0.9303,0.0003,0.0486,2.0613,-24.05%,Put,09/25/26
13.70,24.95%,0.0763,0.0003,-1.0892,2.3818,+0.90%,Call,"00:11 CT","4,870.00",566.40s,0.00%,-0.9317,0.0003,0.0575,2.0264,-24.05%,Put,09/25/26
17.40s,26.55%,0.0888,0.0004,-1.1876,2.6696,+2.50%,Call,09/25/26,"4,875.00",571.10s,0.00%,-0.9330,0.0003,0.0663,1.9918,-24.05%,Put,09/25/26
16.50,26.34%,0.0854,0.0004,-1.1667,2.5940,+2.30%,Call,"19:30 CT","4,880.00",575.70s,0.00%,-0.9343,0.0003,0.0750,1.9576,-24.05%,Put,09/25/26
17.30s,26.78%,0.0877,0.0004,-1.1890,2.6459,+2.74%,Call,09/25/26,"4,885.00",580.40s,0.00%,-0.9356,0.0003,0.0836,1.9238,-24.05%,Put,09/25/26
18.80s,27.48%,0.0921,0.0004,-1.2285,2.7446,+3.43%,Call,09/25/26,"4,890.00",585.10s,0.00%,-0.9369,0.0003,0.0922,1.8904,-24.05%,Put,09/25/26
18.40s,27.47%,0.0905,0.0004,-1.2207,2.7087,+3.42%,Call,09/25/26,"4,895.00",589.70s,0.00%,-0.9382,0.0003,0.1006,1.8574,-24.05%,Put,09/25/26
12.40,25.21%,0.0699,0.0003,-1.0658,2.2292,+1.17%,Call,"00:59 CT","4,900.00",594.40s,0.00%,-0.9394,0.0003,0.1090,1.8248,-24.05%,Put,09/25/26
17.80s,27.51%,0.0879,0.0003,-1.2096,2.6503,+3.47%,Call,09/25/26,"4,905.00",599.10s,0.00%,-0.9406,0.0003,0.1173,1.7925,-24.05%,Put,09/25/26
18.00s,27.72%,0.0882,0.0003,-1.2166,2.6567,+3.68%,Call,09/25/26,"4,910.00",603.80s,0.00%,-0.9418,0.0003,0.1254,1.7607,-24.05%,Put,09/25/26
17.20s,27.55%,0.0853,0.0003,-1.1981,2.5914,+3.51%,Call,09/25/26,"4,915.00",608.50s,0.00%,-0.9429,0.0003,0.1335,1.7292,-24.05%,Put,09/25/26
17.10s,27.65%,0.0846,0.0003,-1.1975,2.5764,+3.60%,Call,09/25/26,"4,920.00",637.90s,0.00%,-0.9441,0.0003,0.1416,1.6981,-24.05%,Put,09/25/26
16.80s,27.67%,0.0833,0.0003,-1.1915,2.5468,+3.62%,Call,09/25/26,"4,925.00",646.70s,0.00%,-0.9452,0.0003,0.1495,1.6674,-24.05%,Put,09/25/26
16.40s,27.64%,0.0817,0.0003,-1.1829,2.5095,+3.60%,Call,09/25/26,"4,930.00",622.60s,0.00%,-0.9463,0.0003,0.1573,1.6371,-24.05%,Put,09/25/26
16.10s,27.65%,0.0804,0.0003,-1.1767,2.4795,+3.61%,Call,09/25/26,"4,935.00",647.20s,0.00%,-0.9474,0.0002,0.1651,1.6071,-24.05%,Put,09/25/26
15.80s,27.66%,0.0791,0.0003,-1.1705,2.4493,+3.62%,Call,09/25/26,"4,940.00",635.80s,0.00%,-0.9484,0.0002,0.1727,1.5776,-24.05%,Put,09/25/26
15.60s,27.71%,0.0782,0.0003,-1.1669,2.4267,+3.67%,Call,09/25/26,"4,945.00",620.30s,0.00%,-0.9494,0.0002,0.1803,1.5484,-24.05%,Put,09/25/26
15.30s,27.72%,0.0769,0.0003,-1.1605,2.3962,+3.67%,Call,09/25/26,"4,950.00",669.10s,0.00%,-0.9505,0.0002,0.1878,1.5196,-24.05%,Put,09/25/26
15.10s,27.76%,0.0759,0.0003,-1.1567,2.3736,+3.72%,Call,09/25/26,"4,955.00",663.50s,0.00%,-0.9514,0.0002,0.1952,1.4912,-24.05%,Put,09/25/26
14.80s,27.77%,0.0746,0.0003,-1.1501,2.3428,+3.72%,Call,09/25/26,"4,960.00",650.90s,0.00%,-0.9524,0.0002,0.2025,1.4632,-24.05%,Put,09/25/26
14.60s,27.81%,0.0737,0.0003,-1.1462,2.3200,+3.76%,Call,09/25/26,"4,965.00",658.50s,0.00%,-0.9534,0.0002,0.2097,1.4356,-24.05%,Put,09/25/26
14.30s,27.81%,0.0724,0.0003,-1.1394,2.2890,+3.76%,Call,09/25/26,"4,970.00",682.20s,0.00%,-0.9543,0.0002,0.2168,1.4083,-24.05%,Put,09/25/26
13.60s,27.62%,0.0697,0.0003,-1.1211,2.2243,+3.58%,Call,09/25/26,"4,975.00",680.80s,0.00%,-0.9552,0.0002,0.2239,1.3815,-24.05%,Put,09/25/26
13.90s,27.88%,0.0705,0.0003,-1.1313,2.2430,+3.84%,Call,09/25/26,"4,980.00",675.90s,0.00%,-0.9561,0.0002,0.2308,1.3550,-24.05%,Put,09/25/26
9.50,25.85%,0.0542,0.0003,-0.9990,1.8258,+1.80%,Call,"00:31 CT","4,985.00",669.10s,0.00%,-0.9570,0.0002,0.2377,1.3289,-24.05%,Put,09/25/26
13.40s,27.91%,0.0683,0.0003,-1.1200,2.1884,+3.86%,Call,09/25/26,"4,990.00",692.10s,0.00%,-0.9579,0.0002,0.2445,1.3031,-24.05%,Put,09/25/26
13.20s,27.94%,0.0673,0.0003,-1.1156,2.1652,+3.90%,Call,09/25/26,"4,995.00",680.90s,0.00%,-0.9587,0.0002,0.2512,1.2777,-24.05%,Put,09/25/26
9.30,26.09%,0.0527,0.0002,-0.9962,1.7882,+2.05%,Call,"22:00 CT","5,000.00",695.60s,0.00%,-0.9595,0.0002,0.2578,1.2527,-24.05%,Put,09/25/26
12.80s,28.01%,0.0655,0.0003,-1.1068,2.1186,+3.96%,Call,09/25/26,"5,005.00",693.80s,0.00%,-0.9603,0.0002,0.2643,1.2281,-24.05%,Put,09/25/26
12.60s,28.03%,0.0645,0.0003,-1.1023,2.0952,+3.99%,Call,09/25/26,"5,010.00",694.90s,0.00%,-0.9611,0.0002,0.2707,1.2038,-24.05%,Put,09/25/26
11.70s,27.72%,0.0611,0.0003,-1.0765,2.0086,+3.67%,Call,09/25/26,"5,015.00",724.40s,0.00%,-0.9619,0.0002,0.2771,1.1799,-24.05%,Put,09/25/26
12.20s,28.09%,0.0627,0.0003,-1.0932,2.0482,+4.04%,Call,09/25/26,"5,020.00",726.70s,0.00%,-0.9627,0.0002,0.2834,1.1564,-24.05%,Put,09/25/26
12.70s,28.45%,0.0642,0.0003,-1.1097,2.0865,+4.41%,Call,09/25/26,"5,025.00",729.50s,0.00%,-0.9634,0.0002,0.2895,1.1332,-24.05%,Put,09/25/26
11.90s,28.18%,0.0612,0.0003,-1.0868,2.0100,+4.14%,Call,09/25/26,"5,030.00",737.70s,0.00%,-0.9641,0.0002,0.2956,1.1104,-24.05%,Put,09/25/26
11.40s,28.05%,0.0592,0.0003,-1.0727,1.9587,+4.01%,Call,09/25/26,"5,035.00",741.30s,0.00%,-0.9649,0.0002,0.3017,1.0879,-24.05%,Put,09/25/26
11.50s,28.22%,0.0594,0.0003,-1.0771,1.9625,+4.18%,Call,09/25/26,"5,040.00",734.30s,0.00%,-0.9656,0.0002,0.3076,1.0658,-24.05%,Put,09/25/26
11.40s,28.29%,0.0588,0.0002,-1.0754,1.9479,+4.25%,Call,09/25/26,"5,045.00",737.00s,0.00%,-0.9662,0.0002,0.3135,1.0440,-24.05%,Put,09/25/26
11.80s,28.62%,0.0600,0.0002,-1.0892,1.9791,+4.57%,Call,09/25/26,"5,050.00",737.10s,0.00%,-0.9669,0.0002,0.3192,1.0226,-24.05%,Put,09/25/26
11.00s,28.32%,0.0570,0.0002,-1.0654,1.9001,+4.28%,Call,09/25/26,"5,055.00",741.90s,0.00%,-0.9676,0.0002,0.3249,1.0015,-24.05%,Put,09/25/26
10.90s,28.39%,0.0564,0.0002,-1.0635,1.8855,+4.35%,Call,09/25/26,"5,060.00",746.80s,0.00%,-0.9682,0.0002,0.3305,0.9808,-24.05%,Put,09/25/26
10.70s,28.40%,0.0555,0.0002,-1.0583,1.8614,+4.36%,Call,09/25/26,"5,065.00",751.60s,0.00%,-0.9688,0.0001,0.3361,0.9604,-24.05%,Put,09/25/26
10.60s,28.47%,0.0549,0.0002,-1.0564,1.8468,+4.42%,Call,09/25/26,"5,070.00",756.50s,0.00%,-0.9694,0.0001,0.3415,0.9403,-24.05%,Put,09/25/26
10.40s,28.48%,0.0540,0.0002,-1.0511,1.8226,+4.43%,Call,09/25/26,"5,075.00",761.30s,0.00%,-0.9700,0.0001,0.3469,0.9206,-24.05%,Put,09/25/26
10.30s,28.54%,0.0535,0.0002,-1.0491,1.8081,+4.49%,Call,09/25/26,"5,080.00",766.10s,0.00%,-0.9706,0.0001,0.3522,0.9012,-24.05%,Put,09/25/26
10.10s,28.54%,0.0526,0.0002,-1.0437,1.7837,+4.50%,Call,09/25/26,"5,085.00",771.00s,0.00%,-0.9712,0.0001,0.3574,0.8821,-24.05%,Put,09/25/26
10.00s,28.60%,0.0520,0.0002,-1.0416,1.7692,+4.56%,Call,09/25/26,"5,090.00",775.80s,0.00%,-0.9718,0.0001,0.3626,0.8634,-24.05%,Put,09/25/26
9.80s,28.60%,0.0511,0.0002,-1.0361,1.7447,+4.56%,Call,09/25/26,"5,095.00",780.70s,0.00%,-0.9723,0.0001,0.3676,0.8449,-24.05%,Put,09/25/26
7.70,27.43%,0.0430,0.0002,-0.9640,1.5171,+3.39%,Call,"20:22 CT","5,100.00",785.60s,0.00%,-0.9728,0.0001,0.3726,0.8268,-24.05%,Put,09/25/26
9.60s,28.72%,0.0501,0.0002,-1.0318,1.7155,+4.67%,Call,09/25/26,"5,105.00",790.40s,0.00%,-0.9734,0.0001,0.3776,0.8090,-24.05%,Put,09/25/26
9.40s,28.72%,0.0492,0.0002,-1.0261,1.6909,+4.67%,Call,09/25/26,"5,110.00",795.30s,0.00%,-0.9739,0.0001,0.3824,0.7915,-24.05%,Put,09/25/26
9.30s,28.77%,0.0486,0.0002,-1.0239,1.6763,+4.73%,Call,09/25/26,"5,115.00",800.20s,0.00%,-0.9744,0.0001,0.3872,0.7744,-24.05%,Put,09/25/26
9.90s,29.24%,0.0507,0.0002,-1.0455,1.7317,+5.19%,Call,09/25/26,"5,120.00",805.00s,0.00%,-0.9749,0.0001,0.3919,0.7575,-24.05%,Put,09/25/26
9.10s,28.88%,0.0476,0.0002,-1.0192,1.6471,+4.83%,Call,09/25/26,"5,125.00",809.90s,0.00%,-0.9754,0.0001,0.3965,0.7409,-24.05%,Put,09/25/26
9.00s,28.93%,0.0471,0.0002,-1.0169,1.6326,+4.89%,Call,09/25/26,"5,130.00",814.80s,0.00%,-0.9758,0.0001,0.4011,0.7246,-24.05%,Put,09/25/26
8.80s,28.92%,0.0462,0.0002,-1.0110,1.6076,+4.87%,Call,09/25/26,"5,135.00",819.60s,0.00%,-0.9763,0.0001,0.4056,0.7086,-24.05%,Put,09/25/26
8.00s,28.52%,0.0430,0.0002,-0.9834,1.5180,+4.47%,Call,09/25/26,"5,140.00",824.50s,0.00%,-0.9767,0.0001,0.4100,0.6929,-24.05%,Put,09/25/26
8.90s,29.21%,0.0462,0.0002,-1.0168,1.6097,+5.16%,Call,09/25/26,"5,145.00",829.40s,0.00%,-0.9772,0.0001,0.4144,0.6775,-24.05%,Put,09/25/26
8.50s,29.07%,0.0446,0.0002,-1.0037,1.5638,+5.02%,Call,09/25/26,"5,150.00",834.30s,0.00%,-0.9776,0.0001,0.4187,0.6624,-24.05%,Put,09/25/26
8.40s,29.11%,0.0441,0.0002,-1.0011,1.5492,+5.07%,Call,09/25/26,"5,155.00",839.20s,0.00%,-0.9780,0.0001,0.4229,0.6476,-24.05%,Put,09/25/26
8.30s,29.16%,0.0436,0.0002,-0.9986,1.5346,+5.11%,Call,09/25/26,"5,160.00",844.10s,0.00%,-0.9784,0.0001,0.4270,0.6330,-24.05%,Put,09/25/26
8.20s,29.20%,0.0431,0.0002,-0.9960,1.5200,+5.16%,Call,09/25/26,"5,165.00",849.00s,0.00%,-0.9788,0.0001,0.4311,0.6187,-24.05%,Put,09/25/26
8.10s,29.25%,0.0425,0.0002,-0.9935,1.5054,+5.20%,Call,09/25/26,"5,170.00",853.90s,0.00%,-0.9792,0.0001,0.4351,0.6047,-24.05%,Put,09/25/26
8.00s,29.29%,0.0420,0.0002,-0.9908,1.4908,+5.25%,Call,09/25/26,"5,175.00",858.70s,0.00%,-0.9796,0.0001,0.4391,0.5909,-24.05%,Put,09/25/26
7.90s,29.33%,0.0415,0.0002,-0.9882,1.4762,+5.29%,Call,09/25/26,"5,180.00",863.60s,0.00%,-0.9799,0.0001,0.4430,0.5774,-24.05%,Put,09/25/26
7.80s,29.37%,0.0410,0.0002,-0.9855,1.4616,+5.33%,Call,09/25/26,"5,185.00",868.50s,0.00%,-0.9803,0.0001,0.4469,0.5641,-24.05%,Put,09/25/26
7.70s,29.41%,0.0405,0.0002,-0.9828,1.4470,+5.37%,Call,09/25/26,"5,190.00",873.40s,0.00%,-0.9806,0.0001,0.4506,0.5512,-24.05%,Put,09/25/26
7.60s,29.45%,0.0400,0.0002,-0.9801,1.4324,+5.41%,Call,09/25/26,"5,195.00",878.40s,0.00%,-0.9810,0.0001,0.4543,0.5384,-24.05%,Put,09/25/26
6.00,28.36%,0.0336,0.0002,-0.9187,1.2411,+4.32%,Call,"20:32 CT","5,200.00",883.30s,0.00%,-0.9813,0.0001,0.4580,0.5259,-24.05%,Put,09/25/26
7.40s,29.53%,0.0390,0.0002,-0.9745,1.4031,+5.48%,Call,09/25/26,"5,205.00",888.20s,0.00%,-0.9816,0.0001,0.4616,0.5137,-24.05%,Put,09/25/26
7.30s,29.56%,0.0385,0.0002,-0.9717,1.3884,+5.52%,Call,09/25/26,"5,210.00",893.10s,0.00%,-0.9820,0.0001,0.4651,0.5017,-24.05%,Put,09/25/26
7.30s,29.67%,0.0384,0.0002,-0.9727,1.3850,+5.62%,Call,09/25/26,"5,215.00",898.00s,0.00%,-0.9823,0.0001,0.4686,0.4899,-24.05%,Put,09/25/26
7.20s,29.70%,0.0379,0.0002,-0.9698,1.3703,+5.66%,Call,09/25/26,"5,220.00",902.90s,0.00%,-0.9826,0.0001,0.4721,0.4784,-24.05%,Put,09/25/26
7.10s,29.74%,0.0374,0.0002,-0.9670,1.3557,+5.69%,Call,09/25/26,"5,225.00",907.80s,0.00%,-0.9829,0.0001,0.4754,0.4671,-24.05%,Put,09/25/26
7.00s,29.77%,0.0369,0.0002,-0.9640,1.3410,+5.72%,Call,09/25/26,"5,230.00",912.70s,0.00%,-0.9832,0.0001,0.4788,0.4561,-24.05%,Put,09/25/26
6.90s,29.80%,0.0364,0.0002,-0.9611,1.3263,+5.75%,Call,09/25/26,"5,235.00",917.60s,0.00%,-0.9834,0.0001,0.4820,0.4452,-24.05%,Put,09/25/26
6.90s,29.90%,0.0363,0.0002,-0.9621,1.3231,+5.86%,Call,09/25/26,"5,240.00",922.60s,0.00%,-0.9837,0.0001,0.4852,0.4346,-24.05%,Put,09/25/26
6.80s,29.93%,0.0358,0.0002,-0.9591,1.3085,+5.89%,Call,09/25/26,"5,245.00",927.50s,0.00%,-0.9840,0.0001,0.4884,0.4242,-24.05%,Put,09/25/26
6.70s,29.96%,0.0353,0.0002,-0.9561,1.2938,+5.92%,Call,09/25/26,"5,250.00",932.40s,0.00%,-0.9842,0.0001,0.4915,0.4140,-24.05%,Put,09/25/26
6.60s,29.99%,0.0348,0.0002,-0.9530,1.2791,+5.94%,Call,09/25/26,"5,255.00",937.30s,0.00%,-0.9845,0.0001,0.4945,0.4040,-24.05%,Put,09/25/26
6.60s,30.09%,0.0347,0.0002,-0.9540,1.2760,+6.05%,Call,09/25/26,"5,260.00",942.30s,0.00%,-0.9847,0.0001,0.4975,0.3942,-24.05%,Put,09/25/26
6.50s,30.12%,0.0342,0.0002,-0.9509,1.2613,+6.07%,Call,09/25/26,"5,265.00",947.20s,0.00%,-0.9850,0.0001,0.5005,0.3847,-24.05%,Put,09/25/26
6.40s,30.14%,0.0338,0.0001,-0.9478,1.2466,+6.09%,Call,09/25/26,"5,270.00",952.10s,0.00%,-0.9852,0.0001,0.5034,0.3753,-24.05%,Put,09/25/26
6.30s,30.16%,0.0333,0.0001,-0.9446,1.2318,+6.12%,Call,09/25/26,"5,275.00",957.00s,0.00%,-0.9855,0.0001,0.5063,0.3661,-24.05%,Put,09/25/26
6.30s,30.27%,0.0332,0.0001,-0.9455,1.2289,+6.22%,Call,09/25/26,"5,280.00",962.00s,0.00%,-0.9857,0.0001,0.5091,0.3572,-24.05%,Put,09/25/26
6.20s,30.29%,0.0327,0.0001,-0.9423,1.2142,+6.24%,Call,09/25/26,"5,285.00",966.90s,0.00%,-0.9859,0.0001,0.5118,0.3484,-24.05%,Put,09/25/26
6.20s,30.39%,0.0326,0.0001,-0.9432,1.2113,+6.34%,Call,09/25/26,"5,290.00",971.80s,0.00%,-0.9861,0.0001,0.5146,0.3398,-24.05%,Put,09/25/26
6.10s,30.41%,0.0321,0.0001,-0.9400,1.1966,+6.36%,Call,09/25/26,"5,295.00",976.80s,0.00%,-0.9863,0.0001,0.5172,0.3314,-24.05%,Put,09/25/26
4.80,29.44%,0.0272,0.0001,-0.8898,1.0429,+5.39%,Call,"01:22 CT","5,300.00",967.80s,0.00%,-0.9865,0.0001,0.5199,0.3231,-24.05%,Put,09/25/26
6.00s,30.53%,0.0316,0.0001,-0.9377,1.1791,+6.48%,Call,09/25/26,"5,305.00",986.60s,0.00%,-0.9867,0.0000,0.5225,0.3151,-24.05%,Put,09/25/26
5.90s,30.54%,0.0311,0.0001,-0.9344,1.1643,+6.50%,Call,09/25/26,"5,310.00",991.60s,0.00%,-0.9869,0.0000,0.5250,0.3072,-24.05%,Put,09/25/26
5.80s,30.56%,0.0306,0.0001,-0.9310,1.1495,+6.51%,Call,09/25/26,"5,315.00",996.50s,0.00%,-0.9871,0.0000,0.5275,0.2995,-24.05%,Put,09/25/26
5.80s,30.66%,0.0305,0.0001,-0.9319,1.1469,+6.61%,Call,09/25/26,"5,320.00","1,001.50s",0.00%,-0.9873,0.0000,0.5300,0.2920,-24.05%,Put,09/25/26
5.40s,30.40%,0.0289,0.0001,-0.9157,1.0949,+6.36%,Call,09/25/26,"5,325.00","1,006.40s",0.00%,-0.9875,0.0000,0.5324,0.2846,-24.05%,Put,09/25/26
4.30,30.77%,0.0300,0.0001,-0.9294,1.1295,+6.72%,Call,"01:22 CT","5,330.00","1,011.30s",0.00%,-0.9876,0.0000,0.5348,0.2774,-24.05%,Put,09/25/26
5.60s,30.78%,0.0295,0.0001,-0.9260,1.1147,+6.74%,Call,09/25/26,"5,335.00","1,016.30s",0.00%,-0.9878,0.0000,0.5371,0.2704,-24.05%,Put,09/25/26
5.60s,30.88%,0.0294,0.0001,-0.9269,1.1122,+6.84%,Call,09/25/26,"5,340.00","1,021.20s",0.00%,-0.9880,0.0000,0.5394,0.2635,-24.05%,Put,09/25/26
5.50s,30.89%,0.0289,0.0001,-0.9234,1.0974,+6.84%,Call,09/25/26,"5,345.00","1,026.20s",0.00%,-0.9881,0.0000,0.5417,0.2568,-24.05%,Put,09/25/26
5.40s,30.90%,0.0285,0.0001,-0.9200,1.0825,+6.85%,Call,09/25/26,"5,350.00","1,031.10s",0.00%,-0.9883,0.0000,0.5439,0.2502,-24.05%,Put,09/25/26
5.40s,31.00%,0.0284,0.0001,-0.9208,1.0801,+6.95%,Call,09/25/26,"5,355.00","1,036.10s",0.00%,-0.9884,0.0000,0.5461,0.2438,-24.05%,Put,09/25/26
5.30s,31.00%,0.0279,0.0001,-0.9173,1.0652,+6.96%,Call,09/25/26,"5,360.00","1,041.00s",0.00%,-0.9886,0.0000,0.5482,0.2375,-24.05%,Put,09/25/26
5.30s,31.10%,0.0278,0.0001,-0.9181,1.0628,+7.05%,Call,09/25/26,"5,365.00","1,046.00s",0.00%,-0.9887,0.0000,0.5504,0.2313,-24.05%,Put,09/25/26
5.20s,31.10%,0.0274,0.0001,-0.9146,1.0479,+7.06%,Call,09/25/26,"5,370.00","1,050.90s",0.00%,-0.9888,0.0000,0.5524,0.2254,-24.05%,Put,09/25/26
5.20s,31.20%,0.0273,0.0001,-0.9154,1.0456,+7.15%,Call,09/25/26,"5,375.00","1,055.90s",0.00%,-0.9890,0.0000,0.5545,0.2195,-24.05%,Put,09/25/26
5.10s,31.20%,0.0268,0.0001,-0.9118,1.0307,+7.16%,Call,09/25/26,"5,380.00","1,060.80s",0.00%,-0.9891,0.0000,0.5565,0.2138,-24.05%,Put,09/25/26
5.10s,31.30%,0.0268,0.0001,-0.9126,1.0284,+7.25%,Call,09/25/26,"5,385.00","1,065.80s",0.00%,-0.9892,0.0000,0.5585,0.2082,-24.05%,Put,09/25/26
5.00s,31.30%,0.0263,0.0001,-0.9090,1.0135,+7.25%,Call,09/25/26,"5,390.00","1,070.70s",0.00%,-0.9894,0.0000,0.5604,0.2027,-24.05%,Put,09/25/26
5.00s,31.39%,0.0262,0.0001,-0.9098,1.0113,+7.35%,Call,09/25/26,"5,395.00","1,075.70s",0.00%,-0.9895,0.0000,0.5624,0.1974,-24.05%,Put,09/25/26
4.00,30.43%,0.0221,0.0001,-0.8644,0.8757,+6.38%,Call,"20:21 CT","5,400.00","1,080.60s",0.00%,-0.9896,0.0000,0.5643,0.1922,-24.05%,Put,09/25/26
4.90s,31.49%,0.0257,0.0001,-0.9069,0.9942,+7.44%,Call,09/25/26,"5,405.00","1,085.60s",0.00%,-0.9897,0.0000,0.5661,0.1871,-24.05%,Put,09/25/26
4.90s,31.58%,0.0256,0.0001,-0.9077,0.9920,+7.54%,Call,09/25/26,"5,410.00","1,090.50s",0.00%,-0.9898,0.0000,0.5679,0.1821,-24.05%,Put,09/25/26
4.80s,31.58%,0.0252,0.0001,-0.9040,0.9771,+7.53%,Call,09/25/26,"5,415.00","1,095.50s",0.00%,-0.9899,0.0000,0.5697,0.1773,-24.05%,Put,09/25/26
4.80s,31.67%,0.0251,0.0001,-0.9048,0.9750,+7.63%,Call,09/25/26,"5,420.00","1,100.50s",0.00%,-0.9900,0.0000,0.5715,0.1726,-24.05%,Put,09/25/26
4.70s,31.66%,0.0247,0.0001,-0.9010,0.9600,+7.62%,Call,09/25/26,"5,425.00","1,105.40s",0.00%,-0.9901,0.0000,0.5733,0.1680,-24.05%,Put,09/25/26
4.70s,31.76%,0.0246,0.0001,-0.9018,0.9580,+7.71%,Call,09/25/26,"5,430.00","1,110.40s",0.00%,-0.9902,0.0000,0.5750,0.1635,-24.05%,Put,09/25/26
4.70s,31.85%,0.0245,0.0001,-0.9026,0.9559,+7.81%,Call,09/25/26,"5,435.00","1,115.30s",0.00%,-0.9903,0.0000,0.5767,0.1591,-24.05%,Put,09/25/26
4.60s,31.84%,0.0241,0.0001,-0.8988,0.9410,+7.80%,Call,09/25/26,"5,440.00","1,120.30s",0.00%,-0.9904,0.0000,0.5783,0.1548,-24.05%,Put,09/25/26
4.60s,31.94%,0.0240,0.0001,-0.8995,0.9390,+7.89%,Call,09/25/26,"5,445.00","1,125.30s",0.00%,-0.9905,0.0000,0.5800,0.1506,-24.05%,Put,09/25/26
3.80,31.13%,0.0207,0.0001,-0.8623,0.8288,+7.08%,Call,"20:24 CT","5,450.00","1,130.20s",0.00%,-0.9906,0.0000,0.5816,0.1465,-24.05%,Put,09/25/26
4.50s,32.02%,0.0235,0.0001,-0.8964,0.9220,+7.97%,Call,09/25/26,"5,455.00","1,135.20s",0.00%,-0.9907,0.0000,0.5832,0.1425,-24.05%,Put,09/25/26
4.50s,32.11%,0.0234,0.0001,-0.8972,0.9201,+8.07%,Call,09/25/26,"5,460.00","1,140.20s",0.00%,-0.9908,0.0000,0.5847,0.1386,-24.05%,Put,09/25/26
4.40s,32.10%,0.0230,0.0001,-0.8933,0.9051,+8.05%,Call,09/25/26,"5,465.00","1,145.10s",0.00%,-0.9909,0.0000,0.5863,0.1348,-24.05%,Put,09/25/26
4.40s,32.19%,0.0229,0.0001,-0.8941,0.9032,+8.14%,Call,09/25/26,"5,470.00","1,150.10s",0.00%,-0.9910,0.0000,0.5878,0.1312,-24.05%,Put,09/25/26
4.40s,32.28%,0.0229,0.0001,-0.8948,0.9013,+8.24%,Call,09/25/26,"5,475.00","1,155.10s",0.00%,-0.9910,0.0000,0.5893,0.1276,-24.05%,Put,09/25/26
4.30s,32.26%,0.0224,0.0001,-0.8909,0.8863,+8.22%,Call,09/25/26,"5,480.00","1,160.00s",0.00%,-0.9911,0.0000,0.5907,0.1240,-24.05%,Put,09/25/26
4.30s,32.36%,0.0224,0.0001,-0.8916,0.8845,+8.31%,Call,09/25/26,"5,485.00","1,169.00s",0.00%,-0.9912,0.0000,0.5922,0.1206,-24.05%,Put,09/25/26
4.30s,32.45%,0.0223,0.0001,-0.8924,0.8827,+8.40%,Call,09/25/26,"5,490.00","1,170.00s",0.00%,-0.9912,0.0000,0.5936,0.1173,-24.05%,Put,09/25/26
4.20s,32.43%,0.0219,0.0001,-0.8884,0.8676,+8.38%,Call,09/25/26,"5,495.00","1,175.00s",0.00%,-0.9913,0.0000,0.5950,0.1140,-24.05%,Put,09/25/26
3.90s,32.16%,0.0206,0.0001,-0.8746,0.8254,+8.12%,Call,09/25/26,"5,500.00","1,188.00s",0.00%,-0.9914,0.0000,0.5964,0.1109,-24.05%,Put,09/25/26
4.20s,32.61%,0.0218,0.0001,-0.8899,0.8641,+8.57%,Call,09/25/26,"5,505.00","1,184.90s",0.00%,-0.9914,0.0000,0.5977,0.1078,-24.05%,Put,09/25/26
4.20s,32.70%,0.0217,0.0001,-0.8906,0.8624,+8.66%,Call,09/25/26,"5,510.00","1,189.90s",0.00%,-0.9915,0.0000,0.5991,0.1047,-24.05%,Put,09/25/26
4.10s,32.68%,0.0213,0.0001,-0.8866,0.8473,+8.63%,Call,09/25/26,"5,515.00","1,194.80s",0.00%,-0.9916,0.0000,0.6004,0.1018,-24.05%,Put,09/25/26
4.10s,32.77%,0.0212,0.0001,-0.8873,0.8456,+8.72%,Call,09/25/26,"5,520.00","1,199.80s",0.00%,-0.9916,0.0000,0.6017,0.0990,-24.05%,Put,09/25/26
4.10s,32.86%,0.0212,0.0001,-0.8881,0.8440,+8.82%,Call,09/25/26,"5,525.00","1,204.80s",0.00%,-0.9917,0.0000,0.6030,0.0962,-24.05%,Put,09/25/26
4.00s,32.83%,0.0207,0.0001,-0.8839,0.8289,+8.79%,Call,09/25/26,"5,530.00","1,209.80s",0.00%,-0.9917,0.0000,0.6043,0.0935,-24.05%,Put,09/25/26
4.00s,32.92%,0.0207,0.0001,-0.8847,0.8272,+8.88%,Call,09/25/26,"5,535.00","1,214.70s",0.00%,-0.9918,0.0000,0.6055,0.0908,-24.05%,Put,09/25/26
4.00s,33.01%,0.0206,0.0001,-0.8854,0.8256,+8.97%,Call,09/25/26,"5,540.00","1,219.70s",0.00%,-0.9919,0.0000,0.6068,0.0882,-24.05%,Put,09/25/26
4.00s,33.10%,0.0206,0.0001,-0.8862,0.8240,+9.06%,Call,09/25/26,"5,545.00","1,224.70s",0.00%,-0.9919,0.0000,0.6080,0.0857,-24.05%,Put,09/25/26
3.90s,33.07%,0.0201,0.0001,-0.8820,0.8089,+9.03%,Call,09/25/26,"5,550.00","1,234.20s",0.00%,-0.9920,0.0000,0.6092,0.0833,-24.05%,Put,09/25/26
3.90s,33.16%,0.0201,0.0001,-0.8827,0.8073,+9.12%,Call,09/25/26,"5,555.00","1,234.60s",0.00%,-0.9920,0.0000,0.6104,0.0809,-24.05%,Put,09/25/26
3.90s,33.25%,0.0200,0.0001,-0.8835,0.8058,+9.21%,Call,09/25/26,"5,560.00","1,239.60s",0.00%,-0.9920,0.0000,0.6115,0.0786,-24.05%,Put,09/25/26
3.80s,33.22%,0.0196,0.0001,-0.8792,0.7907,+9.17%,Call,09/25/26,"5,565.00","1,244.60s",0.00%,-0.9921,0.0000,0.6127,0.0763,-24.05%,Put,09/25/26
3.80s,33.30%,0.0195,0.0001,-0.8799,0.7891,+9.26%,Call,09/25/26,"5,570.00","1,249.60s",0.00%,-0.9921,0.0000,0.6138,0.0741,-24.05%,Put,09/25/26
3.20,32.59%,0.0171,0.0001,-0.8500,0.7034,+8.54%,Call,"20:04 CT","5,575.00","1,254.50s",0.00%,-0.9922,0.0000,0.6149,0.0720,-24.05%,Put,09/25/26
3.80s,33.48%,0.0195,0.0001,-0.8814,0.7861,+9.44%,Call,09/25/26,"5,580.00","1,259.50s",0.00%,-0.9922,0.0000,0.6161,0.0699,-24.05%,Put,09/25/26
3.70s,33.44%,0.0190,0.0001,-0.8771,0.7710,+9.40%,Call,09/25/26,"5,585.00","1,264.50s",0.00%,-0.9923,0.0000,0.6171,0.0679,-24.05%,Put,09/25/26
3.00,32.56%,0.0161,0.0001,-0.8416,0.6699,+8.51%,Call,"01:05 CT","5,590.00","1,269.50s",0.00%,-0.9923,0.0000,0.6182,0.0659,-24.05%,Put,09/25/26
3.70s,33.62%,0.0189,0.0001,-0.8785,0.7680,+9.58%,Call,09/25/26,"5,595.00","1,274.50s",0.00%,-0.9923,0.0000,0.6193,0.0640,-24.05%,Put,09/25/26
3.60s,33.58%,0.0185,0.0001,-0.8742,0.7529,+9.53%,Call,09/25/26,"5,600.00","1,279.40s",0.00%,-0.9924,0.0000,0.6204,0.0621,-24.05%,Put,09/25/26
3.60s,33.67%,0.0185,0.0001,-0.8749,0.7515,+9.62%,Call,09/25/26,"5,605.00","1,284.40s",0.00%,-0.9924,0.0000,0.6214,0.0603,-24.05%,Put,09/25/26
3.60s,33.75%,0.0184,0.0001,-0.8756,0.7501,+9.71%,Call,09/25/26,"5,610.00","1,289.40s",0.00%,-0.9924,0.0000,0.6224,0.0585,-24.05%,Put,09/25/26
3.50s,33.71%,0.0180,0.0001,-0.8712,0.7349,+9.66%,Call,09/25/26,"5,615.00","1,294.40s",0.00%,-0.9925,0.0000,0.6234,0.0568,-24.05%,Put,09/25/26
3.50s,33.79%,0.0179,0.0001,-0.8719,0.7335,+9.75%,Call,09/25/26,"5,620.00","1,299.30s",0.00%,-0.9925,0.0000,0.6244,0.0551,-24.05%,Put,09/25/26
3.50s,33.88%,0.0179,0.0001,-0.8726,0.7321,+9.84%,Call,09/25/26,"5,625.00","1,304.30s",0.00%,-0.9925,0.0000,0.6254,0.0535,-24.05%,Put,09/25/26
3.50s,33.97%,0.0179,0.0001,-0.8734,0.7307,+9.92%,Call,09/25/26,"5,630.00","1,309.30s",0.00%,-0.9926,0.0000,0.6264,0.0519,-24.05%,Put,09/25/26
3.40s,33.92%,0.0174,0.0001,-0.8689,0.7155,+9.87%,Call,09/25/26,"5,635.00","1,314.30s",0.00%,-0.9926,0.0000,0.6274,0.0504,-24.05%,Put,09/25/26
3.40s,34.00%,0.0174,0.0001,-0.8696,0.7142,+9.96%,Call,09/25/26,"5,640.00","1,319.30s",0.00%,-0.9926,0.0000,0.6283,0.0489,-24.05%,Put,09/25/26
3.40s,34.09%,0.0173,0.0001,-0.8703,0.7129,+10.04%,Call,09/25/26,"5,645.00","1,324.20s",0.00%,-0.9927,0.0000,0.6293,0.0474,-24.05%,Put,09/25/26
3.40s,34.18%,0.0173,0.0001,-0.8710,0.7115,+10.13%,Call,09/25/26,"5,650.00","1,340.50s",0.00%,-0.9927,0.0000,0.6302,0.0460,-24.05%,Put,09/25/26
3.30s,34.12%,0.0169,0.0001,-0.8665,0.6963,+10.07%,Call,09/25/26,"5,655.00","1,334.20s",0.00%,-0.9927,0.0000,0.6312,0.0447,-24.05%,Put,09/25/26
3.30s,34.21%,0.0168,0.0001,-0.8672,0.6950,+10.16%,Call,09/25/26,"5,660.00","1,339.20s",0.00%,-0.9927,0.0000,0.6321,0.0433,-24.05%,Put,09/25/26
3.30s,34.29%,0.0168,0.0001,-0.8679,0.6937,+10.25%,Call,09/25/26,"5,665.00","1,344.20s",0.00%,-0.9928,0.0000,0.6330,0.0420,-24.05%,Put,09/25/26
3.30s,34.38%,0.0168,0.0001,-0.8686,0.6925,+10.33%,Call,09/25/26,"5,670.00","1,349.20s",0.00%,-0.9928,0.0000,0.6339,0.0408,-24.05%,Put,09/25/26
3.30s,34.46%,0.0167,0.0001,-0.8693,0.6912,+10.42%,Call,09/25/26,"5,675.00","1,354.20s",0.00%,-0.9928,0.0000,0.6348,0.0395,-24.05%,Put,09/25/26
3.20s,34.40%,0.0163,0.0001,-0.8647,0.6760,+10.36%,Call,09/25/26,"5,680.00","1,359.10s",0.00%,-0.9928,0.0000,0.6357,0.0383,-24.05%,Put,09/25/26
3.20s,34.49%,0.0163,0.0001,-0.8654,0.6747,+10.44%,Call,09/25/26,"5,685.00","1,364.10s",0.00%,-0.9929,0.0000,0.6365,0.0372,-24.05%,Put,09/25/26
3.20s,34.57%,0.0162,0.0001,-0.8660,0.6735,+10.53%,Call,09/25/26,"5,690.00","1,369.10s",0.00%,-0.9929,0.0000,0.6374,0.0360,-24.05%,Put,09/25/26
3.20s,34.66%,0.0162,0.0001,-0.8667,0.6723,+10.61%,Call,09/25/26,"5,695.00","1,374.10s",0.00%,-0.9929,0.0000,0.6383,0.0349,-24.05%,Put,09/25/26
3.40s,35.03%,0.0169,0.0001,-0.8780,0.6987,+10.99%,Call,09/25/26,"5,700.00","1,366.00s",0.00%,-0.9929,0.0000,0.6391,0.0339,-24.05%,Put,09/25/26
3.20s,34.83%,0.0161,0.0001,-0.8681,0.6699,+10.78%,Call,09/25/26,"5,705.00","1,384.10s",0.00%,-0.9929,0.0000,0.6400,0.0329,-24.05%,Put,09/25/26
3.10s,34.76%,0.0157,0.0001,-0.8635,0.6546,+10.72%,Call,09/25/26,"5,710.00","1,389.10s",0.00%,-0.9930,0.0000,0.6408,0.0318,-24.05%,Put,09/25/26
3.10s,34.93%,0.0156,0.0001,-0.8648,0.6523,+10.88%,Call,09/25/26,"5,720.00","1,399.10s",0.00%,-0.9930,0.0000,0.6424,0.0299,-24.05%,Put,09/25/26
3.10s,35.01%,0.0156,0.0001,-0.8655,0.6512,+10.97%,Call,09/25/26,"5,725.00","1,404.00s",0.00%,-0.9930,0.0000,0.6432,0.0290,-24.05%,Put,09/25/26
3.10s,35.10%,0.0156,0.0001,-0.8662,0.6500,+11.05%,Call,09/25/26,"5,730.00","1,409.00s",0.00%,-0.9930,0.0000,0.6441,0.0281,-24.05%,Put,09/25/26
3.20s,35.42%,0.0159,0.0001,-0.8729,0.6617,+11.37%,Call,09/25/26,"5,740.00","1,419.00s",0.00%,-0.9931,0.0000,0.6456,0.0264,-24.05%,Put,09/25/26
3.00s,35.27%,0.0151,0.0001,-0.8635,0.6314,+11.23%,Call,09/25/26,"5,750.00","1,429.00s",0.00%,-0.9931,0.0000,0.6472,0.0248,-24.05%,Put,09/25/26
3.00s,35.44%,0.0150,0.0001,-0.8648,0.6292,+11.40%,Call,09/25/26,"5,760.00","1,439.00s",0.00%,-0.9931,0.0000,0.6487,0.0233,-24.05%,Put,09/25/26
3.00s,35.61%,0.0149,0.0001,-0.8662,0.6271,+11.56%,Call,09/25/26,"5,770.00","1,449.00s",0.00%,-0.9931,0.0000,0.6503,0.0218,-24.05%,Put,09/25/26
3.00s,35.69%,0.0149,0.0001,-0.8669,0.6260,+11.64%,Call,09/25/26,"5,775.00","1,454.00s",0.00%,-0.9931,0.0000,0.6510,0.0211,-24.05%,Put,09/25/26
2.90s,35.61%,0.0145,0.0001,-0.8621,0.6108,+11.56%,Call,09/25/26,"5,780.00","1,458.90s",0.00%,-0.9932,0.0000,0.6518,0.0205,-24.05%,Put,09/25/26
2.90s,35.77%,0.0144,0.0001,-0.8634,0.6087,+11.73%,Call,09/25/26,"5,790.00","1,468.90s",0.00%,-0.9932,0.0000,0.6532,0.0192,-24.05%,Put,09/25/26
2.90s,35.94%,0.0144,0.0001,-0.8647,0.6067,+11.89%,Call,09/25/26,"5,800.00","1,478.90s",0.00%,-0.9932,0.0000,0.6547,0.0180,-24.05%,Put,09/25/26
2.90s,36.10%,0.0143,0.0001,-0.8661,0.6046,+12.06%,Call,09/25/26,"5,810.00","1,488.90s",0.00%,-0.9932,0.0000,0.6561,0.0169,-24.05%,Put,09/25/26
2.80s,36.18%,0.0138,0.0001,-0.8625,0.5875,+12.13%,Call,09/25/26,"5,825.00","1,503.90s",0.00%,-0.9933,0.0000,0.6583,0.0153,-24.05%,Put,09/25/26
2.70s,36.41%,0.0133,0.0001,-0.8602,0.5684,+12.36%,Call,09/25/26,"5,850.00","1,528.90s",0.00%,-0.9933,0.0000,0.6617,0.0130,-24.05%,Put,09/25/26
2.70s,36.81%,0.0132,0.0001,-0.8635,0.5638,+12.76%,Call,09/25/26,"5,875.00","1,553.80s",0.00%,-0.9933,0.0000,0.6651,0.0110,-24.05%,Put,09/25/26
2.60s,37.03%,0.0127,0.0001,-0.8611,0.5451,+12.98%,Call,09/25/26,"5,900.00","1,578.80s",0.00%,-0.9934,0.0000,0.6684,0.0094,-24.05%,Put,09/25/26
2.50s,37.23%,0.0122,0.0001,-0.8585,0.5265,+13.19%,Call,09/25/26,"5,925.00","1,603.80s",0.00%,-0.9934,0.0000,0.6716,0.0079,-24.05%,Put,09/25/26
2.50s,37.62%,0.0121,0.0001,-0.8618,0.5224,+13.58%,Call,09/25/26,"5,950.00","1,628.80s",0.00%,-0.9934,0.0000,0.6748,0.0067,-24.05%,Put,09/25/26
2.40s,37.81%,0.0116,0.0000,-0.8591,0.5040,+13.77%,Call,09/25/26,"5,975.00","1,653.80s",0.00%,-0.9934,0.0000,0.6779,0.0056,-24.05%,Put,09/25/26
2.10,37.57%,0.0103,0.0000,-0.8442,0.4559,+13.53%,Call,"20:31 CT","6,000.00","1,678.80s",0.00%,-0.9934,0.0000,0.6810,0.0047,-24.05%,Put,09/25/26
2.30s,38.38%,0.0110,0.0000,-0.8596,0.4821,+14.33%,Call,09/25/26,"6,025.00","1,703.80s",0.00%,-0.9934,0.0000,0.6841,0.0040,-24.05%,Put,09/25/26
2.20s,38.54%,0.0105,0.0000,-0.8567,0.4640,+14.50%,Call,09/25/26,"6,050.00","1,728.80s",0.00%,-0.9934,0.0000,0.6871,0.0034,-24.05%,Put,09/25/26
2.10s,39.07%,0.0100,0.0000,-0.8569,0.4427,+15.02%,Call,09/25/26,"6,100.00","1,778.80s",0.00%,-0.9935,0.0000,0.6930,0.0024,-24.05%,Put,09/25/26
2.00s,39.57%,0.0095,0.0000,-0.8569,0.4218,+15.53%,Call,09/25/26,"6,150.00","1,828.80s",0.00%,-0.9935,0.0000,0.6989,0.0016,-24.05%,Put,09/25/26
2.00s,40.30%,0.0093,0.0000,-0.8632,0.4161,+16.25%,Call,09/25/26,"6,200.00","1,878.80s",0.00%,-0.9935,0.0000,0.7047,0.0011,-24.05%,Put,09/25/26
1.90s,40.76%,0.0088,0.0000,-0.8630,0.3959,+16.72%,Call,09/25/26,"6,250.00","1,928.80s",0.00%,-0.9935,0.0000,0.7105,0.0008,-24.05%,Put,09/25/26
1.80s,41.21%,0.0083,0.0000,-0.8627,0.3761,+17.16%,Call,09/25/26,"6,300.00","1,978.80s",0.00%,-0.9935,0.0000,0.7163,0.0005,-24.05%,Put,09/25/26
1.70s,42.31%,0.0077,0.0000,-0.8684,0.3521,+18.27%,Call,09/25/26,"6,400.00","2,078.80s",0.00%,-0.9935,0.0000,0.7277,0.0003,-24.05%,Put,09/25/26
1.60s,43.37%,0.0071,0.0000,-0.8738,0.3292,+19.32%,Call,09/25/26,"6,500.00","2,178.80s",0.00%,-0.9935,0.0000,0.7392,0.0001,-24.05%,Put,09/25/26
1.30s,45.57%,0.0056,0.0000,-0.8828,0.2679,+21.52%,Call,09/25/26,"6,750.00","2,428.80s",0.00%,-0.9935,0.0000,0.7676,0.0000,-24.05%,Put,09/25/26
1.30s,45.88%,0.0056,0.0000,-0.8858,0.2665,+21.83%,Call,09/25/26,"6,775.00","2,453.80s",0.00%,-0.9935,0.0000,0.7705,0.0000,-24.05%,Put,09/25/26
1.20s,45.80%,0.0052,0.0000,-0.8814,0.2500,+21.75%,Call,09/25/26,"6,800.00","2,478.80s",0.00%,-0.9935,0.0000,0.7733,0.0000,-24.05%,Put,09/25/26
1.10s,46.59%,0.0048,0.0000,-0.8858,0.2298,+22.54%,Call,09/25/26,"6,900.00","2,578.80s",0.00%,-0.9935,0.0000,0.7847,0.0000,-24.05%,Put,09/25/26
1.10s,47.77%,0.0046,0.0000,-0.8976,0.2254,+23.73%,Call,09/25/26,"7,000.00","2,678.80s",0.00%,-0.9935,0.0000,0.7960,0.0000,-24.05%,Put,09/25/26
1.00s,48.46%,0.0042,0.0000,-0.9017,0.2061,+24.42%,Call,09/25/26,"7,100.00","2,778.80s",0.00%,-0.9935,0.0000,0.8074,0.0000,-24.05%,Put,09/25/26
0.90s,48.24%,0.0038,0.0000,-0.8967,0.1896,+24.20%,Call,09/25/26,"7,125.00","2,803.80s",0.00%,-0.9935,0.0000,0.8103,0.0000,-24.05%,Put,09/25/26
0.90s,48.30%,0.0038,0.0000,-0.8973,0.1894,+24.25%,Call,09/25/26,"7,130.00","2,808.80s",0.00%,-0.9935,0.0000,0.8108,0.0000,-24.05%,Put,09/25/26
0.90s,48.52%,0.0038,0.0000,-0.8997,0.1887,+24.48%,Call,09/25/26,"7,150.00","2,828.80s",0.00%,-0.9935,0.0000,0.8131,0.0000,-24.05%,Put,09/25/26
0.90s,48.80%,0.0038,0.0000,-0.9026,0.1879,+24.76%,Call,09/25/26,"7,175.00","2,853.80s",0.00%,-0.9935,0.0000,0.8160,0.0000,-24.05%,Put,09/25/26
0.90s,49.08%,0.0038,0.0000,-0.9055,0.1871,+25.04%,Call,09/25/26,"7,200.00","2,878.80s",0.00%,-0.9935,0.0000,0.8188,0.0000,-24.05%,Put,09/25/26
0.90s,49.64%,0.0037,0.0000,-0.9114,0.1854,+25.59%,Call,09/25/26,"7,250.00","2,928.80s",0.00%,-0.9935,0.0000,0.8245,0.0000,-24.05%,Put,09/25/26
0.60s,50.39%,0.0025,0.0000,-0.9154,0.1308,+26.34%,Call,09/25/26,"7,500.00","3,178.80s",0.00%,-0.9935,0.0000,0.8529,0.0000,-24.05%,Put,09/25/26
0.60s,55.33%,0.0023,0.0000,-0.9731,0.1215,+31.28%,Call,09/25/26,"8,000.00","3,678.80s",0.00%,-0.9935,0.0000,0.9098,0.0000,-24.05%,Put,09/25/26
0.50s,55.61%,0.0020,0.0000,-0.9785,0.1038,+31.57%,Call,09/25/26,"8,125.00","3,803.80s",0.00%,-0.9935,0.0000,0.9240,0.0000,-24.05%,Put,09/25/26
0.40s,57.88%,0.0015,0.0000,-1.0121,0.0832,+33.83%,Call,09/25/26,"8,500.00","4,178.80s",0.00%,-0.9935,0.0000,0.9666,0.0000,-24.05%,Put,09/25/26
0.50s,60.10%,0.0018,0.0000,-1.0366,0.0976,+36.06%,Call,09/25/26,"8,630.00","4,308.80s",0.00%,-0.9935,0.0000,0.9814,0.0000,-24.05%,Put,09/25/26
0.40s,59.58%,0.0015,0.0000,-1.0350,0.0813,+35.53%,Call,09/25/26,"8,700.00","4,378.80s",0.00%,-0.9935,0.0000,0.9894,0.0000,-24.05%,Put,09/25/26
0.30s,58.41%,0.0012,0.0000,-1.0280,0.0647,+34.36%,Call,09/25/26,"8,725.00","4,403.80s",0.00%,-0.9935,0.0000,0.9922,0.0000,-24.05%,Put,09/25/26
0.40s,60.00%,0.0015,0.0000,-1.0408,0.0809,+35.95%,Call,09/25/26,"8,750.00","4,428.80s",0.00%,-0.9935,0.0000,0.9951,0.0000,-24.05%,Put,09/25/26
0.30s,58.82%,0.0012,0.0000,-1.0337,0.0643,+34.77%,Call,09/25/26,"8,775.00","4,453.80s",0.00%,-0.9935,0.0000,0.9979,0.0000,-24.05%,Put,09/25/26
0.30s,60.62%,0.0011,0.0000,-1.0594,0.0627,+36.58%,Call,09/25/26,"9,000.00","4,678.80s",0.00%,-0.9935,0.0000,1.0235,0.0000,-24.05%,Put,09/25/26
0.30s,62.57%,0.0011,0.0000,-1.0880,0.0612,+38.53%,Call,09/25/26,"9,250.00","4,928.80s",0.00%,-0.9935,0.0000,1.0519,0.0000,-24.05%,Put,09/25/26
0.20s,62.50%,0.0008,0.0000,-1.1059,0.0432,+38.46%,Call,09/25/26,"9,500.00","5,178.80s",0.00%,-0.9935,0.0000,1.0804,0.0000,-24.05%,Put,09/25/26
0.20s,63.22%,0.0007,0.0000,-1.1173,0.0428,+39.18%,Call,09/25/26,"9,600.00","5,278.80s",0.00%,-0.9935,0.0000,1.0917,0.0000,-24.05%,Put,09/25/26
0.20s,64.29%,0.0007,0.0000,-1.1344,0.0422,+40.24%,Call,09/25/26,"9,750.00","5,428.80s",0.00%,-0.9935,0.0000,1.1088,0.0000,-24.05%,Put,09/25/26
0.20s,65.33%,0.0007,0.0000,-1.1515,0.0417,+41.29%,Call,09/25/26,"9,900.00","5,578.80s",0.00%,-0.9935,0.0000,1.1258,0.0000,-24.05%,Put,09/25/26
0.30s,68.07%,0.0010,0.0000,-1.1737,0.0572,+44.02%,Call,09/25/26,"10,000.00","5,678.80s",0.00%,-0.9935,0.0000,1.1372,0.0000,-24.05%,Put,09/25/26
"Downloaded from Barchart.com as of 09-28-2026 02:00am CDT"
