Latest,IV,Delta,Gamma,Theta,Vega,"IV Skew",Type,Time,Strike,Latest,IV,Delta,Gamma,Theta,Vega,"IV Skew",Type,Time
"3,089.00s",0.00%,0.9919,0.0000,0.0000,0.0000,-24.04%,Call,09/08/26,"1,350.00",0.10s,77.43%,-0.0002,0.0000,-0.0081,0.0176,+53.40%,Put,09/08/26
"3,064.00s",0.00%,0.9919,0.0000,0.0000,0.0000,-24.04%,Call,09/08/26,"1,375.00",0.10s,76.26%,-0.0002,0.0000,-0.0081,0.0179,+52.23%,Put,09/08/26
"3,039.00s",0.00%,0.9919,0.0000,0.0000,0.0000,-24.04%,Call,09/08/26,"1,400.00",0.10s,75.12%,-0.0002,0.0000,-0.0081,0.0182,+51.08%,Put,09/08/26
"3,014.00s",0.00%,0.9919,0.0000,0.0000,0.0000,-24.04%,Call,09/08/26,"1,425.00",0.10s,73.99%,-0.0002,0.0000,-0.0081,0.0184,+49.95%,Put,09/08/26
"2,989.00s",0.00%,0.9919,0.0000,0.0000,0.0000,-24.04%,Call,09/08/26,"1,450.00",0.10s,72.88%,-0.0002,0.0000,-0.0081,0.0187,+48.84%,Put,09/08/26
"2,964.00s",0.00%,0.9919,0.0000,0.0000,0.0000,-24.04%,Call,09/08/26,"1,475.00",0.10s,71.79%,-0.0003,0.0000,-0.0081,0.0190,+47.75%,Put,09/08/26
"2,939.00s",0.00%,0.9919,0.0000,0.0000,0.0000,-24.04%,Call,09/08/26,"1,500.00",0.10s,70.72%,-0.0003,0.0000,-0.0080,0.0192,+46.68%,Put,09/08/26
"2,914.00s",0.00%,0.9919,0.0000,0.0000,0.0000,-24.04%,Call,09/08/26,"1,525.00",0.10s,69.67%,-0.0003,0.0000,-0.0080,0.0195,+45.63%,Put,09/08/26
"2,909.00s",0.00%,0.9919,0.0000,0.0000,0.0000,-24.04%,Call,09/08/26,"1,530.00",0.10s,69.46%,-0.0003,0.0000,-0.0080,0.0196,+45.42%,Put,09/08/26
"2,899.00s",0.00%,0.9919,0.0000,0.0000,0.0000,-24.04%,Call,09/08/26,"1,540.00",0.10s,69.05%,-0.0003,0.0000,-0.0080,0.0197,+45.01%,Put,09/08/26
"2,889.00s",0.00%,0.9919,0.0000,0.0000,0.0000,-24.04%,Call,09/08/26,"1,550.00",0.10s,68.64%,-0.0003,0.0000,-0.0080,0.0198,+44.60%,Put,09/08/26
"2,879.00s",0.00%,0.9919,0.0000,0.0000,0.0000,-24.04%,Call,09/08/26,"1,560.00",0.10s,68.23%,-0.0003,0.0000,-0.0080,0.0199,+44.19%,Put,09/08/26
"2,869.00s",0.00%,0.9919,0.0000,0.0000,0.0000,-24.04%,Call,09/08/26,"1,570.00",0.10s,67.82%,-0.0003,0.0000,-0.0080,0.0200,+43.78%,Put,09/08/26
"2,864.00s",0.00%,0.9919,0.0000,0.0000,0.0000,-24.04%,Call,09/08/26,"1,575.00",0.10s,67.62%,-0.0003,0.0000,-0.0080,0.0201,+43.58%,Put,09/08/26
"2,859.00s",0.00%,0.9919,0.0000,0.0000,0.0000,-24.04%,Call,09/08/26,"1,580.00",0.10s,67.42%,-0.0003,0.0000,-0.0080,0.0201,+43.38%,Put,09/08/26
"2,849.00s",0.00%,0.9919,0.0000,0.0000,0.0000,-24.04%,Call,09/08/26,"1,590.00",0.10s,67.02%,-0.0003,0.0000,-0.0080,0.0202,+42.98%,Put,09/08/26
"2,839.00s",0.00%,0.9919,0.0000,0.0000,0.0000,-24.04%,Call,09/08/26,"1,600.00",0.10s,66.62%,-0.0003,0.0000,-0.0080,0.0203,+42.58%,Put,09/08/26
"2,829.00s",0.00%,0.9919,0.0000,0.0000,0.0000,-24.04%,Call,09/08/26,"1,610.00",0.20s,69.86%,-0.0005,0.0000,-0.0147,0.0355,+45.82%,Put,09/08/26
"2,819.00s",0.00%,0.9919,0.0000,0.0000,0.0000,-24.04%,Call,09/08/26,"1,620.00",0.20s,69.44%,-0.0005,0.0000,-0.0147,0.0357,+45.41%,Put,09/08/26
"2,814.00s",0.00%,0.9919,0.0000,0.0000,0.0000,-24.04%,Call,09/08/26,"1,625.00",0.20s,69.24%,-0.0005,0.0000,-0.0147,0.0358,+45.20%,Put,09/08/26
"2,809.00s",0.00%,0.9919,0.0000,0.0000,0.0000,-24.04%,Call,09/08/26,"1,630.00",0.20s,69.03%,-0.0005,0.0000,-0.0147,0.0359,+44.99%,Put,09/08/26
"2,804.00s",0.00%,0.9919,0.0000,0.0000,0.0000,-24.04%,Call,09/08/26,"1,635.00",0.20s,68.83%,-0.0005,0.0000,-0.0147,0.0360,+44.79%,Put,09/08/26
"2,799.00s",0.00%,0.9919,0.0000,0.0000,0.0000,-24.04%,Call,09/08/26,"1,640.00",0.20s,68.62%,-0.0005,0.0000,-0.0147,0.0361,+44.58%,Put,09/08/26
"2,794.00s",0.00%,0.9919,0.0000,0.0000,0.0000,-24.04%,Call,09/08/26,"1,645.00",0.20s,68.42%,-0.0005,0.0000,-0.0147,0.0362,+44.38%,Put,09/08/26
"2,789.00s",0.00%,0.9919,0.0000,0.0000,0.0000,-24.04%,Call,09/08/26,"1,650.00",0.20s,68.22%,-0.0005,0.0000,-0.0147,0.0363,+44.18%,Put,09/08/26
"2,784.00s",0.00%,0.9919,0.0000,0.0000,0.0000,-24.04%,Call,09/08/26,"1,655.00",0.20s,68.01%,-0.0005,0.0000,-0.0146,0.0364,+43.98%,Put,09/08/26
"2,779.00s",0.00%,0.9919,0.0000,0.0000,0.0000,-24.04%,Call,09/08/26,"1,660.00",0.20s,67.81%,-0.0005,0.0000,-0.0146,0.0365,+43.77%,Put,09/08/26
"2,774.00s",0.00%,0.9919,0.0000,0.0000,0.0000,-24.04%,Call,09/08/26,"1,665.00",0.20s,67.61%,-0.0005,0.0000,-0.0146,0.0366,+43.57%,Put,09/08/26
"2,769.00s",0.00%,0.9919,0.0000,0.0000,0.0000,-24.04%,Call,09/08/26,"1,670.00",0.20s,67.41%,-0.0005,0.0000,-0.0146,0.0367,+43.37%,Put,09/08/26
"2,764.00s",0.00%,0.9919,0.0000,0.0000,0.0000,-24.04%,Call,09/08/26,"1,675.00",0.20s,67.21%,-0.0005,0.0000,-0.0146,0.0368,+43.17%,Put,09/08/26
"2,759.00s",0.00%,0.9919,0.0000,0.0000,0.0000,-24.04%,Call,09/08/26,"1,680.00",0.20s,67.01%,-0.0005,0.0000,-0.0146,0.0369,+42.97%,Put,09/08/26
"2,754.00s",0.00%,0.9919,0.0000,0.0000,0.0000,-24.04%,Call,09/08/26,"1,685.00",0.20s,66.81%,-0.0005,0.0000,-0.0146,0.0370,+42.77%,Put,09/08/26
"2,749.00s",0.00%,0.9919,0.0000,0.0000,0.0000,-24.04%,Call,09/08/26,"1,690.00",0.20s,66.62%,-0.0005,0.0000,-0.0146,0.0371,+42.58%,Put,09/08/26
"2,744.00s",0.00%,0.9919,0.0000,0.0000,0.0000,-24.04%,Call,09/08/26,"1,695.00",0.20s,66.42%,-0.0005,0.0000,-0.0146,0.0372,+42.38%,Put,09/08/26
"2,739.00s",0.00%,0.9919,0.0000,0.0000,0.0000,-24.04%,Call,09/08/26,"1,700.00",0.20s,66.22%,-0.0005,0.0000,-0.0146,0.0373,+42.18%,Put,09/08/26
"2,734.00s",0.00%,0.9919,0.0000,0.0000,0.0000,-24.04%,Call,09/08/26,"1,705.00",0.20s,66.02%,-0.0005,0.0000,-0.0146,0.0375,+41.99%,Put,09/08/26
"2,729.00s",0.00%,0.9919,0.0000,0.0000,0.0000,-24.04%,Call,09/08/26,"1,710.00",0.20s,65.83%,-0.0005,0.0000,-0.0146,0.0376,+41.79%,Put,09/08/26
"2,724.00s",0.00%,0.9919,0.0000,0.0000,0.0000,-24.04%,Call,09/08/26,"1,715.00",0.20s,65.63%,-0.0005,0.0000,-0.0146,0.0377,+41.59%,Put,09/08/26
"2,719.00s",0.00%,0.9919,0.0000,0.0000,0.0000,-24.04%,Call,09/08/26,"1,720.00",0.20s,65.44%,-0.0005,0.0000,-0.0146,0.0378,+41.40%,Put,09/08/26
"2,714.00s",0.00%,0.9919,0.0000,0.0000,0.0000,-24.04%,Call,09/08/26,"1,725.00",0.20s,65.25%,-0.0005,0.0000,-0.0145,0.0379,+41.21%,Put,09/08/26
"2,709.00s",0.00%,0.9919,0.0000,0.0000,0.0000,-24.04%,Call,09/08/26,"1,730.00",0.20s,65.05%,-0.0005,0.0000,-0.0145,0.0380,+41.01%,Put,09/08/26
"2,704.00s",0.00%,0.9919,0.0000,0.0000,0.0000,-24.04%,Call,09/08/26,"1,735.00",0.20s,64.86%,-0.0005,0.0000,-0.0145,0.0381,+40.82%,Put,09/08/26
"2,699.00s",0.00%,0.9919,0.0000,0.0000,0.0000,-24.04%,Call,09/08/26,"1,740.00",0.20s,64.67%,-0.0005,0.0000,-0.0145,0.0382,+40.63%,Put,09/08/26
"2,694.00s",0.00%,0.9919,0.0000,0.0000,0.0000,-24.04%,Call,09/08/26,"1,745.00",0.20s,64.47%,-0.0005,0.0000,-0.0145,0.0383,+40.44%,Put,09/08/26
"2,689.00s",0.00%,0.9919,0.0000,0.0000,0.0000,-24.04%,Call,09/08/26,"1,750.00",0.20s,64.28%,-0.0005,0.0000,-0.0145,0.0384,+40.24%,Put,09/08/26
"2,684.00s",0.00%,0.9919,0.0000,0.0000,0.0000,-24.04%,Call,09/08/26,"1,755.00",0.20s,64.09%,-0.0005,0.0000,-0.0145,0.0385,+40.05%,Put,09/08/26
"2,679.00s",0.00%,0.9919,0.0000,0.0000,0.0000,-24.04%,Call,09/08/26,"1,760.00",0.20s,63.90%,-0.0005,0.0000,-0.0145,0.0386,+39.86%,Put,09/08/26
"2,674.00s",0.00%,0.9919,0.0000,0.0000,0.0000,-24.04%,Call,09/08/26,"1,765.00",0.20s,63.71%,-0.0005,0.0000,-0.0145,0.0387,+39.67%,Put,09/08/26
"2,669.00s",0.00%,0.9919,0.0000,0.0000,0.0000,-24.04%,Call,09/08/26,"1,770.00",0.20s,63.52%,-0.0005,0.0000,-0.0145,0.0388,+39.48%,Put,09/08/26
"2,664.00s",0.00%,0.9919,0.0000,0.0000,0.0000,-24.04%,Call,09/08/26,"1,775.00",0.20s,63.33%,-0.0005,0.0000,-0.0145,0.0389,+39.30%,Put,09/08/26
"2,659.00s",0.00%,0.9919,0.0000,0.0000,0.0000,-24.04%,Call,09/08/26,"1,780.00",0.20s,63.15%,-0.0005,0.0000,-0.0145,0.0390,+39.11%,Put,09/08/26
"2,654.00s",0.00%,0.9919,0.0000,0.0000,0.0000,-24.04%,Call,09/08/26,"1,785.00",0.20s,62.96%,-0.0005,0.0000,-0.0145,0.0391,+38.92%,Put,09/08/26
"2,649.00s",0.00%,0.9919,0.0000,0.0000,0.0000,-24.04%,Call,09/08/26,"1,790.00",0.20s,62.77%,-0.0006,0.0000,-0.0145,0.0393,+38.73%,Put,09/08/26
"2,644.00s",0.00%,0.9919,0.0000,0.0000,0.0000,-24.04%,Call,09/08/26,"1,795.00",0.20s,62.59%,-0.0006,0.0000,-0.0144,0.0394,+38.55%,Put,09/08/26
"2,639.00s",0.00%,0.9919,0.0000,0.0000,0.0000,-24.04%,Call,09/08/26,"1,800.00",0.20s,62.40%,-0.0006,0.0000,-0.0144,0.0395,+38.36%,Put,09/08/26
"2,634.00s",0.00%,0.9919,0.0000,0.0000,0.0000,-24.04%,Call,09/08/26,"1,805.00",0.20s,62.21%,-0.0006,0.0000,-0.0144,0.0396,+38.18%,Put,09/08/26
"2,629.00s",0.00%,0.9919,0.0000,0.0000,0.0000,-24.04%,Call,09/08/26,"1,810.00",0.20s,62.03%,-0.0006,0.0000,-0.0144,0.0397,+37.99%,Put,09/08/26
"2,624.00s",0.00%,0.9919,0.0000,0.0000,0.0000,-24.04%,Call,09/08/26,"1,815.00",0.20s,61.85%,-0.0006,0.0000,-0.0144,0.0398,+37.81%,Put,09/08/26
"2,619.00s",0.00%,0.9919,0.0000,0.0000,0.0000,-24.04%,Call,09/08/26,"1,820.00",0.20s,61.66%,-0.0006,0.0000,-0.0144,0.0399,+37.62%,Put,09/08/26
"2,614.00s",0.00%,0.9919,0.0000,0.0000,0.0000,-24.04%,Call,09/08/26,"1,825.00",0.20s,61.48%,-0.0006,0.0000,-0.0144,0.0400,+37.44%,Put,09/08/26
"2,609.00s",0.00%,0.9919,0.0000,0.0000,0.0000,-24.04%,Call,09/08/26,"1,830.00",0.20s,61.30%,-0.0006,0.0000,-0.0144,0.0401,+37.26%,Put,09/08/26
"2,604.00s",0.00%,0.9919,0.0000,0.0000,0.0000,-24.04%,Call,09/08/26,"1,835.00",0.20s,61.11%,-0.0006,0.0000,-0.0144,0.0402,+37.07%,Put,09/08/26
"2,599.00s",0.00%,0.9919,0.0000,0.0000,0.0000,-24.04%,Call,09/08/26,"1,840.00",0.20s,60.93%,-0.0006,0.0000,-0.0144,0.0404,+36.89%,Put,09/08/26
"2,594.00s",0.00%,0.9919,0.0000,0.0000,0.0000,-24.04%,Call,09/08/26,"1,845.00",0.20s,60.75%,-0.0006,0.0000,-0.0144,0.0405,+36.71%,Put,09/08/26
"2,589.00s",0.00%,0.9919,0.0000,0.0000,0.0000,-24.04%,Call,09/08/26,"1,850.00",0.20s,60.57%,-0.0006,0.0000,-0.0144,0.0406,+36.53%,Put,09/08/26
"2,584.00s",0.00%,0.9919,0.0000,0.0000,0.0000,-24.04%,Call,09/08/26,"1,855.00",0.20s,60.39%,-0.0006,0.0000,-0.0144,0.0407,+36.35%,Put,09/08/26
"2,579.00s",0.00%,0.9919,0.0000,0.0000,0.0000,-24.04%,Call,09/08/26,"1,860.00",0.20s,60.21%,-0.0006,0.0000,-0.0143,0.0408,+36.17%,Put,09/08/26
"2,574.00s",0.00%,0.9919,0.0000,0.0000,0.0000,-24.04%,Call,09/08/26,"1,865.00",0.20s,60.03%,-0.0006,0.0000,-0.0143,0.0409,+35.99%,Put,09/08/26
"2,569.00s",0.00%,0.9919,0.0000,0.0000,0.0000,-24.04%,Call,09/08/26,"1,870.00",0.20s,59.85%,-0.0006,0.0000,-0.0143,0.0410,+35.81%,Put,09/08/26
"2,564.00s",0.00%,0.9919,0.0000,0.0000,0.0000,-24.04%,Call,09/08/26,"1,875.00",0.20s,59.67%,-0.0006,0.0000,-0.0143,0.0411,+35.63%,Put,09/08/26
"2,559.00s",0.00%,0.9919,0.0000,0.0000,0.0000,-24.04%,Call,09/08/26,"1,880.00",0.20s,59.49%,-0.0006,0.0000,-0.0143,0.0413,+35.45%,Put,09/08/26
"2,554.00s",0.00%,0.9919,0.0000,0.0000,0.0000,-24.04%,Call,09/08/26,"1,885.00",0.20s,59.32%,-0.0006,0.0000,-0.0143,0.0414,+35.28%,Put,09/08/26
"2,549.00s",0.00%,0.9919,0.0000,0.0000,0.0000,-24.04%,Call,09/08/26,"1,890.00",0.20s,59.14%,-0.0006,0.0000,-0.0143,0.0415,+35.10%,Put,09/08/26
"2,544.00s",0.00%,0.9919,0.0000,0.0000,0.0000,-24.04%,Call,09/08/26,"1,895.00",0.30s,61.00%,-0.0008,0.0000,-0.0204,0.0571,+36.96%,Put,09/08/26
"2,539.00s",0.00%,0.9919,0.0000,0.0000,0.0000,-24.04%,Call,09/08/26,"1,900.00",0.30s,60.82%,-0.0008,0.0000,-0.0204,0.0573,+36.78%,Put,09/08/26
"2,534.00s",0.00%,0.9919,0.0000,0.0000,0.0000,-24.04%,Call,09/08/26,"1,905.00",0.30s,60.64%,-0.0008,0.0000,-0.0204,0.0574,+36.60%,Put,09/08/26
"2,529.00s",0.00%,0.9919,0.0000,0.0000,0.0000,-24.04%,Call,09/08/26,"1,910.00",0.30s,60.46%,-0.0008,0.0000,-0.0204,0.0576,+36.42%,Put,09/08/26
"2,524.00s",0.00%,0.9919,0.0000,0.0000,0.0000,-24.04%,Call,09/08/26,"1,915.00",0.30s,60.28%,-0.0008,0.0000,-0.0204,0.0577,+36.24%,Put,09/08/26
"2,519.00s",0.00%,0.9919,0.0000,0.0000,0.0000,-24.04%,Call,09/08/26,"1,920.00",0.30s,60.10%,-0.0008,0.0000,-0.0204,0.0579,+36.06%,Put,09/08/26
"2,514.00s",0.00%,0.9919,0.0000,0.0000,0.0000,-24.04%,Call,09/08/26,"1,925.00",0.30s,59.92%,-0.0008,0.0000,-0.0203,0.0580,+35.88%,Put,09/08/26
"2,509.00s",0.00%,0.9919,0.0000,0.0000,0.0000,-24.04%,Call,09/08/26,"1,930.00",0.30s,59.74%,-0.0008,0.0000,-0.0203,0.0582,+35.70%,Put,09/08/26
"2,504.00s",0.00%,0.9919,0.0000,0.0000,0.0000,-24.04%,Call,09/08/26,"1,935.00",0.30s,59.56%,-0.0008,0.0000,-0.0203,0.0584,+35.52%,Put,09/08/26
"2,499.00s",0.00%,0.9919,0.0000,0.0000,0.0000,-24.04%,Call,09/08/26,"1,940.00",0.30s,59.38%,-0.0009,0.0000,-0.0203,0.0585,+35.34%,Put,09/08/26
"2,494.00s",0.00%,0.9919,0.0000,0.0000,0.0000,-24.04%,Call,09/08/26,"1,945.00",0.30s,59.20%,-0.0009,0.0000,-0.0203,0.0587,+35.17%,Put,09/08/26
"2,489.00s",0.00%,0.9919,0.0000,0.0000,0.0000,-24.04%,Call,09/08/26,"1,950.00",0.30s,59.03%,-0.0009,0.0000,-0.0203,0.0589,+34.99%,Put,09/08/26
"2,484.00s",0.00%,0.9919,0.0000,0.0000,0.0000,-24.04%,Call,09/08/26,"1,955.00",0.30s,58.85%,-0.0009,0.0000,-0.0203,0.0590,+34.81%,Put,09/08/26
"2,479.00s",0.00%,0.9919,0.0000,0.0000,0.0000,-24.04%,Call,09/08/26,"1,960.00",0.30s,58.67%,-0.0009,0.0000,-0.0203,0.0592,+34.64%,Put,09/08/26
"2,474.00s",0.00%,0.9919,0.0000,0.0000,0.0000,-24.04%,Call,09/08/26,"1,965.00",0.30s,60.00%,-0.0011,0.0000,-0.0261,0.0741,+35.96%,Put,09/08/26
"2,469.00s",0.00%,0.9919,0.0000,0.0000,0.0000,-24.04%,Call,09/08/26,"1,970.00",0.30s,58.32%,-0.0009,0.0000,-0.0202,0.0595,+34.28%,Put,09/08/26
"2,464.00s",0.00%,0.9919,0.0000,0.0000,0.0000,-24.04%,Call,09/08/26,"1,975.00",0.30s,58.15%,-0.0009,0.0000,-0.0202,0.0597,+34.11%,Put,09/08/26
"2,459.00s",0.00%,0.9919,0.0000,0.0000,0.0000,-24.04%,Call,09/08/26,"1,980.00",0.30s,57.97%,-0.0009,0.0000,-0.0202,0.0598,+33.93%,Put,09/08/26
"2,454.00s",0.00%,0.9919,0.0000,0.0000,0.0000,-24.04%,Call,09/08/26,"1,985.00",0.30s,57.80%,-0.0009,0.0000,-0.0202,0.0600,+33.76%,Put,09/08/26
"2,449.00s",0.00%,0.9919,0.0000,0.0000,0.0000,-24.04%,Call,09/08/26,"1,990.00",0.30s,57.63%,-0.0009,0.0000,-0.0202,0.0602,+33.59%,Put,09/08/26
"2,444.00s",0.00%,0.9919,0.0000,0.0000,0.0000,-24.04%,Call,09/08/26,"1,995.00",0.30s,57.45%,-0.0009,0.0000,-0.0202,0.0603,+33.41%,Put,09/08/26
"2,439.00s",0.00%,0.9919,0.0000,0.0000,0.0000,-24.04%,Call,09/08/26,"2,000.00",0.30s,57.28%,-0.0009,0.0000,-0.0202,0.0605,+33.24%,Put,09/08/26
"2,434.00s",0.00%,0.9919,0.0000,0.0000,0.0000,-24.04%,Call,09/08/26,"2,005.00",0.30s,57.11%,-0.0009,0.0000,-0.0202,0.0607,+33.07%,Put,09/08/26
"2,429.00s",0.00%,0.9919,0.0000,0.0000,0.0000,-24.04%,Call,09/08/26,"2,010.00",0.30s,56.94%,-0.0009,0.0000,-0.0202,0.0608,+32.90%,Put,09/08/26
"2,424.00s",0.00%,0.9919,0.0000,0.0000,0.0000,-24.04%,Call,09/08/26,"2,015.00",0.30s,56.76%,-0.0009,0.0000,-0.0201,0.0610,+32.73%,Put,09/08/26
"2,419.00s",0.00%,0.9919,0.0000,0.0000,0.0000,-24.04%,Call,09/08/26,"2,020.00",0.30s,56.59%,-0.0009,0.0000,-0.0201,0.0612,+32.55%,Put,09/08/26
"2,414.00s",0.00%,0.9919,0.0000,0.0000,0.0000,-24.04%,Call,09/08/26,"2,025.00",0.30s,56.42%,-0.0009,0.0000,-0.0201,0.0613,+32.38%,Put,09/08/26
"2,409.00s",0.00%,0.9919,0.0000,0.0000,0.0000,-24.04%,Call,09/08/26,"2,030.00",0.30s,56.25%,-0.0009,0.0000,-0.0201,0.0615,+32.21%,Put,09/08/26
"2,404.00s",0.00%,0.9919,0.0000,0.0000,0.0000,-24.04%,Call,09/08/26,"2,035.00",0.30s,56.08%,-0.0009,0.0000,-0.0201,0.0617,+32.04%,Put,09/08/26
"2,399.00s",0.00%,0.9919,0.0000,0.0000,0.0000,-24.04%,Call,09/08/26,"2,040.00",0.30s,55.91%,-0.0009,0.0000,-0.0201,0.0618,+31.87%,Put,09/08/26
"2,394.00s",0.00%,0.9919,0.0000,0.0000,0.0000,-24.04%,Call,09/08/26,"2,045.00",0.30s,55.74%,-0.0009,0.0000,-0.0201,0.0620,+31.71%,Put,09/08/26
"2,389.00s",0.00%,0.9919,0.0000,0.0000,0.0000,-24.04%,Call,09/08/26,"2,050.00",0.30s,55.58%,-0.0009,0.0000,-0.0201,0.0622,+31.54%,Put,09/08/26
"2,384.00s",0.00%,0.9919,0.0000,0.0000,0.0000,-24.04%,Call,09/08/26,"2,055.00",0.30s,55.41%,-0.0009,0.0000,-0.0200,0.0624,+31.37%,Put,09/08/26
"2,379.00s",0.00%,0.9919,0.0000,0.0000,0.0000,-24.04%,Call,09/08/26,"2,060.00",0.30s,55.24%,-0.0009,0.0000,-0.0200,0.0625,+31.20%,Put,09/08/26
"2,374.00s",0.00%,0.9919,0.0000,0.0000,0.0000,-24.04%,Call,09/08/26,"2,065.00",0.30s,55.07%,-0.0009,0.0000,-0.0200,0.0627,+31.03%,Put,09/08/26
"2,369.00s",0.00%,0.9919,0.0000,0.0000,0.0000,-24.04%,Call,09/08/26,"2,070.00",0.30s,54.91%,-0.0009,0.0000,-0.0200,0.0629,+30.87%,Put,09/08/26
"2,364.00s",0.00%,0.9919,0.0000,0.0000,0.0000,-24.04%,Call,09/08/26,"2,075.00",0.30s,54.74%,-0.0009,0.0000,-0.0200,0.0631,+30.70%,Put,09/08/26
"2,359.00s",0.00%,0.9919,0.0000,0.0000,0.0000,-24.04%,Call,09/08/26,"2,080.00",0.30s,54.57%,-0.0009,0.0000,-0.0200,0.0632,+30.53%,Put,09/08/26
"2,354.00s",0.00%,0.9919,0.0000,0.0000,0.0000,-24.04%,Call,09/08/26,"2,085.00",0.30s,54.41%,-0.0009,0.0000,-0.0200,0.0634,+30.37%,Put,09/08/26
"2,349.00s",0.00%,0.9919,0.0000,0.0000,0.0000,-24.04%,Call,09/08/26,"2,090.00",0.30s,54.24%,-0.0009,0.0000,-0.0200,0.0636,+30.20%,Put,09/08/26
"2,344.00s",0.00%,0.9919,0.0000,0.0000,0.0000,-24.04%,Call,09/08/26,"2,095.00",0.30s,54.08%,-0.0009,0.0000,-0.0199,0.0638,+30.04%,Put,09/08/26
"2,339.00s",0.00%,0.9919,0.0000,0.0000,0.0000,-24.04%,Call,09/08/26,"2,100.00",0.30s,53.91%,-0.0009,0.0000,-0.0199,0.0639,+29.87%,Put,09/08/26
"2,334.00s",0.00%,0.9919,0.0000,0.0000,0.0000,-24.04%,Call,09/08/26,"2,105.00",0.30s,53.75%,-0.0009,0.0000,-0.0199,0.0641,+29.71%,Put,09/08/26
"2,329.00s",0.00%,0.9919,0.0000,0.0000,0.0000,-24.04%,Call,09/08/26,"2,110.00",0.30s,53.58%,-0.0009,0.0000,-0.0199,0.0643,+29.55%,Put,09/08/26
"2,324.00s",0.00%,0.9919,0.0000,0.0000,0.0000,-24.04%,Call,09/08/26,"2,115.00",0.40s,54.80%,-0.0012,0.0000,-0.0256,0.0804,+30.77%,Put,09/08/26
"2,319.00s",0.00%,0.9919,0.0000,0.0000,0.0000,-24.04%,Call,09/08/26,"2,120.00",0.40s,54.64%,-0.0012,0.0000,-0.0256,0.0807,+30.60%,Put,09/08/26
"2,314.00s",0.00%,0.9919,0.0000,0.0000,0.0000,-24.04%,Call,09/08/26,"2,125.00",0.40s,54.47%,-0.0012,0.0000,-0.0256,0.0809,+30.43%,Put,09/08/26
"2,309.00s",0.00%,0.9919,0.0000,0.0000,0.0000,-24.04%,Call,09/08/26,"2,130.00",0.40s,54.31%,-0.0012,0.0000,-0.0256,0.0811,+30.27%,Put,09/08/26
"2,304.00s",0.00%,0.9919,0.0000,0.0000,0.0000,-24.04%,Call,09/08/26,"2,135.00",0.40s,54.14%,-0.0012,0.0000,-0.0255,0.0813,+30.10%,Put,09/08/26
"2,299.00s",0.00%,0.9919,0.0000,0.0000,0.0000,-24.04%,Call,09/08/26,"2,140.00",0.40s,53.97%,-0.0012,0.0000,-0.0255,0.0816,+29.94%,Put,09/08/26
"2,294.00s",0.00%,0.9919,0.0000,0.0000,0.0000,-24.04%,Call,09/08/26,"2,145.00",0.40s,53.81%,-0.0012,0.0000,-0.0255,0.0818,+29.77%,Put,09/08/26
"2,289.00s",0.00%,0.9919,0.0000,0.0000,0.0000,-24.04%,Call,09/08/26,"2,150.00",0.40s,53.64%,-0.0012,0.0000,-0.0255,0.0820,+29.61%,Put,09/08/26
"2,284.00s",0.00%,0.9919,0.0000,0.0000,0.0000,-24.04%,Call,09/08/26,"2,155.00",0.40s,53.48%,-0.0012,0.0000,-0.0255,0.0822,+29.44%,Put,09/08/26
"2,279.00s",0.00%,0.9919,0.0000,0.0000,0.0000,-24.04%,Call,09/08/26,"2,160.00",0.40s,53.32%,-0.0012,0.0000,-0.0255,0.0825,+29.28%,Put,09/08/26
"2,274.00s",0.00%,0.9919,0.0000,0.0000,0.0000,-24.04%,Call,09/08/26,"2,165.00",0.40s,53.15%,-0.0012,0.0000,-0.0254,0.0827,+29.11%,Put,09/08/26
"2,269.00s",0.00%,0.9919,0.0000,0.0000,0.0000,-24.04%,Call,09/08/26,"2,170.00",0.40s,52.99%,-0.0012,0.0000,-0.0254,0.0829,+28.95%,Put,09/08/26
"2,264.00s",0.00%,0.9919,0.0000,0.0000,0.0000,-24.04%,Call,09/08/26,"2,175.00",0.40s,52.83%,-0.0012,0.0000,-0.0254,0.0832,+28.79%,Put,09/08/26
"2,259.00s",0.00%,0.9919,0.0000,0.0000,0.0000,-24.04%,Call,09/08/26,"2,180.00",0.40s,52.66%,-0.0013,0.0000,-0.0254,0.0834,+28.63%,Put,09/08/26
"2,254.00s",0.00%,0.9919,0.0000,0.0000,0.0000,-24.04%,Call,09/08/26,"2,185.00",0.40s,52.50%,-0.0013,0.0000,-0.0254,0.0836,+28.46%,Put,09/08/26
"2,249.00s",0.00%,0.9919,0.0000,0.0000,0.0000,-24.04%,Call,09/08/26,"2,190.00",0.40s,52.34%,-0.0013,0.0000,-0.0254,0.0839,+28.30%,Put,09/08/26
"2,244.00s",0.00%,0.9919,0.0000,0.0000,0.0000,-24.04%,Call,09/08/26,"2,195.00",0.40s,52.18%,-0.0013,0.0000,-0.0253,0.0841,+28.14%,Put,09/08/26
"2,239.00s",0.00%,0.9919,0.0000,0.0000,0.0000,-24.04%,Call,09/08/26,"2,200.00",0.40s,53.11%,-0.0015,0.0000,-0.0308,0.0999,+29.07%,Put,09/08/26
"2,234.00s",0.00%,0.9919,0.0000,0.0000,0.0000,-24.04%,Call,09/08/26,"2,205.00",0.40s,51.86%,-0.0013,0.0000,-0.0253,0.0846,+27.82%,Put,09/08/26
"2,229.00s",0.00%,0.9919,0.0000,0.0000,0.0000,-24.04%,Call,09/08/26,"2,210.00",0.40s,51.70%,-0.0013,0.0000,-0.0253,0.0848,+27.66%,Put,09/08/26
"2,224.00s",0.00%,0.9919,0.0000,0.0000,0.0000,-24.04%,Call,09/08/26,"2,215.00",0.40s,51.54%,-0.0013,0.0000,-0.0253,0.0850,+27.50%,Put,09/08/26
"2,219.00s",0.00%,0.9919,0.0000,0.0000,0.0000,-24.04%,Call,09/08/26,"2,220.00",0.40s,51.38%,-0.0013,0.0000,-0.0253,0.0853,+27.34%,Put,09/08/26
"2,214.00s",0.00%,0.9919,0.0000,0.0000,0.0000,-24.04%,Call,09/08/26,"2,225.00",0.40s,51.22%,-0.0013,0.0000,-0.0252,0.0855,+27.18%,Put,09/08/26
"2,209.00s",0.00%,0.9919,0.0000,0.0000,0.0000,-24.04%,Call,09/08/26,"2,230.00",0.40s,51.06%,-0.0013,0.0000,-0.0252,0.0858,+27.02%,Put,09/08/26
"2,204.00s",0.00%,0.9919,0.0000,0.0000,0.0000,-24.04%,Call,09/08/26,"2,235.00",0.40s,50.90%,-0.0013,0.0000,-0.0252,0.0860,+26.86%,Put,09/08/26
"2,199.00s",0.00%,0.9919,0.0000,0.0000,0.0000,-24.04%,Call,09/08/26,"2,240.00",0.40s,50.74%,-0.0013,0.0000,-0.0252,0.0863,+26.70%,Put,09/08/26
"2,194.00s",0.00%,0.9919,0.0000,0.0000,0.0000,-24.04%,Call,09/08/26,"2,245.00",0.40s,50.59%,-0.0013,0.0000,-0.0252,0.0865,+26.55%,Put,09/08/26
"2,189.00s",0.00%,0.9919,0.0000,0.0000,0.0000,-24.04%,Call,09/08/26,"2,250.00",0.50s,51.49%,-0.0016,0.0000,-0.0306,0.1028,+27.45%,Put,09/08/26
"2,184.00s",0.00%,0.9919,0.0000,0.0000,0.0000,-24.04%,Call,09/08/26,"2,255.00",0.50s,51.33%,-0.0016,0.0000,-0.0305,0.1031,+27.29%,Put,09/08/26
"2,179.00s",0.00%,0.9919,0.0000,0.0000,0.0000,-24.04%,Call,09/08/26,"2,260.00",0.50s,51.17%,-0.0016,0.0000,-0.0305,0.1034,+27.13%,Put,09/08/26
"2,174.00s",0.00%,0.9919,0.0000,0.0000,0.0000,-24.04%,Call,09/08/26,"2,265.00",0.50s,51.01%,-0.0016,0.0000,-0.0305,0.1036,+26.97%,Put,09/08/26
"2,169.00s",0.00%,0.9919,0.0000,0.0000,0.0000,-24.04%,Call,09/08/26,"2,270.00",0.50s,50.85%,-0.0016,0.0000,-0.0305,0.1039,+26.81%,Put,09/08/26
"2,164.00s",0.00%,0.9919,0.0000,0.0000,0.0000,-24.04%,Call,09/08/26,"2,275.00",0.50s,50.69%,-0.0016,0.0000,-0.0305,0.1042,+26.65%,Put,09/08/26
"2,159.00s",0.00%,0.9919,0.0000,0.0000,0.0000,-24.04%,Call,09/08/26,"2,280.00",0.50s,50.53%,-0.0016,0.0000,-0.0304,0.1045,+26.49%,Put,09/08/26
"2,154.00s",0.00%,0.9919,0.0000,0.0000,0.0000,-24.04%,Call,09/08/26,"2,285.00",0.50s,50.37%,-0.0016,0.0000,-0.0304,0.1048,+26.33%,Put,09/08/26
"2,149.00s",0.00%,0.9919,0.0000,0.0000,0.0000,-24.04%,Call,09/08/26,"2,290.00",0.50s,50.21%,-0.0016,0.0000,-0.0304,0.1051,+26.18%,Put,09/08/26
"2,144.00s",0.00%,0.9919,0.0000,0.0000,0.0000,-24.04%,Call,09/08/26,"2,295.00",0.50s,50.06%,-0.0016,0.0000,-0.0304,0.1054,+26.02%,Put,09/08/26
"2,139.00s",0.00%,0.9919,0.0000,0.0000,0.0000,-24.04%,Call,09/08/26,"2,300.00",0.50s,49.90%,-0.0016,0.0000,-0.0303,0.1057,+25.86%,Put,09/08/26
"2,134.00s",0.00%,0.9919,0.0000,0.0000,0.0000,-24.04%,Call,09/08/26,"2,305.00",0.50s,49.74%,-0.0016,0.0000,-0.0303,0.1060,+25.70%,Put,09/08/26
"2,129.00s",0.00%,0.9919,0.0000,0.0000,0.0000,-24.04%,Call,09/08/26,"2,310.00",0.50s,49.59%,-0.0016,0.0000,-0.0303,0.1063,+25.55%,Put,09/08/26
"2,124.00s",0.00%,0.9919,0.0000,0.0000,0.0000,-24.04%,Call,09/08/26,"2,315.00",0.50s,49.43%,-0.0016,0.0000,-0.0303,0.1066,+25.39%,Put,09/08/26
"2,119.00s",0.00%,0.9919,0.0000,0.0000,0.0000,-24.04%,Call,09/08/26,"2,320.00",0.50s,49.27%,-0.0016,0.0000,-0.0303,0.1069,+25.24%,Put,09/08/26
"2,114.00s",0.00%,0.9919,0.0000,0.0000,0.0000,-24.04%,Call,09/08/26,"2,325.00",0.50s,49.12%,-0.0016,0.0000,-0.0302,0.1072,+25.08%,Put,09/08/26
"2,109.00s",0.00%,0.9919,0.0000,0.0000,0.0000,-24.04%,Call,09/08/26,"2,330.00",0.60s,49.83%,-0.0019,0.0000,-0.0354,0.1233,+25.79%,Put,09/08/26
"2,104.00s",0.00%,0.9919,0.0000,0.0000,0.0000,-24.04%,Call,09/08/26,"2,335.00",0.60s,49.67%,-0.0019,0.0000,-0.0354,0.1237,+25.64%,Put,09/08/26
"2,099.00s",0.00%,0.9919,0.0000,0.0000,0.0000,-24.04%,Call,09/08/26,"2,340.00",0.60s,49.52%,-0.0019,0.0000,-0.0354,0.1240,+25.48%,Put,09/08/26
"2,094.00s",0.00%,0.9919,0.0000,0.0000,0.0000,-24.04%,Call,09/08/26,"2,345.00",0.60s,49.36%,-0.0019,0.0000,-0.0353,0.1244,+25.32%,Put,09/08/26
"2,089.00s",0.00%,0.9919,0.0000,0.0000,0.0000,-24.04%,Call,09/08/26,"2,350.00",0.60s,49.20%,-0.0019,0.0000,-0.0353,0.1247,+25.17%,Put,09/08/26
"2,084.00s",0.00%,0.9919,0.0000,0.0000,0.0000,-24.04%,Call,09/08/26,"2,355.00",0.60s,49.05%,-0.0020,0.0000,-0.0353,0.1251,+25.01%,Put,09/08/26
"2,079.00s",0.00%,0.9919,0.0000,0.0000,0.0000,-24.04%,Call,09/08/26,"2,360.00",0.60s,48.89%,-0.0020,0.0000,-0.0353,0.1254,+24.85%,Put,09/08/26
"2,074.00s",0.00%,0.9919,0.0000,0.0000,0.0000,-24.04%,Call,09/08/26,"2,365.00",0.60s,48.74%,-0.0020,0.0000,-0.0352,0.1258,+24.70%,Put,09/08/26
"2,069.00s",99.84%,0.9349,0.0001,-1.4968,2.3054,+75.80%,Call,09/08/26,"2,370.00",0.60s,48.58%,-0.0020,0.0000,-0.0352,0.1261,+24.54%,Put,09/08/26
"2,064.00s",99.54%,0.9348,0.0001,-1.4951,2.3098,+75.50%,Call,09/08/26,"2,375.00",0.60s,49.17%,-0.0022,0.0000,-0.0402,0.1419,+25.13%,Put,09/08/26
"2,059.00s",99.24%,0.9346,0.0001,-1.4935,2.3143,+75.20%,Call,09/08/26,"2,380.00",0.60s,48.27%,-0.0020,0.0000,-0.0352,0.1269,+24.24%,Put,09/08/26
"2,054.00s",98.94%,0.9345,0.0001,-1.4919,2.3188,+74.90%,Call,09/08/26,"2,385.00",0.60s,48.12%,-0.0020,0.0000,-0.0351,0.1272,+24.08%,Put,09/08/26
"2,049.00s",98.64%,0.9343,0.0001,-1.4903,2.3233,+74.60%,Call,09/08/26,"2,390.00",0.60s,47.97%,-0.0020,0.0000,-0.0351,0.1276,+23.93%,Put,09/08/26
"2,044.00s",98.34%,0.9342,0.0001,-1.4887,2.3278,+74.30%,Call,09/08/26,"2,395.00",0.60s,47.81%,-0.0020,0.0000,-0.0351,0.1280,+23.77%,Put,09/08/26
"2,039.00s",98.04%,0.9340,0.0001,-1.4870,2.3323,+74.00%,Call,09/08/26,"2,400.00",0.70s,48.39%,-0.0023,0.0000,-0.0401,0.1440,+24.36%,Put,09/08/26
"2,034.00s",97.75%,0.9339,0.0001,-1.4854,2.3368,+73.71%,Call,09/08/26,"2,405.00",0.70s,48.24%,-0.0023,0.0000,-0.0400,0.1444,+24.20%,Put,09/08/26
"2,029.00s",97.45%,0.9338,0.0001,-1.4838,2.3414,+73.41%,Call,09/08/26,"2,410.00",0.70s,48.08%,-0.0023,0.0000,-0.0400,0.1448,+24.05%,Put,09/08/26
"2,024.00s",97.15%,0.9336,0.0001,-1.4821,2.3459,+73.11%,Call,09/08/26,"2,415.00",0.70s,47.93%,-0.0023,0.0000,-0.0400,0.1452,+23.89%,Put,09/08/26
"2,019.00s",96.86%,0.9335,0.0001,-1.4805,2.3504,+72.82%,Call,09/08/26,"2,420.00",0.70s,47.78%,-0.0023,0.0000,-0.0399,0.1456,+23.74%,Put,09/08/26
"2,014.00s",96.56%,0.9333,0.0001,-1.4788,2.3550,+72.53%,Call,09/08/26,"2,425.00",0.70s,47.62%,-0.0023,0.0000,-0.0399,0.1460,+23.58%,Put,09/08/26
"2,009.00s",96.27%,0.9332,0.0001,-1.4772,2.3596,+72.23%,Call,09/08/26,"2,430.00",0.70s,47.47%,-0.0023,0.0000,-0.0399,0.1465,+23.43%,Put,09/08/26
"2,004.00s",95.98%,0.9330,0.0001,-1.4756,2.3641,+71.94%,Call,09/08/26,"2,435.00",0.70s,47.32%,-0.0023,0.0000,-0.0398,0.1469,+23.28%,Put,09/08/26
"1,999.00s",95.68%,0.9329,0.0001,-1.4739,2.3687,+71.65%,Call,09/08/26,"2,440.00",0.70s,47.16%,-0.0023,0.0000,-0.0398,0.1473,+23.12%,Put,09/08/26
"1,994.00s",95.39%,0.9327,0.0001,-1.4723,2.3733,+71.35%,Call,09/08/26,"2,445.00",0.70s,47.01%,-0.0023,0.0000,-0.0398,0.1477,+22.97%,Put,09/08/26
"1,989.00s",95.10%,0.9326,0.0001,-1.4706,2.3779,+71.06%,Call,09/08/26,"2,450.00",0.70s,46.86%,-0.0024,0.0000,-0.0398,0.1481,+22.82%,Put,09/08/26
"1,984.00s",94.81%,0.9325,0.0001,-1.4690,2.3825,+70.77%,Call,09/08/26,"2,455.00",0.70s,46.71%,-0.0024,0.0000,-0.0397,0.1486,+22.67%,Put,09/08/26
"1,979.00s",94.52%,0.9323,0.0001,-1.4673,2.3872,+70.48%,Call,09/08/26,"2,460.00",0.80s,47.19%,-0.0026,0.0000,-0.0445,0.1645,+23.15%,Put,09/08/26
"1,974.00s",94.23%,0.9322,0.0001,-1.4657,2.3918,+70.19%,Call,09/08/26,"2,465.00",0.80s,47.04%,-0.0026,0.0000,-0.0445,0.1650,+23.00%,Put,09/08/26
"1,969.00s",93.94%,0.9320,0.0001,-1.4640,2.3964,+69.90%,Call,09/08/26,"2,470.00",0.80s,46.89%,-0.0027,0.0000,-0.0445,0.1654,+22.85%,Put,09/08/26
"1,964.00s",93.65%,0.9319,0.0001,-1.4623,2.4011,+69.61%,Call,09/08/26,"2,475.00",0.80s,46.74%,-0.0027,0.0000,-0.0444,0.1659,+22.70%,Put,09/08/26
"1,959.00s",93.37%,0.9317,0.0001,-1.4607,2.4057,+69.33%,Call,09/08/26,"2,480.00",0.80s,46.58%,-0.0027,0.0000,-0.0444,0.1664,+22.54%,Put,09/08/26
"1,954.00s",93.08%,0.9316,0.0001,-1.4590,2.4104,+69.04%,Call,09/08/26,"2,485.00",0.80s,46.43%,-0.0027,0.0000,-0.0444,0.1669,+22.39%,Put,09/08/26
"1,949.00s",92.79%,0.9314,0.0001,-1.4573,2.4151,+68.75%,Call,09/08/26,"2,490.00",0.80s,46.28%,-0.0027,0.0000,-0.0443,0.1673,+22.24%,Put,09/08/26
"1,944.00s",92.51%,0.9313,0.0001,-1.4557,2.4198,+68.47%,Call,09/08/26,"2,495.00",0.80s,46.13%,-0.0027,0.0000,-0.0443,0.1678,+22.09%,Put,09/08/26
"1,939.00s",92.22%,0.9311,0.0001,-1.4540,2.4245,+68.18%,Call,09/08/26,"2,500.00",0.80s,45.98%,-0.0027,0.0000,-0.0443,0.1683,+21.94%,Put,09/08/26
"1,934.00s",91.94%,0.9310,0.0001,-1.4523,2.4292,+67.90%,Call,09/08/26,"2,505.00",0.80s,45.83%,-0.0027,0.0000,-0.0442,0.1688,+21.79%,Put,09/08/26
"1,929.00s",91.65%,0.9308,0.0001,-1.4507,2.4339,+67.61%,Call,09/08/26,"2,510.00",0.80s,45.68%,-0.0027,0.0000,-0.0442,0.1693,+21.64%,Put,09/08/26
"1,924.00s",91.37%,0.9307,0.0001,-1.4490,2.4386,+67.33%,Call,09/08/26,"2,515.00",0.90s,46.09%,-0.0030,0.0000,-0.0489,0.1851,+22.05%,Put,09/08/26
"1,919.00s",91.08%,0.9305,0.0001,-1.4473,2.4434,+67.05%,Call,09/08/26,"2,520.00",0.90s,45.94%,-0.0030,0.0000,-0.0488,0.1857,+21.90%,Put,09/08/26
"1,914.00s",90.80%,0.9304,0.0001,-1.4456,2.4481,+66.76%,Call,09/08/26,"2,525.00",0.90s,45.79%,-0.0030,0.0000,-0.0488,0.1862,+21.75%,Put,09/08/26
"1,909.00s",90.52%,0.9302,0.0001,-1.4439,2.4529,+66.48%,Call,09/08/26,"2,530.00",0.90s,45.63%,-0.0030,0.0000,-0.0487,0.1867,+21.60%,Put,09/08/26
"1,904.00s",90.24%,0.9300,0.0001,-1.4422,2.4577,+66.20%,Call,09/08/26,"2,535.00",0.90s,45.48%,-0.0030,0.0000,-0.0487,0.1873,+21.45%,Put,09/08/26
"1,899.00s",89.96%,0.9299,0.0001,-1.4406,2.4625,+65.92%,Call,09/08/26,"2,540.00",0.90s,45.33%,-0.0031,0.0000,-0.0487,0.1878,+21.29%,Put,09/08/26
"1,894.00s",89.68%,0.9297,0.0001,-1.4389,2.4672,+65.64%,Call,09/08/26,"2,545.00",0.90s,45.18%,-0.0031,0.0000,-0.0486,0.1884,+21.14%,Put,09/08/26
"1,889.00s",89.40%,0.9296,0.0001,-1.4372,2.4721,+65.36%,Call,09/08/26,"2,550.00",0.90s,45.03%,-0.0031,0.0000,-0.0486,0.1889,+20.99%,Put,09/08/26
"1,884.00s",89.12%,0.9294,0.0001,-1.4355,2.4769,+65.08%,Call,09/08/26,"2,555.00",0.90s,44.88%,-0.0031,0.0000,-0.0485,0.1895,+20.84%,Put,09/08/26
"1,879.00s",88.84%,0.9293,0.0001,-1.4338,2.4817,+64.80%,Call,09/08/26,"2,560.00",0.90s,44.73%,-0.0031,0.0000,-0.0485,0.1900,+20.70%,Put,09/08/26
"1,874.00s",88.56%,0.9291,0.0001,-1.4321,2.4865,+64.52%,Call,09/08/26,"2,565.00",1.00s,45.09%,-0.0034,0.0000,-0.0531,0.2058,+21.05%,Put,09/08/26
"1,869.00s",88.28%,0.9290,0.0001,-1.4304,2.4914,+64.25%,Call,09/08/26,"2,570.00",1.00s,44.94%,-0.0034,0.0000,-0.0530,0.2064,+20.90%,Put,09/08/26
"1,864.00s",88.01%,0.9288,0.0001,-1.4287,2.4962,+63.97%,Call,09/08/26,"2,575.00",1.00s,44.79%,-0.0034,0.0000,-0.0530,0.2070,+20.75%,Put,09/08/26
"1,859.00s",87.73%,0.9286,0.0001,-1.4270,2.5011,+63.69%,Call,09/08/26,"2,580.00",1.00s,44.64%,-0.0034,0.0000,-0.0529,0.2076,+20.60%,Put,09/08/26
"1,854.00s",87.45%,0.9285,0.0001,-1.4253,2.5060,+63.42%,Call,09/08/26,"2,585.00",1.00s,44.49%,-0.0034,0.0000,-0.0529,0.2083,+20.45%,Put,09/08/26
"1,849.00s",87.18%,0.9283,0.0001,-1.4235,2.5109,+63.14%,Call,09/08/26,"2,590.00",1.00s,44.34%,-0.0034,0.0000,-0.0528,0.2089,+20.30%,Put,09/08/26
"1,844.00s",86.90%,0.9282,0.0001,-1.4218,2.5158,+62.87%,Call,09/08/26,"2,595.00",1.00s,44.19%,-0.0035,0.0000,-0.0528,0.2095,+20.15%,Put,09/08/26
"1,839.00s",86.63%,0.9280,0.0001,-1.4201,2.5207,+62.59%,Call,09/08/26,"2,600.00",1.00s,44.04%,-0.0035,0.0000,-0.0527,0.2101,+20.00%,Put,09/08/26
"1,834.00s",86.36%,0.9278,0.0001,-1.4184,2.5256,+62.32%,Call,09/08/26,"2,605.00",1.10s,44.35%,-0.0038,0.0000,-0.0572,0.2258,+20.31%,Put,09/08/26
"1,829.00s",86.08%,0.9277,0.0001,-1.4167,2.5306,+62.04%,Call,09/08/26,"2,610.00",1.10s,44.20%,-0.0038,0.0000,-0.0571,0.2265,+20.16%,Put,09/08/26
"1,824.00s",85.81%,0.9275,0.0001,-1.4150,2.5355,+61.77%,Call,09/08/26,"2,615.00",1.10s,44.05%,-0.0038,0.0000,-0.0571,0.2271,+20.02%,Put,09/08/26
"1,819.00s",85.54%,0.9274,0.0001,-1.4132,2.5405,+61.50%,Call,09/08/26,"2,620.00",1.10s,43.91%,-0.0038,0.0000,-0.0570,0.2278,+19.87%,Put,09/08/26
"1,814.00s",85.27%,0.9272,0.0001,-1.4115,2.5455,+61.23%,Call,09/08/26,"2,625.00",1.10s,43.76%,-0.0038,0.0000,-0.0570,0.2285,+19.72%,Put,09/08/26
"1,809.00s",84.99%,0.9270,0.0001,-1.4098,2.5505,+60.96%,Call,09/08/26,"2,630.00",1.10s,43.61%,-0.0038,0.0000,-0.0569,0.2291,+19.57%,Put,09/08/26
"1,804.00s",84.72%,0.9269,0.0001,-1.4081,2.5555,+60.69%,Call,09/08/26,"2,635.00",1.10s,43.46%,-0.0038,0.0000,-0.0569,0.2298,+19.42%,Put,09/08/26
"1,799.00s",84.45%,0.9267,0.0001,-1.4063,2.5605,+60.42%,Call,09/08/26,"2,640.00",1.10s,43.31%,-0.0038,0.0000,-0.0568,0.2305,+19.27%,Put,09/08/26
"1,794.00s",84.18%,0.9265,0.0001,-1.4046,2.5655,+60.15%,Call,09/08/26,"2,645.00",1.10s,43.16%,-0.0039,0.0000,-0.0568,0.2312,+19.13%,Put,09/08/26
"1,789.00s",83.91%,0.9264,0.0001,-1.4029,2.5705,+59.88%,Call,09/08/26,"2,650.00",1.20s,43.43%,-0.0041,0.0000,-0.0611,0.2469,+19.40%,Put,09/08/26
"1,784.00s",83.65%,0.9262,0.0001,-1.4011,2.5756,+59.61%,Call,09/08/26,"2,655.00",1.20s,43.29%,-0.0042,0.0000,-0.0611,0.2476,+19.25%,Put,09/08/26
"1,779.00s",83.38%,0.9260,0.0001,-1.3994,2.5807,+59.34%,Call,09/08/26,"2,660.00",1.20s,43.14%,-0.0042,0.0000,-0.0610,0.2484,+19.10%,Put,09/08/26
"1,774.00s",83.11%,0.9259,0.0001,-1.3976,2.5857,+59.07%,Call,09/08/26,"2,665.00",1.20s,42.99%,-0.0042,0.0000,-0.0610,0.2491,+18.95%,Put,09/08/26
"1,769.00s",82.84%,0.9257,0.0001,-1.3959,2.5908,+58.80%,Call,09/08/26,"2,670.00",1.20s,42.84%,-0.0042,0.0000,-0.0609,0.2498,+18.80%,Put,09/08/26
"1,764.00s",82.58%,0.9255,0.0001,-1.3941,2.5959,+58.54%,Call,09/08/26,"2,675.00",1.20s,42.70%,-0.0042,0.0000,-0.0609,0.2506,+18.66%,Put,09/08/26
"1,759.00s",82.31%,0.9254,0.0001,-1.3924,2.6010,+58.27%,Call,09/08/26,"2,680.00",1.20s,42.55%,-0.0042,0.0000,-0.0608,0.2513,+18.51%,Put,09/08/26
"1,754.00s",82.04%,0.9252,0.0001,-1.3906,2.6062,+58.01%,Call,09/08/26,"2,685.00",1.30s,42.79%,-0.0045,0.0000,-0.0650,0.2670,+18.75%,Put,09/08/26
"1,749.00s",81.78%,0.9250,0.0001,-1.3889,2.6113,+57.74%,Call,09/08/26,"2,690.00",1.30s,42.64%,-0.0045,0.0000,-0.0650,0.2678,+18.60%,Put,09/08/26
"1,744.00s",81.51%,0.9249,0.0001,-1.3871,2.6165,+57.47%,Call,09/08/26,"2,695.00",1.30s,42.49%,-0.0046,0.0000,-0.0649,0.2686,+18.45%,Put,09/08/26
"1,739.00s",81.25%,0.9247,0.0001,-1.3854,2.6216,+57.21%,Call,09/08/26,"2,700.00",1.30s,42.34%,-0.0046,0.0000,-0.0649,0.2694,+18.31%,Put,09/08/26
"1,734.00s",80.99%,0.9245,0.0001,-1.3836,2.6268,+56.95%,Call,09/08/26,"2,705.00",1.30s,42.20%,-0.0046,0.0000,-0.0648,0.2702,+18.16%,Put,09/08/26
"1,729.00s",93.46%,0.9027,0.0001,-1.9870,3.2482,+69.42%,Call,09/08/26,"2,710.00",1.30s,42.05%,-0.0046,0.0000,-0.0647,0.2710,+18.01%,Put,09/08/26
"1,724.00s",80.46%,0.9242,0.0001,-1.3801,2.6372,+56.42%,Call,09/08/26,"2,715.00",1.30s,41.90%,-0.0046,0.0000,-0.0647,0.2718,+17.87%,Put,09/08/26
"1,719.00s",80.20%,0.9240,0.0001,-1.3783,2.6425,+56.16%,Call,09/08/26,"2,720.00",1.30s,41.76%,-0.0046,0.0000,-0.0646,0.2726,+17.72%,Put,09/08/26
"1,714.00s",79.93%,0.9238,0.0001,-1.3765,2.6477,+55.90%,Call,09/08/26,"2,725.00",1.40s,41.97%,-0.0049,0.0000,-0.0688,0.2883,+17.93%,Put,09/08/26
"1,709.00s",79.67%,0.9236,0.0001,-1.3748,2.6529,+55.63%,Call,09/08/26,"2,730.00",1.40s,41.47%,-0.0047,0.0000,-0.0645,0.2743,+17.43%,Put,09/08/26
"1,704.00s",79.41%,0.9235,0.0001,-1.3730,2.6582,+55.37%,Call,09/08/26,"2,735.00",1.40s,41.67%,-0.0050,0.0000,-0.0686,0.2900,+17.64%,Put,09/08/26
"1,699.00s",79.15%,0.9233,0.0001,-1.3712,2.6635,+55.11%,Call,09/08/26,"2,740.00",1.40s,41.53%,-0.0050,0.0000,-0.0686,0.2909,+17.49%,Put,09/08/26
"1,694.00s",78.89%,0.9231,0.0001,-1.3694,2.6688,+54.85%,Call,09/08/26,"2,745.00",1.40s,41.38%,-0.0050,0.0000,-0.0685,0.2918,+17.34%,Put,09/08/26
"1,689.00s",78.63%,0.9229,0.0001,-1.3677,2.6741,+54.59%,Call,09/08/26,"2,750.00",1.40s,41.24%,-0.0050,0.0000,-0.0684,0.2927,+17.20%,Put,09/08/26
"1,684.00s",78.37%,0.9228,0.0001,-1.3659,2.6794,+54.33%,Call,09/08/26,"2,755.00",1.40s,41.09%,-0.0050,0.0000,-0.0684,0.2936,+17.05%,Put,09/08/26
"1,679.00s",90.60%,0.9003,0.0001,-1.9655,3.3135,+66.56%,Call,09/08/26,"2,760.00",1.50s,41.28%,-0.0053,0.0000,-0.0724,0.3092,+17.24%,Put,09/08/26
"1,674.00s",77.86%,0.9224,0.0001,-1.3623,2.6901,+53.82%,Call,09/08/26,"2,765.00",1.50s,41.13%,-0.0054,0.0000,-0.0724,0.3102,+17.09%,Put,09/08/26
"1,669.00s",77.60%,0.9222,0.0001,-1.3605,2.6955,+53.56%,Call,09/08/26,"2,770.00",1.50s,40.98%,-0.0054,0.0000,-0.0723,0.3111,+16.95%,Put,09/08/26
"1,664.00s",77.34%,0.9220,0.0001,-1.3587,2.7009,+53.30%,Call,09/08/26,"2,775.00",1.50s,40.84%,-0.0054,0.0000,-0.0722,0.3121,+16.80%,Put,09/08/26
"1,659.00s",77.08%,0.9219,0.0001,-1.3569,2.7063,+53.04%,Call,09/08/26,"2,780.00",1.50s,40.69%,-0.0054,0.0000,-0.0722,0.3130,+16.65%,Put,09/08/26
"1,654.00s",76.83%,0.9217,0.0001,-1.3551,2.7117,+52.79%,Call,09/08/26,"2,785.00",1.50s,40.55%,-0.0054,0.0000,-0.0721,0.3140,+16.51%,Put,09/08/26
"1,649.00s",76.57%,0.9215,0.0001,-1.3533,2.7171,+52.53%,Call,09/08/26,"2,790.00",1.50s,40.40%,-0.0054,0.0000,-0.0720,0.3149,+16.36%,Put,09/08/26
"1,644.00s",76.31%,0.9213,0.0001,-1.3515,2.7226,+52.28%,Call,09/08/26,"2,795.00",1.60s,40.57%,-0.0058,0.0000,-0.0760,0.3306,+16.53%,Put,09/08/26
"1,639.00s",76.06%,0.9211,0.0001,-1.3497,2.7280,+52.02%,Call,09/08/26,"2,800.00",1.60s,40.42%,-0.0058,0.0000,-0.0759,0.3316,+16.38%,Put,09/08/26
"1,634.00s",75.80%,0.9209,0.0001,-1.3479,2.7335,+51.77%,Call,09/08/26,"2,805.00",1.60s,40.28%,-0.0058,0.0000,-0.0758,0.3326,+16.24%,Put,09/08/26
"1,629.00s",75.55%,0.9208,0.0001,-1.3461,2.7390,+51.51%,Call,09/08/26,"2,810.00",1.60s,40.13%,-0.0058,0.0000,-0.0758,0.3337,+16.09%,Put,09/08/26
"1,624.00s",75.30%,0.9206,0.0001,-1.3443,2.7445,+51.26%,Call,09/08/26,"2,815.00",1.60s,39.99%,-0.0058,0.0000,-0.0757,0.3347,+15.95%,Put,09/08/26
"1,619.00s",75.04%,0.9204,0.0001,-1.3425,2.7500,+51.00%,Call,09/08/26,"2,820.00",1.60s,39.84%,-0.0059,0.0000,-0.0756,0.3357,+15.80%,Put,09/08/26
"1,614.00s",74.79%,0.9202,0.0001,-1.3407,2.7556,+50.75%,Call,09/08/26,"2,825.00",1.60s,39.70%,-0.0059,0.0000,-0.0755,0.3368,+15.66%,Put,09/08/26
"1,609.00s",74.54%,0.9200,0.0001,-1.3389,2.7611,+50.50%,Call,09/08/26,"2,830.00",1.70s,39.84%,-0.0062,0.0000,-0.0794,0.3525,+15.80%,Put,09/08/26
"1,604.00s",74.29%,0.9198,0.0001,-1.3370,2.7667,+50.25%,Call,09/08/26,"2,835.00",1.70s,39.70%,-0.0062,0.0000,-0.0794,0.3536,+15.66%,Put,09/08/26
"1,599.00s",74.03%,0.9196,0.0001,-1.3352,2.7723,+49.99%,Call,09/08/26,"2,840.00",1.70s,39.55%,-0.0062,0.0000,-0.0793,0.3547,+15.52%,Put,09/08/26
"1,594.00s",73.78%,0.9194,0.0001,-1.3334,2.7779,+49.74%,Call,09/08/26,"2,845.00",1.70s,39.41%,-0.0063,0.0000,-0.0792,0.3558,+15.37%,Put,09/08/26
"1,589.00s",73.53%,0.9192,0.0001,-1.3316,2.7836,+49.49%,Call,09/08/26,"2,850.00",1.70s,39.27%,-0.0063,0.0000,-0.0791,0.3569,+15.23%,Put,09/08/26
"1,584.00s",73.28%,0.9190,0.0001,-1.3297,2.7892,+49.24%,Call,09/08/26,"2,855.00",1.70s,39.12%,-0.0063,0.0000,-0.0790,0.3580,+15.08%,Put,09/08/26
"1,579.00s",73.03%,0.9189,0.0001,-1.3279,2.7949,+48.99%,Call,09/08/26,"2,860.00",1.80s,39.25%,-0.0066,0.0000,-0.0829,0.3737,+15.21%,Put,09/08/26
"1,574.00s",72.78%,0.9187,0.0001,-1.3261,2.8005,+48.74%,Call,09/08/26,"2,865.00",1.80s,39.11%,-0.0066,0.0000,-0.0828,0.3749,+15.07%,Put,09/08/26
"1,569.00s",72.53%,0.9185,0.0001,-1.3242,2.8062,+48.49%,Call,09/08/26,"2,870.00",1.80s,38.96%,-0.0067,0.0000,-0.0827,0.3761,+14.92%,Put,09/08/26
"1,564.00s",72.28%,0.9183,0.0001,-1.3224,2.8119,+48.24%,Call,09/08/26,"2,875.00",1.80s,38.82%,-0.0067,0.0000,-0.0826,0.3772,+14.78%,Put,09/08/26
"1,559.00s",72.03%,0.9181,0.0001,-1.3205,2.8177,+48.00%,Call,09/08/26,"2,880.00",1.80s,38.68%,-0.0067,0.0000,-0.0825,0.3784,+14.64%,Put,09/08/26
"1,554.00s",71.79%,0.9179,0.0001,-1.3187,2.8234,+47.75%,Call,09/08/26,"2,885.00",1.80s,38.53%,-0.0067,0.0000,-0.0824,0.3796,+14.49%,Put,09/08/26
"1,549.00s",71.54%,0.9177,0.0001,-1.3169,2.8292,+47.50%,Call,09/08/26,"2,890.00",1.80s,38.39%,-0.0068,0.0000,-0.0823,0.3808,+14.35%,Put,09/08/26
"1,544.00s",71.29%,0.9175,0.0001,-1.3150,2.8350,+47.25%,Call,09/08/26,"2,895.00",1.90s,38.50%,-0.0071,0.0000,-0.0861,0.3966,+14.46%,Put,09/08/26
"1,539.00s",71.04%,0.9173,0.0001,-1.3132,2.8408,+47.01%,Call,09/08/26,"2,900.00",1.90s,38.36%,-0.0071,0.0000,-0.0860,0.3979,+14.32%,Put,09/08/26
"1,534.00s",70.80%,0.9171,0.0001,-1.3113,2.8466,+46.76%,Call,09/08/26,"2,905.00",1.90s,38.22%,-0.0071,0.0000,-0.0859,0.3991,+14.18%,Put,09/08/26
"1,529.00s",70.55%,0.9169,0.0001,-1.3094,2.8525,+46.51%,Call,09/08/26,"2,910.00",1.90s,38.07%,-0.0071,0.0000,-0.0858,0.4004,+14.03%,Put,09/08/26
"1,524.00s",70.31%,0.9167,0.0001,-1.3076,2.8583,+46.27%,Call,09/08/26,"2,915.00",1.90s,37.93%,-0.0072,0.0000,-0.0857,0.4017,+13.89%,Put,09/08/26
"1,519.00s",70.06%,0.9165,0.0001,-1.3057,2.8642,+46.02%,Call,09/08/26,"2,920.00",1.90s,37.79%,-0.0072,0.0000,-0.0856,0.4029,+13.75%,Put,09/08/26
"1,514.00s",69.82%,0.9163,0.0001,-1.3039,2.8701,+45.78%,Call,09/08/26,"2,925.00",2.00s,37.89%,-0.0075,0.0000,-0.0893,0.4188,+13.85%,Put,09/08/26
"1,509.00s",69.57%,0.9161,0.0001,-1.3020,2.8760,+45.53%,Call,09/08/26,"2,930.00",2.00s,37.75%,-0.0075,0.0000,-0.0892,0.4201,+13.71%,Put,09/08/26
"1,504.00s",80.95%,0.8911,0.0001,-1.8870,3.5555,+56.92%,Call,09/08/26,"2,935.00",2.00s,37.60%,-0.0076,0.0000,-0.0891,0.4215,+13.56%,Put,09/08/26
"1,499.00s",69.08%,0.9156,0.0001,-1.2982,2.8879,+45.04%,Call,09/08/26,"2,940.00",2.00s,37.46%,-0.0076,0.0000,-0.0890,0.4228,+13.42%,Put,09/08/26
"1,494.00s",68.84%,0.9154,0.0001,-1.2964,2.8939,+44.80%,Call,09/08/26,"2,945.00",2.00s,37.32%,-0.0076,0.0000,-0.0889,0.4242,+13.28%,Put,09/08/26
"1,489.00s",68.60%,0.9152,0.0001,-1.2945,2.8999,+44.56%,Call,09/08/26,"2,950.00",2.00s,37.41%,-0.0080,0.0000,-0.0925,0.4401,+13.37%,Put,09/08/26
"1,484.00s",68.35%,0.9150,0.0001,-1.2926,2.9059,+44.32%,Call,09/08/26,"2,955.00",2.10s,37.26%,-0.0080,0.0000,-0.0924,0.4415,+13.22%,Put,09/08/26
"1,479.00s",68.11%,0.9148,0.0001,-1.2907,2.9119,+44.07%,Call,09/08/26,"2,960.00",2.10s,37.12%,-0.0080,0.0000,-0.0923,0.4429,+13.08%,Put,09/08/26
"1,474.00s",67.87%,0.9146,0.0001,-1.2888,2.9180,+43.83%,Call,09/08/26,"2,965.00",2.10s,36.98%,-0.0080,0.0000,-0.0922,0.4443,+12.94%,Put,09/08/26
"1,469.00s",67.63%,0.9144,0.0001,-1.2870,2.9241,+43.59%,Call,09/08/26,"2,970.00",2.10s,36.84%,-0.0081,0.0000,-0.0921,0.4458,+12.80%,Put,09/08/26
"1,464.00s",67.39%,0.9142,0.0001,-1.2851,2.9302,+43.35%,Call,09/08/26,"2,975.00",2.10s,36.69%,-0.0081,0.0000,-0.0920,0.4472,+12.66%,Put,09/08/26
"1,459.00s",67.15%,0.9140,0.0001,-1.2832,2.9363,+43.11%,Call,09/08/26,"2,980.00",2.10s,36.98%,-0.0087,0.0000,-0.0992,0.4774,+12.95%,Put,09/08/26
"1,454.00s",66.91%,0.9137,0.0001,-1.2813,2.9424,+42.87%,Call,09/08/26,"2,985.00",2.20s,36.63%,-0.0085,0.0000,-0.0954,0.4647,+12.59%,Put,09/08/26
"1,449.00s",66.67%,0.9135,0.0001,-1.2794,2.9486,+42.63%,Call,09/08/26,"2,990.00",2.20s,36.49%,-0.0085,0.0000,-0.0953,0.4662,+12.45%,Put,09/08/26
"1,444.00s",66.43%,0.9133,0.0001,-1.2775,2.9548,+42.39%,Call,09/08/26,"2,995.00",2.20s,36.35%,-0.0085,0.0000,-0.0952,0.4677,+12.31%,Put,09/08/26
"1,439.00s",66.19%,0.9131,0.0001,-1.2756,2.9610,+42.15%,Call,09/08/26,"3,000.00",2.20s,36.20%,-0.0086,0.0000,-0.0951,0.4692,+12.17%,Put,09/08/26
"1,434.00s",65.95%,0.9129,0.0001,-1.2737,2.9672,+41.91%,Call,09/08/26,"3,005.00",2.20s,36.06%,-0.0086,0.0000,-0.0950,0.4708,+12.02%,Put,09/08/26
"1,429.00s",65.71%,0.9127,0.0001,-1.2718,2.9735,+41.67%,Call,09/08/26,"3,010.00",2.30s,36.13%,-0.0089,0.0000,-0.0985,0.4868,+12.09%,Put,09/08/26
"1,424.00s",65.47%,0.9124,0.0001,-1.2699,2.9797,+41.43%,Call,09/08/26,"3,015.00",2.30s,35.99%,-0.0090,0.0000,-0.0984,0.4884,+11.95%,Put,09/08/26
"1,419.00s",65.23%,0.9122,0.0001,-1.2679,2.9860,+41.19%,Call,09/08/26,"3,020.00",2.30s,35.85%,-0.0090,0.0000,-0.0982,0.4900,+11.81%,Put,09/08/26
"1,414.00s",65.00%,0.9120,0.0001,-1.2660,2.9923,+40.96%,Call,09/08/26,"3,025.00",2.30s,35.71%,-0.0090,0.0000,-0.0981,0.4916,+11.67%,Put,09/08/26
"1,409.00s",64.76%,0.9118,0.0001,-1.2641,2.9987,+40.72%,Call,09/08/26,"3,030.00",2.40s,35.77%,-0.0094,0.0000,-0.1016,0.5077,+11.73%,Put,09/08/26
"1,404.00s",64.52%,0.9115,0.0001,-1.2622,3.0050,+40.48%,Call,09/08/26,"3,035.00",2.40s,35.62%,-0.0094,0.0000,-0.1014,0.5094,+11.58%,Put,09/08/26
"1,399.00s",64.29%,0.9113,0.0001,-1.2603,3.0114,+40.25%,Call,09/08/26,"3,040.00",2.40s,35.86%,-0.0100,0.0000,-0.1084,0.5394,+11.82%,Put,09/08/26
"1,394.00s",64.05%,0.9111,0.0001,-1.2583,3.0178,+40.01%,Call,09/08/26,"3,045.00",2.50s,35.53%,-0.0098,0.0000,-0.1047,0.5271,+11.49%,Put,09/08/26
"1,389.00s",63.81%,0.9109,0.0001,-1.2564,3.0243,+39.77%,Call,09/08/26,"3,050.00",2.50s,35.39%,-0.0098,0.0000,-0.1046,0.5288,+11.35%,Put,09/08/26
"1,384.00s",63.58%,0.9106,0.0001,-1.2545,3.0307,+39.54%,Call,09/08/26,"3,055.00",2.50s,35.25%,-0.0099,0.0000,-0.1045,0.5306,+11.21%,Put,09/08/26
"1,379.00s",63.34%,0.9104,0.0001,-1.2525,3.0372,+39.30%,Call,09/08/26,"3,060.00",2.50s,35.11%,-0.0099,0.0000,-0.1043,0.5323,+11.07%,Put,09/08/26
"1,374.00s",63.11%,0.9102,0.0001,-1.2506,3.0437,+39.07%,Call,09/08/26,"3,065.00",2.60s,35.15%,-0.0102,0.0000,-0.1077,0.5484,+11.11%,Put,09/08/26
"1,369.00s",62.87%,0.9099,0.0001,-1.2486,3.0502,+38.83%,Call,09/08/26,"3,070.00",2.60s,35.01%,-0.0103,0.0000,-0.1075,0.5502,+10.97%,Put,09/08/26
"1,364.00s",62.64%,0.9097,0.0001,-1.2467,3.0568,+38.60%,Call,09/08/26,"3,075.00",2.60s,34.87%,-0.0103,0.0000,-0.1074,0.5521,+10.83%,Put,09/08/26
"1,359.00s",62.41%,0.9095,0.0001,-1.2448,3.0634,+38.37%,Call,09/08/26,"3,080.00",2.70s,34.91%,-0.0107,0.0000,-0.1107,0.5681,+10.87%,Put,09/08/26
"1,354.00s",62.17%,0.9092,0.0001,-1.2428,3.0700,+38.13%,Call,09/08/26,"3,085.00",2.70s,34.77%,-0.0107,0.0000,-0.1106,0.5700,+10.73%,Put,09/08/26
"1,349.00s",61.94%,0.9090,0.0001,-1.2409,3.0766,+37.90%,Call,09/08/26,"3,090.00",2.70s,34.62%,-0.0107,0.0000,-0.1104,0.5719,+10.59%,Put,09/08/26
"1,344.00s",61.71%,0.9088,0.0001,-1.2389,3.0832,+37.67%,Call,09/08/26,"3,095.00",2.80s,34.66%,-0.0111,0.0000,-0.1137,0.5880,+10.62%,Put,09/08/26
"1,339.00s",61.47%,0.9085,0.0001,-1.2369,3.0899,+37.44%,Call,09/08/26,"3,100.00",2.80s,34.51%,-0.0111,0.0000,-0.1135,0.5899,+10.48%,Put,09/08/26
"1,334.00s",61.24%,0.9083,0.0001,-1.2350,3.0966,+37.20%,Call,09/08/26,"3,105.00",2.80s,34.37%,-0.0112,0.0000,-0.1134,0.5919,+10.33%,Put,09/08/26
"1,329.10s",61.04%,0.9079,0.0001,-1.2347,3.1058,+37.00%,Call,09/08/26,"3,110.00",2.90s,34.40%,-0.0115,0.0000,-0.1166,0.6080,+10.36%,Put,09/08/26
"1,324.10s",60.81%,0.9077,0.0001,-1.2327,3.1126,+36.77%,Call,09/08/26,"3,115.00",2.90s,34.42%,-0.0119,0.0000,-0.1198,0.6239,+10.38%,Put,09/08/26
"1,319.10s",60.58%,0.9075,0.0001,-1.2307,3.1194,+36.54%,Call,09/08/26,"3,120.00",3.00s,34.28%,-0.0119,0.0000,-0.1196,0.6260,+10.24%,Put,09/08/26
"1,314.10s",60.35%,0.9072,0.0001,-1.2288,3.1262,+36.31%,Call,09/08/26,"3,125.00",3.00s,34.14%,-0.0120,0.0000,-0.1195,0.6281,+10.10%,Put,09/08/26
"1,309.10s",60.12%,0.9070,0.0001,-1.2268,3.1330,+36.08%,Call,09/08/26,"3,130.00",3.00s,33.99%,-0.0120,0.0000,-0.1193,0.6303,+9.96%,Put,09/08/26
"1,304.10s",59.89%,0.9067,0.0001,-1.2248,3.1399,+35.85%,Call,09/08/26,"3,135.00",3.10s,34.01%,-0.0124,0.0000,-0.1224,0.6463,+9.97%,Put,09/08/26
"1,299.10s",59.66%,0.9065,0.0001,-1.2228,3.1468,+35.62%,Call,09/08/26,"3,140.00",3.10s,33.87%,-0.0124,0.0000,-0.1223,0.6485,+9.83%,Put,09/08/26
"1,294.10s",70.06%,0.8781,0.0001,-1.7867,3.8812,+46.02%,Call,09/08/26,"3,145.00",3.10s,33.73%,-0.0125,0.0000,-0.1221,0.6507,+9.69%,Put,09/08/26
"1,289.20s",59.23%,0.9059,0.0001,-1.2205,3.1632,+35.19%,Call,09/08/26,"3,150.00",3.20s,33.74%,-0.0128,0.0000,-0.1252,0.6667,+9.70%,Put,09/08/26
"1,284.20s",59.00%,0.9056,0.0001,-1.2185,3.1701,+34.96%,Call,09/08/26,"3,155.00",3.20s,33.59%,-0.0129,0.0000,-0.1250,0.6690,+9.56%,Put,09/08/26
"1,279.20s",58.77%,0.9054,0.0001,-1.2165,3.1772,+34.73%,Call,09/08/26,"3,160.00",3.30s,33.60%,-0.0132,0.0001,-0.1281,0.6850,+9.56%,Put,09/08/26
"1,274.20s",58.54%,0.9051,0.0001,-1.2145,3.1842,+34.51%,Call,09/08/26,"3,165.00",3.30s,33.46%,-0.0133,0.0001,-0.1279,0.6873,+9.42%,Put,09/08/26
"1,269.20s",58.32%,0.9048,0.0001,-1.2125,3.1913,+34.28%,Call,09/08/26,"3,170.00",3.30s,33.32%,-0.0133,0.0001,-0.1277,0.6897,+9.28%,Put,09/08/26
"1,264.30s",58.12%,0.9045,0.0001,-1.2121,3.2009,+34.08%,Call,09/08/26,"3,175.00",3.40s,33.32%,-0.0137,0.0001,-0.1307,0.7057,+9.28%,Put,09/08/26
"1,259.30s",57.89%,0.9042,0.0001,-1.2101,3.2080,+33.85%,Call,09/08/26,"3,180.00",3.40s,33.18%,-0.0137,0.0001,-0.1306,0.7082,+9.14%,Put,09/08/26
"1,254.30s",57.66%,0.9040,0.0001,-1.2081,3.2152,+33.63%,Call,09/08/26,"3,185.00",3.50s,33.18%,-0.0141,0.0001,-0.1336,0.7242,+9.14%,Put,09/08/26
"1,249.30s",57.44%,0.9037,0.0001,-1.2061,3.2224,+33.40%,Call,09/08/26,"3,190.00",3.50s,33.03%,-0.0142,0.0001,-0.1334,0.7267,+8.99%,Put,09/08/26
"1,244.30s",57.21%,0.9034,0.0001,-1.2041,3.2296,+33.17%,Call,09/08/26,"3,195.00",3.60s,33.03%,-0.0145,0.0001,-0.1363,0.7427,+8.99%,Put,09/08/26
"1,239.40s",57.01%,0.9031,0.0001,-1.2037,3.2394,+32.98%,Call,09/08/26,"3,200.00",3.60s,32.89%,-0.0146,0.0001,-0.1361,0.7453,+8.85%,Put,09/08/26
"1,234.40s",56.79%,0.9028,0.0001,-1.2017,3.2467,+32.75%,Call,09/08/26,"3,205.00",3.60s,32.74%,-0.0146,0.0001,-0.1359,0.7479,+8.70%,Put,09/08/26
"1,229.40s",56.56%,0.9025,0.0001,-1.1996,3.2540,+32.52%,Call,09/08/26,"3,210.00",3.70s,32.73%,-0.0150,0.0001,-0.1388,0.7639,+8.70%,Put,09/08/26
"1,224.40s",56.34%,0.9023,0.0001,-1.1976,3.2614,+32.30%,Call,09/08/26,"3,215.00",3.70s,32.59%,-0.0151,0.0001,-0.1386,0.7666,+8.55%,Put,09/08/26
"1,219.50s",56.14%,0.9019,0.0001,-1.1972,3.2713,+32.10%,Call,09/08/26,"3,220.00",3.80s,32.58%,-0.0154,0.0001,-0.1415,0.7826,+8.54%,Put,09/08/26
"1,214.50s",55.92%,0.9016,0.0001,-1.1951,3.2788,+31.88%,Call,09/08/26,"3,225.00",3.80s,32.44%,-0.0155,0.0001,-0.1413,0.7854,+8.40%,Put,09/08/26
"1,209.50s",55.69%,0.9013,0.0001,-1.1931,3.2862,+31.65%,Call,09/08/26,"3,230.00",3.80s,32.42%,-0.0159,0.0001,-0.1441,0.8014,+8.38%,Put,09/08/26
"1,204.50s",55.47%,0.9011,0.0001,-1.1910,3.2937,+31.43%,Call,09/08/26,"3,235.00",3.90s,32.28%,-0.0159,0.0001,-0.1439,0.8042,+8.24%,Put,09/08/26
"1,199.60s",55.27%,0.9007,0.0001,-1.1906,3.3038,+31.23%,Call,09/08/26,"3,240.00",3.90s,32.14%,-0.0160,0.0001,-0.1437,0.8071,+8.10%,Put,09/08/26
"1,194.60s",55.05%,0.9004,0.0001,-1.1885,3.3114,+31.01%,Call,09/08/26,"3,245.00",4.00s,32.12%,-0.0164,0.0001,-0.1465,0.8232,+8.08%,Put,09/08/26
"1,189.60s",54.83%,0.9001,0.0001,-1.1865,3.3190,+30.79%,Call,09/08/26,"3,250.00",4.00s,31.98%,-0.0164,0.0001,-0.1463,0.8261,+7.94%,Put,09/08/26
"1,184.70s",54.63%,0.8997,0.0001,-1.1860,3.3292,+30.59%,Call,09/08/26,"3,255.00",4.00s,31.83%,-0.0165,0.0001,-0.1461,0.8291,+7.79%,Put,09/08/26
"1,179.70s",54.41%,0.8995,0.0002,-1.1840,3.3369,+30.37%,Call,09/08/26,"3,260.00",4.10s,31.81%,-0.0169,0.0001,-0.1488,0.8452,+7.77%,Put,09/08/26
"1,174.70s",54.19%,0.8992,0.0002,-1.1819,3.3446,+30.15%,Call,09/08/26,"3,265.00",4.10s,31.67%,-0.0170,0.0001,-0.1486,0.8483,+7.63%,Put,09/08/26
"1,169.80s",53.99%,0.8988,0.0002,-1.1814,3.3549,+29.95%,Call,09/08/26,"3,270.00",4.20s,31.64%,-0.0173,0.0001,-0.1514,0.8645,+7.60%,Put,09/08/26
"1,164.80s",53.77%,0.8985,0.0002,-1.1793,3.3627,+29.73%,Call,09/08/26,"3,275.00",4.20s,31.50%,-0.0174,0.0001,-0.1511,0.8676,+7.46%,Put,09/08/26
"1,159.80s",53.55%,0.8982,0.0002,-1.1772,3.3705,+29.51%,Call,09/08/26,"3,280.00",4.30s,31.47%,-0.0178,0.0001,-0.1538,0.8838,+7.43%,Put,09/08/26
"1,154.90s",53.36%,0.8978,0.0002,-1.1768,3.3809,+29.32%,Call,09/08/26,"3,285.00",4.30s,31.33%,-0.0179,0.0001,-0.1536,0.8870,+7.29%,Put,09/08/26
"1,149.90s",53.13%,0.8975,0.0002,-1.1747,3.3888,+29.10%,Call,09/08/26,"3,290.00",4.40s,31.30%,-0.0182,0.0001,-0.1563,0.9032,+7.26%,Put,09/08/26
"1,144.90s",52.91%,0.8972,0.0002,-1.1726,3.3968,+28.87%,Call,09/08/26,"3,295.00",4.40s,31.38%,-0.0189,0.0001,-0.1618,0.9322,+7.34%,Put,09/08/26
"1,140.00s",52.72%,0.8968,0.0002,-1.1721,3.4074,+28.68%,Call,09/08/26,"3,300.00",4.60s,31.23%,-0.0190,0.0001,-0.1616,0.9356,+7.19%,Put,09/08/26
"1,135.00s",52.50%,0.8965,0.0002,-1.1699,3.4154,+28.46%,Call,09/08/26,"3,305.00",4.50s,30.98%,-0.0188,0.0001,-0.1584,0.9261,+6.94%,Put,09/08/26
"1,130.00s",52.28%,0.8962,0.0002,-1.1678,3.4234,+28.24%,Call,09/08/26,"3,310.00",4.50s,31.05%,-0.0195,0.0001,-0.1639,0.9552,+7.01%,Put,09/08/26
"1,125.10s",52.09%,0.8958,0.0002,-1.1673,3.4341,+28.05%,Call,09/08/26,"3,315.00",4.60s,30.81%,-0.0193,0.0001,-0.1607,0.9459,+6.77%,Put,09/08/26
"1,120.10s",51.87%,0.8955,0.0002,-1.1652,3.4422,+27.83%,Call,09/08/26,"3,320.00",4.60s,30.66%,-0.0193,0.0001,-0.1605,0.9493,+6.62%,Put,09/08/26
"1,115.20s",51.68%,0.8951,0.0002,-1.1646,3.4531,+27.64%,Call,09/08/26,"3,325.00",4.70s,30.62%,-0.0197,0.0001,-0.1631,0.9657,+6.59%,Put,09/08/26
"1,110.20s",51.46%,0.8947,0.0002,-1.1625,3.4613,+27.42%,Call,09/08/26,"3,330.00",4.70s,30.48%,-0.0198,0.0001,-0.1628,0.9693,+6.44%,Put,09/08/26
"1,105.30s",51.26%,0.8943,0.0002,-1.1620,3.4722,+27.23%,Call,09/08/26,"3,335.00",4.80s,30.44%,-0.0202,0.0001,-0.1653,0.9857,+6.40%,Put,09/08/26
"1,100.30s",51.05%,0.8940,0.0002,-1.1598,3.4805,+27.01%,Call,09/08/26,"3,340.00",4.90s,30.40%,-0.0206,0.0001,-0.1679,1.0021,+6.36%,Put,09/08/26
"1,095.40s",50.85%,0.8936,0.0002,-1.1593,3.4915,+26.82%,Call,09/08/26,"3,345.00",4.90s,30.26%,-0.0207,0.0001,-0.1676,1.0058,+6.22%,Put,09/08/26
"1,090.40s",50.64%,0.8933,0.0002,-1.1571,3.4998,+26.60%,Call,09/08/26,"3,350.00",5.00s,30.21%,-0.0211,0.0001,-0.1701,1.0223,+6.17%,Put,09/08/26
"1,085.50s",50.45%,0.8928,0.0002,-1.1565,3.5109,+26.41%,Call,09/08/26,"3,355.00",5.00s,30.07%,-0.0212,0.0001,-0.1698,1.0261,+6.03%,Put,09/08/26
"1,080.50s",50.23%,0.8925,0.0002,-1.1544,3.5194,+26.19%,Call,09/08/26,"3,360.00",5.10s,30.02%,-0.0216,0.0001,-0.1723,1.0426,+5.99%,Put,09/08/26
"1,075.60s",50.04%,0.8921,0.0002,-1.1538,3.5306,+26.00%,Call,09/08/26,"3,365.00",5.20s,29.98%,-0.0220,0.0001,-0.1747,1.0592,+5.94%,Put,09/08/26
"1,070.60s",49.82%,0.8917,0.0002,-1.1516,3.5391,+25.78%,Call,09/08/26,"3,370.00",5.20s,29.83%,-0.0221,0.0001,-0.1744,1.0631,+5.80%,Put,09/08/26
"1,065.70s",49.63%,0.8913,0.0002,-1.1510,3.5504,+25.59%,Call,09/08/26,"3,375.00",5.30s,29.78%,-0.0225,0.0001,-0.1768,1.0797,+5.75%,Put,09/08/26
"1,060.70s",49.41%,0.8910,0.0002,-1.1488,3.5590,+25.37%,Call,09/08/26,"3,380.00",5.40s,29.91%,-0.0235,0.0001,-0.1846,1.1209,+5.87%,Put,09/08/26
"1,055.80s",49.22%,0.8905,0.0002,-1.1482,3.5704,+25.18%,Call,09/08/26,"3,385.00",5.40s,29.59%,-0.0230,0.0001,-0.1789,1.1004,+5.55%,Put,09/08/26
"1,050.90s",58.46%,0.8578,0.0002,-1.6790,4.3521,+34.42%,Call,09/08/26,"3,390.00",5.50s,29.54%,-0.0235,0.0001,-0.1813,1.1170,+5.50%,Put,09/08/26
"1,045.90s",48.81%,0.8897,0.0002,-1.1453,3.5906,+24.78%,Call,09/08/26,"3,395.00",5.60s,29.48%,-0.0239,0.0001,-0.1836,1.1336,+5.44%,Put,09/08/26
"1,041.00s",48.62%,0.8893,0.0002,-1.1447,3.6022,+24.59%,Call,09/08/26,"3,400.00",5.60s,29.60%,-0.0249,0.0001,-0.1913,1.1745,+5.56%,Put,09/08/26
"1,036.10s",48.44%,0.8888,0.0002,-1.1440,3.6137,+24.40%,Call,09/08/26,"3,405.00",5.70s,29.28%,-0.0244,0.0001,-0.1856,1.1546,+5.24%,Put,09/08/26
"1,031.10s",48.22%,0.8885,0.0002,-1.1418,3.6227,+24.18%,Call,09/08/26,"3,410.00",5.80s,29.22%,-0.0248,0.0001,-0.1879,1.1713,+5.19%,Put,09/08/26
"1,026.20s",48.03%,0.8880,0.0002,-1.1411,3.6344,+23.99%,Call,09/08/26,"3,415.00",5.90s,29.17%,-0.0252,0.0001,-0.1902,1.1880,+5.13%,Put,09/08/26
"1,021.30s",47.84%,0.8875,0.0002,-1.1405,3.6461,+23.80%,Call,09/08/26,"3,420.00",5.90s,29.02%,-0.0254,0.0001,-0.1898,1.1925,+4.98%,Put,09/08/26
"1,016.40s",47.65%,0.8871,0.0002,-1.1398,3.6579,+23.61%,Call,09/08/26,"3,425.00",6.00s,28.96%,-0.0258,0.0001,-0.1921,1.2093,+4.92%,Put,09/08/26
"1,011.40s",47.44%,0.8867,0.0002,-1.1375,3.6670,+23.40%,Call,09/08/26,"3,430.00",6.10s,28.90%,-0.0262,0.0001,-0.1943,1.2261,+4.86%,Put,09/08/26
"1,006.50s",46.44%,0.8901,0.0002,-1.0869,3.5839,+22.98%,Call,09/08/26,"3,435.00",6.20s,28.84%,-0.0266,0.0001,-0.1965,1.2429,+4.80%,Put,09/08/26
"1,001.60s",47.06%,0.8858,0.0002,-1.1361,3.6909,+23.02%,Call,09/08/26,"3,440.00",6.30s,28.77%,-0.0271,0.0001,-0.1987,1.2597,+4.73%,Put,09/08/26
996.70s,46.87%,0.8853,0.0002,-1.1354,3.7029,+22.83%,Call,09/08/26,"3,445.00",6.40s,28.70%,-0.0275,0.0001,-0.2009,1.2765,+4.67%,Put,09/08/26
991.80s,46.68%,0.8848,0.0002,-1.1346,3.7149,+22.64%,Call,09/08/26,"3,450.00",6.40s,28.79%,-0.0286,0.0001,-0.2081,1.3168,+4.75%,Put,09/08/26
986.80s,46.47%,0.8844,0.0002,-1.1324,3.7243,+22.43%,Call,09/08/26,"3,455.00",6.50s,28.72%,-0.0290,0.0001,-0.2102,1.3335,+4.68%,Put,09/08/26
981.90s,46.28%,0.8839,0.0002,-1.1316,3.7365,+22.24%,Call,09/08/26,"3,460.00",6.60s,28.42%,-0.0285,0.0001,-0.2047,1.3153,+4.39%,Put,09/08/26
977.00s,46.09%,0.8835,0.0002,-1.1308,3.7487,+22.05%,Call,09/08/26,"3,465.00",6.70s,28.58%,-0.0299,0.0001,-0.2143,1.3671,+4.54%,Put,09/08/26
972.10s,45.90%,0.8830,0.0002,-1.1301,3.7610,+21.86%,Call,09/08/26,"3,470.00",6.80s,28.28%,-0.0294,0.0001,-0.2089,1.3492,+4.25%,Put,09/08/26
967.20s,45.71%,0.8825,0.0002,-1.1293,3.7734,+21.68%,Call,09/08/26,"3,475.00",6.90s,28.21%,-0.0298,0.0001,-0.2109,1.3662,+4.17%,Put,09/08/26
962.30s,45.53%,0.8820,0.0002,-1.1285,3.7858,+21.49%,Call,09/08/26,"3,480.00",7.00s,28.14%,-0.0303,0.0001,-0.2130,1.3832,+4.10%,Put,09/08/26
957.40s,45.34%,0.8815,0.0002,-1.1277,3.7982,+21.30%,Call,09/08/26,"3,485.00",7.10s,28.07%,-0.0307,0.0001,-0.2150,1.4002,+4.03%,Put,09/08/26
952.50s,45.15%,0.8809,0.0002,-1.1269,3.8107,+21.11%,Call,09/08/26,"3,490.00",7.20s,27.99%,-0.0312,0.0001,-0.2170,1.4173,+3.95%,Put,09/08/26
947.60s,44.96%,0.8804,0.0002,-1.1260,3.8233,+20.92%,Call,09/08/26,"3,495.00",7.30s,27.92%,-0.0317,0.0001,-0.2189,1.4344,+3.88%,Put,09/08/26
942.70s,44.77%,0.8799,0.0002,-1.1252,3.8360,+20.74%,Call,09/08/26,"3,500.00",7.40s,27.84%,-0.0321,0.0001,-0.2209,1.4515,+3.80%,Put,09/08/26
937.80s,44.59%,0.8794,0.0002,-1.1244,3.8487,+20.55%,Call,09/08/26,"3,505.00",7.50s,27.76%,-0.0326,0.0001,-0.2228,1.4687,+3.72%,Put,09/08/26
932.90s,44.40%,0.8789,0.0002,-1.1235,3.8614,+20.36%,Call,09/08/26,"3,510.00",7.70s,27.75%,-0.0333,0.0001,-0.2271,1.4971,+3.71%,Put,09/08/26
928.00s,44.21%,0.8783,0.0002,-1.1226,3.8743,+20.17%,Call,09/08/26,"3,515.00",7.80s,27.67%,-0.0338,0.0001,-0.2290,1.5143,+3.63%,Put,09/08/26
923.20s,52.77%,0.8435,0.0002,-1.6293,4.6608,+28.73%,Call,09/08/26,"3,520.00",7.90s,27.59%,-0.0343,0.0001,-0.2308,1.5316,+3.55%,Put,09/08/26
918.30s,43.86%,0.8772,0.0002,-1.1224,3.9028,+19.82%,Call,09/08/26,"3,525.00",8.00s,27.50%,-0.0348,0.0001,-0.2327,1.5488,+3.47%,Put,09/08/26
913.40s,43.67%,0.8766,0.0002,-1.1215,3.9158,+19.63%,Call,09/08/26,"3,530.00",8.10s,27.42%,-0.0352,0.0001,-0.2345,1.5662,+3.38%,Put,09/08/26
908.50s,43.49%,0.8761,0.0002,-1.1205,3.9289,+19.45%,Call,09/08/26,"3,535.00",8.20s,27.34%,-0.0357,0.0001,-0.2363,1.5835,+3.30%,Put,09/08/26
903.70s,43.32%,0.8754,0.0002,-1.1211,3.9448,+19.28%,Call,09/08/26,"3,540.00",8.40s,27.32%,-0.0365,0.0001,-0.2404,1.6118,+3.28%,Put,09/08/26
898.80s,43.14%,0.8749,0.0002,-1.1202,3.9580,+19.10%,Call,09/08/26,"3,545.00",8.50s,27.23%,-0.0370,0.0001,-0.2421,1.6293,+3.19%,Put,09/08/26
893.90s,42.95%,0.8743,0.0002,-1.1192,3.9713,+18.91%,Call,09/08/26,"3,550.00",8.60s,27.14%,-0.0375,0.0001,-0.2439,1.6467,+3.10%,Put,09/08/26
889.00s,42.76%,0.8738,0.0002,-1.1182,3.9846,+18.72%,Call,09/08/26,"3,555.00",8.80s,27.11%,-0.0382,0.0002,-0.2478,1.6750,+3.08%,Put,09/08/26
884.20s,42.60%,0.8731,0.0002,-1.1187,4.0007,+18.56%,Call,09/08/26,"3,560.00",8.90s,27.02%,-0.0387,0.0002,-0.2495,1.6925,+2.99%,Put,09/08/26
879.30s,42.41%,0.8725,0.0002,-1.1178,4.0142,+18.37%,Call,09/08/26,"3,565.00",9.00s,26.93%,-0.0392,0.0002,-0.2512,1.7101,+2.90%,Put,09/08/26
874.50s,42.25%,0.8718,0.0002,-1.1182,4.0304,+18.21%,Call,09/08/26,"3,570.00",9.20s,26.90%,-0.0400,0.0002,-0.2550,1.7383,+2.86%,Put,09/08/26
869.60s,42.06%,0.8712,0.0002,-1.1172,4.0441,+18.02%,Call,09/08/26,"3,575.00",9.30s,26.81%,-0.0405,0.0002,-0.2566,1.7559,+2.77%,Put,09/08/26
864.80s,41.90%,0.8705,0.0002,-1.1176,4.0604,+17.86%,Call,09/08/26,"3,580.00",9.50s,26.77%,-0.0413,0.0002,-0.2604,1.7841,+2.73%,Put,09/08/26
859.90s,41.71%,0.8700,0.0002,-1.1166,4.0742,+17.67%,Call,09/08/26,"3,585.00",9.60s,26.68%,-0.0418,0.0002,-0.2620,1.8018,+2.64%,Put,09/08/26
855.10s,41.54%,0.8693,0.0002,-1.1170,4.0907,+17.51%,Call,09/08/26,"3,590.00",9.80s,26.64%,-0.0426,0.0002,-0.2657,1.8299,+2.60%,Put,09/08/26
850.20s,41.36%,0.8687,0.0002,-1.1159,4.1046,+17.32%,Call,09/08/26,"3,595.00",9.90s,26.54%,-0.0432,0.0002,-0.2672,1.8477,+2.50%,Put,09/08/26
845.40s,41.19%,0.8679,0.0002,-1.1163,4.1213,+17.15%,Call,09/08/26,"3,600.00",11.70,27.32%,-0.0486,0.0002,-0.3045,2.0310,+3.28%,Put,"17:08 CT"
840.60s,41.03%,0.8672,0.0002,-1.1166,4.1380,+16.99%,Call,09/08/26,"3,605.00",10.30s,26.46%,-0.0448,0.0002,-0.2744,1.9039,+2.42%,Put,09/08/26
835.70s,40.84%,0.8666,0.0002,-1.1155,4.1521,+16.80%,Call,09/08/26,"3,610.00",10.40s,26.41%,-0.0456,0.0002,-0.2780,1.9318,+2.37%,Put,09/08/26
830.90s,40.68%,0.8659,0.0003,-1.1158,4.1690,+16.64%,Call,09/08/26,"3,615.00",10.60s,26.31%,-0.0461,0.0002,-0.2794,1.9499,+2.27%,Put,09/08/26
826.10s,40.51%,0.8651,0.0003,-1.1161,4.1859,+16.47%,Call,09/08/26,"3,620.00",10.80s,26.26%,-0.0470,0.0002,-0.2828,1.9779,+2.22%,Put,09/08/26
821.30s,40.35%,0.8644,0.0003,-1.1163,4.2029,+16.31%,Call,09/08/26,"3,625.00",10.90s,26.16%,-0.0475,0.0002,-0.2842,1.9960,+2.12%,Put,09/08/26
816.40s,40.16%,0.8638,0.0003,-1.1152,4.2174,+16.12%,Call,09/08/26,"3,630.00",11.10s,26.11%,-0.0483,0.0002,-0.2876,2.0240,+2.07%,Put,09/08/26
811.60s,40.00%,0.8630,0.0003,-1.1154,4.2345,+15.96%,Call,09/08/26,"3,635.00",11.30s,26.05%,-0.0492,0.0002,-0.2909,2.0520,+2.01%,Put,09/08/26
806.80s,39.83%,0.8623,0.0003,-1.1156,4.2517,+15.79%,Call,09/08/26,"3,640.00",11.50s,25.99%,-0.0500,0.0002,-0.2942,2.0799,+1.96%,Put,09/08/26
802.00s,39.67%,0.8615,0.0003,-1.1158,4.2690,+15.63%,Call,09/08/26,"3,645.00",11.70s,25.94%,-0.0509,0.0002,-0.2975,2.1079,+1.90%,Put,09/08/26
797.20s,39.50%,0.8607,0.0003,-1.1159,4.2864,+15.46%,Call,09/08/26,"3,650.00",11.90s,25.88%,-0.0517,0.0002,-0.3007,2.1358,+1.84%,Put,09/08/26
792.40s,39.34%,0.8600,0.0003,-1.1161,4.3039,+15.30%,Call,09/08/26,"3,655.00",12.10s,25.82%,-0.0526,0.0002,-0.3039,2.1637,+1.78%,Put,09/08/26
787.60s,39.17%,0.8592,0.0003,-1.1162,4.3214,+15.13%,Call,09/08/26,"3,660.00",12.30s,25.76%,-0.0534,0.0002,-0.3070,2.1916,+1.72%,Put,09/08/26
782.80s,39.00%,0.8584,0.0003,-1.1163,4.3390,+14.96%,Call,09/08/26,"3,665.00",12.50s,25.69%,-0.0543,0.0002,-0.3101,2.2195,+1.65%,Put,09/08/26
778.10s,38.86%,0.8575,0.0003,-1.1178,4.3593,+14.82%,Call,09/08/26,"3,670.00",12.70s,25.63%,-0.0552,0.0002,-0.3131,2.2474,+1.59%,Put,09/08/26
773.30s,38.69%,0.8567,0.0003,-1.1178,4.3770,+14.66%,Call,09/08/26,"3,675.00",12.90s,25.52%,-0.0557,0.0002,-0.3142,2.2661,+1.48%,Put,09/08/26
768.50s,46.30%,0.8203,0.0003,-1.5827,5.1245,+22.26%,Call,09/08/26,"3,680.00",13.10s,25.49%,-0.0569,0.0002,-0.3191,2.3032,+1.45%,Put,09/08/26
763.80s,38.38%,0.8549,0.0003,-1.1192,4.4153,+14.35%,Call,09/08/26,"3,685.00",13.30s,25.42%,-0.0578,0.0002,-0.3220,2.3311,+1.39%,Put,09/08/26
759.00s,45.93%,0.8185,0.0003,-1.5813,5.1582,+21.90%,Call,09/08/26,"3,690.00",13.60s,25.40%,-0.0589,0.0002,-0.3268,2.3679,+1.36%,Put,09/08/26
754.20s,45.74%,0.8177,0.0003,-1.5800,5.1744,+21.70%,Call,09/08/26,"3,695.00",13.80s,25.32%,-0.0598,0.0002,-0.3296,2.3958,+1.28%,Put,09/08/26
749.50s,37.90%,0.8523,0.0003,-1.1205,4.4720,+13.87%,Call,09/08/26,"3,700.00",14.10s,25.29%,-0.0610,0.0002,-0.3343,2.4324,+1.25%,Put,09/08/26
744.70s,37.74%,0.8515,0.0003,-1.1204,4.4902,+13.70%,Call,09/08/26,"3,705.00",14.30s,25.22%,-0.0619,0.0002,-0.3370,2.4603,+1.18%,Put,09/08/26
740.00s,37.59%,0.8505,0.0003,-1.1216,4.5111,+13.55%,Call,09/08/26,"3,710.00",14.60s,25.18%,-0.0631,0.0002,-0.3415,2.4967,+1.14%,Put,09/08/26
735.30s,37.45%,0.8496,0.0003,-1.1228,4.5320,+13.41%,Call,09/08/26,"3,715.00",14.80s,25.10%,-0.0640,0.0002,-0.3442,2.5246,+1.06%,Put,09/08/26
730.50s,37.28%,0.8487,0.0003,-1.1227,4.5504,+13.24%,Call,09/08/26,"3,720.00",14.90s,24.98%,-0.0646,0.0002,-0.3449,2.5441,+0.94%,Put,09/08/26
725.80s,37.13%,0.8477,0.0003,-1.1238,4.5715,+13.09%,Call,09/08/26,"3,725.00",15.20s,24.94%,-0.0658,0.0003,-0.3493,2.5805,+0.90%,Put,09/08/26
721.10s,36.98%,0.8467,0.0003,-1.1249,4.5926,+12.94%,Call,09/08/26,"3,730.00",15.40s,24.86%,-0.0667,0.0003,-0.3518,2.6085,+0.82%,Put,09/08/26
716.40s,44.25%,0.8102,0.0003,-1.5732,5.3122,+20.22%,Call,09/08/26,"3,735.00",15.50s,24.74%,-0.0674,0.0003,-0.3525,2.6282,+0.70%,Put,09/08/26
711.70s,44.08%,0.8092,0.0003,-1.5728,5.3304,+20.04%,Call,09/08/26,"3,740.00",15.90s,24.73%,-0.0689,0.0003,-0.3585,2.6728,+0.69%,Put,09/08/26
707.00s,43.90%,0.8082,0.0003,-1.5723,5.3486,+19.86%,Call,09/08/26,"3,745.00",16.30s,24.72%,-0.0704,0.0003,-0.3644,2.7171,+0.68%,Put,09/08/26
702.30s,36.39%,0.8427,0.0003,-1.1291,4.6777,+12.35%,Call,09/08/26,"3,750.00",16.80s,24.74%,-0.0721,0.0003,-0.3719,2.7690,+0.70%,Put,09/08/26
697.60s,36.24%,0.8417,0.0003,-1.1301,4.6991,+12.20%,Call,09/08/26,"3,755.00",17.10s,24.69%,-0.0734,0.0003,-0.3758,2.8048,+0.65%,Put,09/08/26
693.00s,36.11%,0.8405,0.0003,-1.1323,4.7231,+12.07%,Call,09/08/26,"3,760.00",17.40s,24.63%,-0.0746,0.0003,-0.3797,2.8405,+0.60%,Put,09/08/26
688.30s,35.96%,0.8395,0.0003,-1.1332,4.7447,+11.92%,Call,09/08/26,"3,765.00",18.00s,24.68%,-0.0766,0.0003,-0.3886,2.8990,+0.64%,Put,09/08/26
683.60s,35.81%,0.8384,0.0003,-1.1340,4.7664,+11.77%,Call,09/08/26,"3,770.00",18.00s,24.52%,-0.0770,0.0003,-0.3873,2.9118,+0.48%,Put,09/08/26
679.00s,35.68%,0.8372,0.0003,-1.1361,4.7905,+11.64%,Call,09/08/26,"3,775.00",18.40s,24.49%,-0.0786,0.0003,-0.3927,2.9549,+0.45%,Put,09/08/26
674.30s,35.53%,0.8362,0.0003,-1.1369,4.8123,+11.49%,Call,09/08/26,"3,780.00",18.70s,24.43%,-0.0798,0.0003,-0.3963,2.9904,+0.39%,Put,09/08/26
669.70s,35.40%,0.8350,0.0003,-1.1389,4.8365,+11.36%,Call,09/08/26,"3,785.00",19.10s,24.40%,-0.0813,0.0003,-0.4015,3.0331,+0.36%,Put,09/08/26
665.10s,35.27%,0.8338,0.0003,-1.1409,4.8608,+11.23%,Call,09/08/26,"3,790.00",19.40s,24.33%,-0.0826,0.0003,-0.4050,3.0684,+0.29%,Put,09/08/26
660.40s,35.12%,0.8327,0.0003,-1.1416,4.8828,+11.08%,Call,09/08/26,"3,795.00",19.80s,24.30%,-0.0841,0.0003,-0.4100,3.1109,+0.26%,Put,09/08/26
655.80s,34.98%,0.8315,0.0003,-1.1435,4.9072,+10.94%,Call,09/08/26,"3,800.00",20.50s,24.35%,-0.0864,0.0003,-0.4197,3.1742,+0.32%,Put,09/08/26
651.20s,34.85%,0.8302,0.0003,-1.1453,4.9317,+10.81%,Call,09/08/26,"3,805.00",20.50s,24.19%,-0.0869,0.0003,-0.4182,3.1883,+0.15%,Put,09/08/26
646.60s,34.71%,0.8290,0.0004,-1.1471,4.9562,+10.68%,Call,09/08/26,"3,810.00",20.90s,24.15%,-0.0885,0.0003,-0.4230,3.2304,+0.11%,Put,09/08/26
642.00s,34.58%,0.8277,0.0004,-1.1489,4.9808,+10.54%,Call,09/08/26,"3,815.00",21.30s,24.10%,-0.0900,0.0003,-0.4277,3.2722,+0.07%,Put,09/08/26
637.40s,34.45%,0.8265,0.0004,-1.1506,5.0054,+10.41%,Call,09/08/26,"3,820.00",21.70s,24.06%,-0.0916,0.0003,-0.4323,3.3140,+0.02%,Put,09/08/26
632.90s,34.33%,0.8251,0.0004,-1.1535,5.0323,+10.29%,Call,09/08/26,"3,825.00",22.10s,24.01%,-0.0931,0.0003,-0.4368,3.3556,-0.03%,Put,09/08/26
628.30s,34.19%,0.8238,0.0004,-1.1551,5.0570,+10.15%,Call,09/08/26,"3,830.00",22.60s,23.99%,-0.0949,0.0003,-0.4428,3.4036,-0.05%,Put,09/08/26
623.80s,40.80%,0.7881,0.0003,-1.5671,5.6970,+16.76%,Call,09/08/26,"3,835.00",23.00s,23.94%,-0.0965,0.0004,-0.4471,3.4448,-0.10%,Put,09/08/26
619.20s,33.94%,0.8211,0.0004,-1.1594,5.1088,+9.90%,Call,09/08/26,"3,840.00",23.40s,23.88%,-0.0981,0.0004,-0.4514,3.4860,-0.16%,Put,09/08/26
614.70s,33.82%,0.8197,0.0004,-1.1621,5.1358,+9.78%,Call,09/08/26,"3,845.00",23.90s,23.86%,-0.0999,0.0004,-0.4570,3.5333,-0.18%,Put,09/08/26
610.10s,33.68%,0.8184,0.0004,-1.1635,5.1607,+9.64%,Call,09/08/26,"3,850.00",24.30s,23.80%,-0.1015,0.0004,-0.4611,3.5742,-0.24%,Put,09/08/26
605.60s,33.56%,0.8170,0.0004,-1.1661,5.1878,+9.52%,Call,09/08/26,"3,855.00",24.80s,23.77%,-0.1033,0.0004,-0.4665,3.6211,-0.27%,Put,09/08/26
601.10s,33.44%,0.8155,0.0004,-1.1686,5.2149,+9.40%,Call,09/08/26,"3,860.00",25.20s,23.70%,-0.1049,0.0004,-0.4704,3.6617,-0.34%,Put,09/08/26
596.60s,33.31%,0.8140,0.0004,-1.1711,5.2420,+9.28%,Call,09/08/26,"3,865.00",25.70s,23.67%,-0.1068,0.0004,-0.4756,3.7082,-0.37%,Put,09/08/26
592.10s,33.19%,0.8126,0.0004,-1.1735,5.2692,+9.15%,Call,09/08/26,"3,870.00",26.20s,23.63%,-0.1086,0.0004,-0.4807,3.7544,-0.41%,Put,09/08/26
587.60s,33.07%,0.8111,0.0004,-1.1758,5.2964,+9.03%,Call,09/08/26,"3,875.00",26.70s,23.27%,-0.1077,0.0004,-0.4689,3.7301,-0.77%,Put,09/08/26
583.20s,32.96%,0.8095,0.0004,-1.1793,5.3256,+8.92%,Call,09/08/26,"3,880.00",27.20s,23.54%,-0.1124,0.0004,-0.4907,3.8463,-0.50%,Put,09/08/26
578.70s,32.84%,0.8080,0.0004,-1.1815,5.3528,+8.80%,Call,09/08/26,"3,885.00",27.80s,23.52%,-0.1145,0.0004,-0.4968,3.8975,-0.52%,Put,09/08/26
574.30s,32.73%,0.8064,0.0004,-1.1848,5.3821,+8.69%,Call,09/08/26,"3,890.00",28.30s,23.47%,-0.1164,0.0004,-0.5015,3.9428,-0.56%,Put,09/08/26
569.80s,32.60%,0.8048,0.0004,-1.1869,5.4093,+8.56%,Call,09/08/26,"3,895.00",28.80s,23.42%,-0.1183,0.0004,-0.5061,3.9880,-0.61%,Put,09/08/26
565.40s,32.49%,0.8032,0.0004,-1.1901,5.4386,+8.45%,Call,09/08/26,"3,900.00",26.20s,22.59%,-0.1129,0.0004,-0.4687,3.8596,-1.45%,Put,09/08/26
561.00s,32.38%,0.8015,0.0004,-1.1932,5.4678,+8.34%,Call,09/08/26,"3,905.00",29.90s,23.34%,-0.1223,0.0004,-0.5163,4.0830,-0.70%,Put,09/08/26
556.60s,32.27%,0.7999,0.0004,-1.1962,5.4970,+8.23%,Call,09/08/26,"3,910.00",30.50s,23.31%,-0.1244,0.0004,-0.5218,4.1328,-0.73%,Put,09/08/26
552.20s,32.16%,0.7982,0.0004,-1.1992,5.5262,+8.12%,Call,09/08/26,"3,915.00",31.10s,23.28%,-0.1266,0.0004,-0.5273,4.1822,-0.76%,Put,09/08/26
547.80s,32.05%,0.7965,0.0004,-1.2021,5.5554,+8.01%,Call,09/08/26,"3,920.00",31.70s,23.24%,-0.1287,0.0004,-0.5326,4.2313,-0.80%,Put,09/08/26
543.40s,31.93%,0.7948,0.0004,-1.2049,5.5846,+7.89%,Call,09/08/26,"3,925.00",32.30s,23.20%,-0.1309,0.0005,-0.5378,4.2802,-0.84%,Put,09/08/26
539.10s,31.83%,0.7930,0.0004,-1.2087,5.6155,+7.80%,Call,09/08/26,"3,930.00",32.90s,23.16%,-0.1330,0.0005,-0.5428,4.3287,-0.88%,Put,09/08/26
534.70s,31.72%,0.7913,0.0004,-1.2114,5.6447,+7.68%,Call,09/08/26,"3,935.00",33.60s,23.14%,-0.1354,0.0005,-0.5490,4.3817,-0.90%,Put,09/08/26
530.40s,31.62%,0.7894,0.0004,-1.2151,5.6756,+7.58%,Call,09/08/26,"3,940.00",34.20s,23.09%,-0.1376,0.0005,-0.5538,4.4297,-0.95%,Put,09/08/26
526.10s,31.52%,0.7876,0.0004,-1.2187,5.7064,+7.48%,Call,09/08/26,"3,945.00",34.90s,23.06%,-0.1400,0.0005,-0.5597,4.4820,-0.98%,Put,09/08/26
521.80s,31.41%,0.7857,0.0004,-1.2222,5.7372,+7.38%,Call,09/08/26,"3,950.00",41.40,24.28%,-0.1537,0.0005,-0.6339,4.7711,+0.24%,Put,"17:31 CT"
517.50s,31.31%,0.7838,0.0005,-1.2256,5.7679,+7.27%,Call,09/08/26,"3,955.00",37.00s,23.15%,-0.1462,0.0005,-0.5794,4.6154,-0.88%,Put,09/08/26
513.20s,31.21%,0.7819,0.0005,-1.2290,5.7986,+7.17%,Call,09/08/26,"3,960.00",36.90s,22.51%,-0.1429,0.0005,-0.5515,4.5442,-1.53%,Put,09/08/26
508.90s,31.10%,0.7800,0.0005,-1.2323,5.8292,+7.06%,Call,09/08/26,"3,965.00",37.60s,22.91%,-0.1494,0.0005,-0.5807,4.6829,-1.13%,Put,09/08/26
504.70s,31.01%,0.7780,0.0005,-1.2365,5.8614,+6.97%,Call,09/08/26,"3,970.00",38.40s,22.89%,-0.1520,0.0005,-0.5870,4.7375,-1.15%,Put,09/08/26
500.40s,30.91%,0.7761,0.0005,-1.2396,5.8919,+6.87%,Call,09/08/26,"3,975.00",40.00s,23.04%,-0.1562,0.0005,-0.6024,4.8233,-1.00%,Put,09/08/26
496.20s,30.81%,0.7740,0.0005,-1.2436,5.9240,+6.77%,Call,09/08/26,"3,980.00",39.20s,22.35%,-0.1526,0.0005,-0.5718,4.7479,-1.69%,Put,09/08/26
492.00s,30.72%,0.7720,0.0005,-1.2476,5.9559,+6.68%,Call,09/08/26,"3,985.00",41.50s,22.97%,-0.1613,0.0005,-0.6130,4.9249,-1.07%,Put,09/08/26
487.80s,30.63%,0.7699,0.0005,-1.2514,5.9877,+6.59%,Call,09/08/26,"3,990.00",40.70s,22.61%,-0.1609,0.0005,-0.6008,4.9168,-1.43%,Put,09/08/26
483.60s,30.53%,0.7678,0.0005,-1.2552,6.0194,+6.49%,Call,09/08/26,"3,995.00",42.20s,22.72%,-0.1649,0.0005,-0.6141,4.9958,-1.32%,Put,09/08/26
479.50s,30.45%,0.7657,0.0005,-1.2598,6.0525,+6.41%,Call,09/08/26,"4,000.00",42.40s,22.57%,-0.1664,0.0005,-0.6130,5.0259,-1.47%,Put,09/08/26
475.30s,30.35%,0.7636,0.0005,-1.2634,6.0840,+6.31%,Call,09/08/26,"4,005.00",43.90s,22.67%,-0.1704,0.0006,-0.6259,5.1028,-1.37%,Put,09/08/26
471.20s,30.27%,0.7613,0.0005,-1.2678,6.1168,+6.23%,Call,09/08/26,"4,010.00",44.70s,22.64%,-0.1731,0.0006,-0.6309,5.1538,-1.40%,Put,09/08/26
467.10s,30.18%,0.7591,0.0005,-1.2722,6.1495,+6.14%,Call,09/08/26,"4,015.00",45.60s,22.61%,-0.1760,0.0006,-0.6369,5.2078,-1.43%,Put,09/08/26
463.00s,30.10%,0.7569,0.0005,-1.2764,6.1820,+6.06%,Call,09/08/26,"4,020.00",46.50s,22.59%,-0.1789,0.0006,-0.6427,5.2613,-1.45%,Put,09/08/26
458.90s,30.01%,0.7546,0.0005,-1.2805,6.2144,+5.97%,Call,09/08/26,"4,025.00",47.40s,22.56%,-0.1817,0.0006,-0.6483,5.3142,-1.48%,Put,09/08/26
454.90s,29.94%,0.7523,0.0005,-1.2855,6.2480,+5.90%,Call,09/08/26,"4,030.00",49.40s,22.74%,-0.1865,0.0006,-0.6650,5.4005,-1.30%,Put,09/08/26
450.80s,29.85%,0.7500,0.0005,-1.2894,6.2800,+5.81%,Call,09/08/26,"4,035.00",50.20s,22.68%,-0.1892,0.0006,-0.6692,5.4487,-1.36%,Put,09/08/26
446.80s,29.77%,0.7476,0.0005,-1.2941,6.3132,+5.73%,Call,09/08/26,"4,040.00",50.20s,22.48%,-0.1906,0.0006,-0.6651,5.4730,-1.56%,Put,09/08/26
442.80s,29.69%,0.7452,0.0005,-1.2987,6.3462,+5.65%,Call,09/08/26,"4,045.00",51.10s,22.45%,-0.1935,0.0006,-0.6700,5.5239,-1.59%,Put,09/08/26
438.80s,29.61%,0.7428,0.0005,-1.3032,6.3789,+5.57%,Call,09/08/26,"4,050.00",53.00s,22.58%,-0.1981,0.0006,-0.6846,5.6023,-1.45%,Put,09/08/26
434.80s,29.53%,0.7404,0.0005,-1.3076,6.4115,+5.49%,Call,09/08/26,"4,055.00",53.10s,22.40%,-0.1997,0.0006,-0.6813,5.6299,-1.64%,Put,09/08/26
430.90s,29.46%,0.7379,0.0005,-1.3128,6.4450,+5.43%,Call,09/08/26,"4,060.00",62.40,23.81%,-0.2153,0.0006,-0.7654,5.8836,-0.23%,Put,"17:01 CT"
426.90s,29.38%,0.7354,0.0005,-1.3169,6.4772,+5.34%,Call,09/08/26,"4,065.00",55.20s,22.36%,-0.2061,0.0006,-0.6927,5.7362,-1.68%,Put,09/08/26
423.00s,29.31%,0.7329,0.0005,-1.3218,6.5102,+5.27%,Call,09/08/26,"4,070.00",56.20s,22.32%,-0.2092,0.0006,-0.6977,5.7871,-1.71%,Put,09/08/26
419.10s,29.24%,0.7303,0.0005,-1.3266,6.5430,+5.20%,Call,09/08/26,"4,075.00",63.40s,23.34%,-0.2214,0.0006,-0.7599,5.9794,-0.70%,Put,09/08/26
415.20s,29.17%,0.7278,0.0006,-1.3312,6.5756,+5.13%,Call,09/08/26,"4,080.00",64.20s,23.26%,-0.2241,0.0006,-0.7621,6.0213,-0.78%,Put,09/08/26
411.40s,29.11%,0.7251,0.0006,-1.3367,6.6089,+5.07%,Call,09/08/26,"4,085.00",59.50s,22.26%,-0.2191,0.0007,-0.7142,5.9437,-1.78%,Put,09/08/26
407.50s,29.03%,0.7225,0.0006,-1.3410,6.6410,+4.99%,Call,09/08/26,"4,090.00",60.60s,22.23%,-0.2224,0.0007,-0.7192,5.9946,-1.81%,Put,09/08/26
403.70s,33.83%,0.6978,0.0005,-1.6328,6.9263,+9.79%,Call,09/08/26,"4,095.00",61.80s,22.22%,-0.2258,0.0007,-0.7250,6.0471,-1.82%,Put,09/08/26
399.90s,28.90%,0.7171,0.0006,-1.3511,6.7062,+4.86%,Call,09/08/26,"4,100.00",61.80s,22.01%,-0.2276,0.0007,-0.7198,6.0734,-2.03%,Put,09/08/26
396.10s,33.63%,0.6931,0.0005,-1.6376,6.9759,+9.59%,Call,09/08/26,"4,105.00",64.10s,22.17%,-0.2326,0.0007,-0.7350,6.1478,-1.87%,Put,09/08/26
392.30s,28.76%,0.7117,0.0006,-1.3606,6.7702,+4.73%,Call,09/08/26,"4,110.00",65.30s,22.15%,-0.2361,0.0007,-0.7402,6.1982,-1.89%,Put,09/08/26
388.60s,28.71%,0.7089,0.0006,-1.3660,6.8026,+4.67%,Call,09/08/26,"4,115.00",66.50s,22.12%,-0.2396,0.0007,-0.7451,6.2479,-1.92%,Put,09/08/26
384.80s,28.64%,0.7062,0.0006,-1.3704,6.8338,+4.60%,Call,09/08/26,"4,120.00",69.20s,22.33%,-0.2450,0.0007,-0.7626,6.3240,-1.70%,Put,09/08/26
381.10s,28.58%,0.7033,0.0006,-1.3755,6.8655,+4.54%,Call,09/08/26,"4,125.00",69.00s,22.08%,-0.2467,0.0007,-0.7551,6.3470,-1.96%,Put,09/08/26
377.40s,28.52%,0.7005,0.0006,-1.3805,6.8969,+4.48%,Call,09/08/26,"4,130.00",70.30s,22.07%,-0.2503,0.0007,-0.7602,6.3964,-1.97%,Put,09/08/26
373.80s,28.47%,0.6976,0.0006,-1.3861,6.9287,+4.43%,Call,09/08/26,"4,135.00",71.60s,22.05%,-0.2540,0.0007,-0.7651,6.4449,-1.99%,Put,09/08/26
370.10s,28.40%,0.6947,0.0006,-1.3907,6.9594,+4.36%,Call,09/08/26,"4,140.00",72.90s,22.02%,-0.2576,0.0007,-0.7697,6.4928,-2.02%,Put,09/08/26
366.50s,28.35%,0.6917,0.0006,-1.3960,6.9905,+4.31%,Call,09/08/26,"4,145.00",74.30s,22.01%,-0.2614,0.0007,-0.7750,6.5414,-2.03%,Put,09/08/26
362.90s,28.30%,0.6888,0.0006,-1.4011,7.0211,+4.26%,Call,09/08/26,"4,150.00",78.00s,22.35%,-0.2678,0.0007,-0.7986,6.6221,-1.69%,Put,09/08/26
359.30s,28.24%,0.6858,0.0006,-1.4061,7.0514,+4.20%,Call,09/08/26,"4,155.00",77.00s,21.97%,-0.2688,0.0007,-0.7839,6.6347,-2.07%,Put,09/08/26
355.70s,28.18%,0.6828,0.0006,-1.4108,7.0812,+4.14%,Call,09/08/26,"4,160.00",78.40s,21.95%,-0.2726,0.0007,-0.7884,6.6810,-2.09%,Put,09/08/26
352.20s,28.13%,0.6798,0.0006,-1.4163,7.1113,+4.10%,Call,09/08/26,"4,165.00",79.90s,21.94%,-0.2765,0.0008,-0.7935,6.7277,-2.10%,Put,09/08/26
348.60s,28.07%,0.6768,0.0006,-1.4207,7.1403,+4.03%,Call,09/08/26,"4,170.00",90.10s,23.21%,-0.2892,0.0007,-0.8658,6.8727,-0.83%,Put,09/08/26
345.10s,32.36%,0.6580,0.0006,-1.6739,7.3101,+8.32%,Call,09/08/26,"4,175.00",82.80s,21.91%,-0.2842,0.0008,-0.8021,6.8173,-2.13%,Put,09/08/26
341.70s,27.98%,0.6705,0.0006,-1.4315,7.1989,+3.95%,Call,09/08/26,"4,180.00",84.30s,21.89%,-0.2882,0.0008,-0.8064,6.8614,-2.15%,Put,09/08/26
338.20s,32.21%,0.6526,0.0006,-1.6800,7.3554,+8.17%,Call,09/08/26,"4,185.00",85.80s,21.87%,-0.2921,0.0008,-0.8105,6.9047,-2.17%,Put,09/08/26
334.80s,27.89%,0.6643,0.0006,-1.4415,7.2556,+3.85%,Call,09/08/26,"4,190.00",86.10s,21.68%,-0.2949,0.0008,-0.8052,6.9346,-2.36%,Put,09/08/26
331.30s,27.83%,0.6611,0.0006,-1.4459,7.2830,+3.79%,Call,09/08/26,"4,195.00",88.90s,21.84%,-0.3001,0.0008,-0.8186,6.9898,-2.20%,Put,09/08/26
328.00s,27.80%,0.6579,0.0006,-1.4516,7.3109,+3.76%,Call,09/08/26,"4,200.00",102.30s,23.49%,-0.3141,0.0007,-0.9098,7.1306,-0.54%,Put,09/08/26
324.60s,27.75%,0.6547,0.0006,-1.4564,7.3379,+3.71%,Call,09/08/26,"4,205.00",95.30s,22.26%,-0.3110,0.0008,-0.8501,7.1000,-1.77%,Put,09/08/26
321.20s,27.70%,0.6515,0.0007,-1.4609,7.3643,+3.66%,Call,09/08/26,"4,210.00",97.70s,22.36%,-0.3156,0.0008,-0.8593,7.1449,-1.68%,Put,09/08/26
317.90s,27.66%,0.6482,0.0007,-1.4661,7.3907,+3.62%,Call,09/08/26,"4,215.00",95.30s,21.77%,-0.3163,0.0008,-0.8334,7.1514,-2.27%,Put,09/08/26
314.60s,27.62%,0.6449,0.0007,-1.4710,7.4165,+3.58%,Call,09/08/26,"4,220.00",100.30s,22.22%,-0.3231,0.0008,-0.8609,7.2146,-1.82%,Put,09/08/26
311.30s,27.57%,0.6416,0.0007,-1.4758,7.4419,+3.54%,Call,09/08/26,"4,225.00",98.70s,21.75%,-0.3246,0.0008,-0.8406,7.2284,-2.29%,Put,09/08/26
308.10s,27.54%,0.6383,0.0007,-1.4811,7.4670,+3.50%,Call,09/08/26,"4,230.00",109.20s,22.94%,-0.3351,0.0008,-0.9062,7.3201,-1.10%,Put,09/08/26
304.80s,27.49%,0.6350,0.0007,-1.4855,7.4913,+3.46%,Call,09/08/26,"4,235.00",102.10s,21.72%,-0.3329,0.0008,-0.8468,7.3017,-2.32%,Put,09/08/26
301.60s,27.46%,0.6316,0.0007,-1.4904,7.5154,+3.42%,Call,09/08/26,"4,240.00",103.90s,20.67%,-0.3314,0.0009,-0.7965,7.2888,-3.37%,Put,09/08/26
298.40s,27.42%,0.6282,0.0007,-1.4951,7.5389,+3.38%,Call,09/08/26,"4,245.00",105.70s,21.70%,-0.3414,0.0008,-0.8533,7.3725,-2.34%,Put,09/08/26
297.90s,27.74%,0.6239,0.0007,-1.5195,7.5685,+3.70%,Call,09/08/26,"4,250.00",107.50s,21.68%,-0.3457,0.0008,-0.8561,7.4065,-2.36%,Put,09/08/26
292.10s,27.35%,0.6214,0.0007,-1.5046,7.5845,+3.31%,Call,09/08/26,"4,255.00",107.70s,21.45%,-0.3489,0.0008,-0.8476,7.4316,-2.59%,Put,09/08/26
289.00s,27.32%,0.6180,0.0007,-1.5094,7.6066,+3.28%,Call,09/08/26,"4,260.00",111.10s,21.65%,-0.3542,0.0008,-0.8610,7.4715,-2.39%,Put,09/08/26
285.90s,27.28%,0.6146,0.0007,-1.5140,7.6281,+3.25%,Call,09/08/26,"4,265.00",113.00s,21.64%,-0.3585,0.0009,-0.8637,7.5031,-2.40%,Put,09/08/26
282.90s,27.26%,0.6111,0.0007,-1.5191,7.6491,+3.22%,Call,09/08/26,"4,270.00",114.90s,21.62%,-0.3629,0.0009,-0.8661,7.5336,-2.41%,Put,09/08/26
279.80s,27.22%,0.6076,0.0007,-1.5233,7.6694,+3.18%,Call,09/08/26,"4,275.00",107.60s,20.39%,-0.3620,0.0009,-0.8061,7.5274,-3.65%,Put,09/08/26
276.80s,27.19%,0.6041,0.0007,-1.5280,7.6893,+3.16%,Call,09/08/26,"4,280.00",118.80s,21.60%,-0.3716,0.0009,-0.8708,7.5921,-2.43%,Put,09/08/26
273.80s,27.16%,0.6006,0.0007,-1.5324,7.7086,+3.13%,Call,09/08/26,"4,285.00",120.80s,21.60%,-0.3760,0.0009,-0.8731,7.6200,-2.44%,Put,09/08/26
270.80s,27.13%,0.5971,0.0007,-1.5367,7.7272,+3.09%,Call,09/08/26,"4,290.00",126.40s,22.06%,-0.3820,0.0009,-0.8989,7.6563,-1.98%,Put,09/08/26
267.90s,27.11%,0.5936,0.0007,-1.5414,7.7454,+3.07%,Call,09/08/26,"4,295.00",124.80s,21.57%,-0.3848,0.0009,-0.8767,7.6728,-2.47%,Put,09/08/26
264.90s,27.08%,0.5900,0.0007,-1.5452,7.7628,+3.04%,Call,09/08/26,"4,300.00",143.40s,23.71%,-0.3951,0.0008,-0.9872,7.7290,-0.33%,Put,09/08/26
262.00s,27.05%,0.5865,0.0007,-1.5495,7.7798,+3.01%,Call,09/08/26,"4,305.00",128.90s,21.55%,-0.3937,0.0009,-0.8799,7.7217,-2.49%,Put,09/08/26
259.10s,27.02%,0.5829,0.0007,-1.5535,7.7960,+2.98%,Call,09/08/26,"4,310.00",130.80s,21.52%,-0.3981,0.0009,-0.8800,7.7444,-2.52%,Put,09/08/26
256.30s,27.00%,0.5793,0.0007,-1.5581,7.8118,+2.96%,Call,09/08/26,"4,315.00",130.60s,21.21%,-0.4018,0.0009,-0.8662,7.7628,-2.83%,Put,09/08/26
253.40s,26.97%,0.5757,0.0007,-1.5617,7.8268,+2.93%,Call,09/08/26,"4,320.00",135.20s,21.51%,-0.4071,0.0009,-0.8834,7.7878,-2.52%,Put,09/08/26
250.60s,26.95%,0.5721,0.0007,-1.5658,7.8412,+2.91%,Call,09/08/26,"4,325.00",137.40s,21.51%,-0.4116,0.0009,-0.8847,7.8078,-2.53%,Put,09/08/26
247.90s,26.94%,0.5685,0.0007,-1.5703,7.8550,+2.90%,Call,09/08/26,"4,330.00",139.50s,21.49%,-0.4161,0.0009,-0.8850,7.8268,-2.55%,Put,09/08/26
245.10s,26.91%,0.5649,0.0007,-1.5739,7.8681,+2.87%,Call,09/08/26,"4,335.00",141.80s,21.49%,-0.4207,0.0009,-0.8863,7.8449,-2.55%,Put,09/08/26
242.40s,30.28%,0.5598,0.0006,-1.7593,7.8856,+6.24%,Call,09/08/26,"4,340.00",144.00s,21.48%,-0.4252,0.0009,-0.8867,7.8618,-2.56%,Put,09/08/26
239.60s,26.86%,0.5577,0.0007,-1.5812,7.8924,+2.82%,Call,09/08/26,"4,345.00",144.50s,21.24%,-0.4294,0.0009,-0.8759,7.8768,-2.80%,Put,09/08/26
258.90s,29.63%,0.5534,0.0007,-1.7334,7.9055,+5.59%,Call,09/08/26,"4,350.00",166.50s,23.73%,-0.4362,0.0008,-1.0025,7.8988,-0.31%,Put,09/08/26
234.30s,26.83%,0.5504,0.0007,-1.5889,7.9141,+2.79%,Call,09/08/26,"4,355.00",150.80s,21.44%,-0.4388,0.0009,-0.8874,7.9065,-2.60%,Put,09/08/26
231.60s,26.81%,0.5467,0.0007,-1.5920,7.9239,+2.77%,Call,09/08/26,"4,360.00",153.10s,21.43%,-0.4434,0.0009,-0.8872,7.9193,-2.61%,Put,09/08/26
229.00s,26.79%,0.5431,0.0007,-1.5956,7.9331,+2.75%,Call,09/08/26,"4,365.00",155.50s,21.43%,-0.4479,0.0009,-0.8874,7.9310,-2.61%,Put,09/08/26
226.40s,26.77%,0.5394,0.0007,-1.5990,7.9416,+2.74%,Call,09/08/26,"4,370.00",155.00s,21.06%,-0.4524,0.0009,-0.8688,7.9415,-2.98%,Put,09/08/26
223.80s,26.76%,0.5357,0.0007,-1.6021,7.9494,+2.72%,Call,09/08/26,"4,375.00",160.20s,21.40%,-0.4571,0.0009,-0.8862,7.9513,-2.64%,Put,09/08/26
221.30s,26.75%,0.5321,0.0007,-1.6057,7.9565,+2.71%,Call,09/08/26,"4,380.00",161.00s,21.19%,-0.4617,0.0009,-0.8753,7.9600,-2.85%,Put,09/08/26
218.80s,26.73%,0.5284,0.0007,-1.6090,7.9629,+2.70%,Call,09/08/26,"4,385.00",165.10s,21.39%,-0.4662,0.0009,-0.8852,7.9674,-2.65%,Put,09/08/26
216.30s,26.72%,0.5247,0.0007,-1.6121,7.9687,+2.68%,Call,09/08/26,"4,390.00",167.60s,21.38%,-0.4708,0.0009,-0.8845,7.9738,-2.66%,Put,09/08/26
213.80s,26.70%,0.5211,0.0007,-1.6149,7.9737,+2.67%,Call,09/08/26,"4,395.00",190.20s,23.89%,-0.4732,0.0008,-1.0119,7.9767,-0.14%,Put,09/08/26
211.30s,26.69%,0.5174,0.0007,-1.6175,7.9781,+2.65%,Call,09/08/26,"4,400.00",172.60s,21.36%,-0.4800,0.0009,-0.8823,7.9834,-2.67%,Put,09/08/26
190.10,24.32%,0.5109,0.0008,-1.4963,7.9841,+0.28%,Call,"17:01 CT","4,405.00",192.10s,23.48%,-0.4819,0.0008,-0.9895,7.9849,-0.56%,Put,09/08/26
191.10s,24.74%,0.5075,0.0008,-1.5218,7.9864,+0.70%,Call,09/08/26,"4,410.00",197.70s,23.85%,-0.4856,0.0008,-1.0077,7.9871,-0.19%,Put,09/08/26
204.10s,26.66%,0.5064,0.0007,-1.6260,7.9871,+2.62%,Call,09/08/26,"4,415.00",198.20s,23.58%,-0.4901,0.0008,-0.9929,7.9890,-0.46%,Put,09/08/26
201.70s,26.64%,0.5027,0.0007,-1.6283,7.9887,+2.60%,Call,09/08/26,"4,420.00",174.60s,20.29%,-0.5004,0.0010,-0.8228,7.9893,-3.74%,Put,09/08/26
199.40s,26.64%,0.4990,0.0007,-1.6311,7.9896,+2.60%,Call,09/08/26,"4,425.00",181.90s,20.87%,-0.5039,0.0009,-0.8508,7.9882,-3.17%,Put,09/08/26
192.30s,26.03%,0.4942,0.0008,-1.6021,7.9898,+1.99%,Call,09/08/26,"4,430.00",185.00s,20.92%,-0.5085,0.0009,-0.8516,7.9858,-3.12%,Put,09/08/26
198.10s,27.03%,0.4925,0.0007,-1.6575,7.9896,+2.99%,Call,09/08/26,"4,435.00",192.10s,21.46%,-0.5117,0.0009,-0.8780,7.9835,-2.58%,Put,09/08/26
195.10s,26.93%,0.4887,0.0007,-1.6550,7.9885,+2.89%,Call,09/08/26,"4,440.00",184.90s,20.21%,-0.5198,0.0010,-0.8112,7.9753,-3.82%,Put,09/08/26
194.50s,27.13%,0.4855,0.0007,-1.6679,7.9871,+3.09%,Call,09/08/26,"4,445.00",190.60s,20.58%,-0.5234,0.0009,-0.8280,7.9706,-3.46%,Put,09/08/26
194.50s,27.40%,0.4826,0.0007,-1.6846,7.9853,+3.37%,Call,09/08/26,"4,450.00",200.00s,21.41%,-0.5254,0.0009,-0.8688,7.9677,-2.63%,Put,09/08/26
173.80s,25.08%,0.4731,0.0008,-1.5652,7.9766,+1.04%,Call,09/08/26,"4,455.00",208.60s,22.13%,-0.5275,0.0009,-0.9043,7.9644,-1.91%,Put,09/08/26
186.40s,26.93%,0.4743,0.0007,-1.6641,7.9779,+2.89%,Call,09/08/26,"4,460.00",204.50s,21.26%,-0.5349,0.0009,-0.8561,7.9510,-2.78%,Put,09/08/26
181.40s,26.57%,0.4697,0.0007,-1.6472,7.9723,+2.53%,Call,09/08/26,"4,465.00",196.20s,19.85%,-0.5452,0.0010,-0.7791,7.9279,-4.19%,Put,09/08/26
179.30s,26.57%,0.4661,0.0007,-1.6492,7.9672,+2.53%,Call,09/08/26,"4,470.00",209.50s,21.16%,-0.5444,0.0009,-0.8454,7.9299,-2.88%,Put,09/08/26
167.50s,25.35%,0.4586,0.0008,-1.5872,7.9543,+1.31%,Call,09/08/26,"4,475.00",216.90s,21.72%,-0.5465,0.0009,-0.8724,7.9245,-2.31%,Put,09/08/26
183.00s,27.55%,0.4620,0.0007,-1.7043,7.9604,+3.51%,Call,09/08/26,"4,480.00",216.30s,21.28%,-0.5529,0.0009,-0.8455,7.9070,-2.76%,Put,09/08/26
195.40s,29.37%,0.4640,0.0007,-1.8010,7.9638,+5.33%,Call,09/08/26,"4,485.00",218.70s,21.21%,-0.5577,0.0009,-0.8384,7.8925,-2.83%,Put,09/08/26
170.90s,26.54%,0.4516,0.0007,-1.6547,7.9397,+2.51%,Call,09/08/26,"4,490.00",220.00s,20.99%,-0.5632,0.0009,-0.8235,7.8742,-3.05%,Put,09/08/26
168.90s,26.55%,0.4480,0.0007,-1.6561,7.9313,+2.51%,Call,09/08/26,"4,495.00",222.90s,20.98%,-0.5678,0.0009,-0.8191,7.8579,-3.06%,Put,09/08/26
169.70s,26.90%,0.4458,0.0007,-1.6758,7.9256,+2.86%,Call,09/08/26,"4,500.00",241.20s,22.92%,-0.5625,0.0008,-0.9202,7.8765,-1.12%,Put,09/08/26
165.50s,26.62%,0.4412,0.0007,-1.6623,7.9132,+2.58%,Call,09/08/26,"4,505.00",230.50s,21.17%,-0.5756,0.0009,-0.8220,7.8272,-2.87%,Put,09/08/26
165.10s,26.82%,0.4384,0.0007,-1.6736,7.9053,+2.78%,Call,09/08/26,"4,510.00",233.50s,21.16%,-0.5801,0.0009,-0.8175,7.8084,-2.88%,Put,09/08/26
172.60s,28.01%,0.4396,0.0007,-1.7373,7.9087,+3.97%,Call,09/08/26,"4,515.00",236.50s,21.15%,-0.5846,0.0009,-0.8127,7.7885,-2.89%,Put,09/08/26
159.00s,26.53%,0.4302,0.0007,-1.6605,7.8793,+2.49%,Call,09/08/26,"4,520.00",239.50s,21.13%,-0.5891,0.0009,-0.8076,7.7675,-2.91%,Put,09/08/26
160.50s,26.97%,0.4285,0.0007,-1.6840,7.8736,+2.93%,Call,09/08/26,"4,525.00",242.60s,21.13%,-0.5935,0.0009,-0.8029,7.7458,-2.91%,Put,09/08/26
155.20s,26.53%,0.4231,0.0007,-1.6618,7.8542,+2.49%,Call,09/08/26,"4,530.00",245.70s,21.12%,-0.5979,0.0009,-0.7980,7.7231,-2.92%,Put,09/08/26
153.40s,26.54%,0.4196,0.0007,-1.6627,7.8409,+2.50%,Call,09/08/26,"4,535.00",248.70s,21.09%,-0.6024,0.0009,-0.7920,7.6989,-2.94%,Put,09/08/26
151.50s,26.54%,0.4161,0.0007,-1.6628,7.8267,+2.50%,Call,09/08/26,"4,540.00",251.90s,21.09%,-0.6067,0.0009,-0.7872,7.6746,-2.94%,Put,09/08/26
149.70s,26.54%,0.4126,0.0007,-1.6633,7.8121,+2.50%,Call,09/08/26,"4,545.00",255.00s,21.08%,-0.6112,0.0009,-0.7813,7.6487,-2.96%,Put,09/08/26
144.70s,26.13%,0.4071,0.0007,-1.6418,7.7876,+2.10%,Call,09/08/26,"4,550.00",258.20s,21.07%,-0.6155,0.0009,-0.7759,7.6223,-2.97%,Put,09/08/26
146.10s,26.55%,0.4057,0.0007,-1.6636,7.7812,+2.51%,Call,09/08/26,"4,555.00",261.30s,21.05%,-0.6199,0.0009,-0.7695,7.5943,-2.99%,Put,09/08/26
144.30s,26.54%,0.4022,0.0007,-1.6634,7.7647,+2.51%,Call,09/08/26,"4,560.00",264.50s,21.04%,-0.6243,0.0009,-0.7635,7.5658,-3.00%,Put,09/08/26
142.50s,26.54%,0.3987,0.0007,-1.6630,7.7476,+2.50%,Call,09/08/26,"4,565.00",267.70s,21.02%,-0.6286,0.0009,-0.7573,7.5362,-3.02%,Put,09/08/26
140.80s,26.55%,0.3953,0.0007,-1.6631,7.7303,+2.51%,Call,09/08/26,"4,570.00",271.00s,21.02%,-0.6329,0.0009,-0.7515,7.5063,-3.02%,Put,09/08/26
158.50s,29.06%,0.4050,0.0007,-1.7961,7.7777,+5.02%,Call,09/08/26,"4,575.00",274.20s,21.00%,-0.6373,0.0009,-0.7447,7.4747,-3.04%,Put,09/08/26
137.40s,26.56%,0.3885,0.0007,-1.6626,7.6938,+2.52%,Call,09/08/26,"4,580.00",277.50s,20.99%,-0.6415,0.0009,-0.7384,7.4428,-3.05%,Put,09/08/26
135.70s,26.56%,0.3851,0.0007,-1.6620,7.6746,+2.52%,Call,09/08/26,"4,585.00",280.80s,20.98%,-0.6458,0.0009,-0.7317,7.4098,-3.06%,Put,09/08/26
124.70s,25.34%,0.3743,0.0007,-1.5961,7.6091,+1.30%,Call,09/08/26,"4,590.00",284.40s,21.00%,-0.6497,0.0009,-0.7272,7.3786,-3.04%,Put,09/08/26
132.40s,26.56%,0.3784,0.0007,-1.6609,7.6349,+2.53%,Call,09/08/26,"4,595.00",287.40s,20.94%,-0.6543,0.0009,-0.7176,7.3407,-3.09%,Put,09/08/26
120.60s,25.23%,0.3665,0.0007,-1.5883,7.5586,+1.19%,Call,09/08/26,"4,600.00",290.80s,20.94%,-0.6585,0.0009,-0.7110,7.3056,-3.10%,Put,09/08/26
129.20s,26.58%,0.3718,0.0007,-1.6597,7.5933,+2.54%,Call,09/08/26,"4,605.00",294.10s,20.91%,-0.6628,0.0009,-0.7032,7.2684,-3.13%,Put,09/08/26
127.60s,26.58%,0.3685,0.0007,-1.6588,7.5716,+2.54%,Call,09/08/26,"4,610.00",297.50s,20.90%,-0.6670,0.0008,-0.6960,7.2312,-3.14%,Put,09/08/26
126.00s,26.58%,0.3652,0.0007,-1.6576,7.5494,+2.54%,Call,09/08/26,"4,615.00",300.90s,20.88%,-0.6712,0.0008,-0.6885,7.1930,-3.15%,Put,09/08/26
124.50s,26.60%,0.3619,0.0007,-1.6570,7.5272,+2.56%,Call,09/08/26,"4,620.00",304.40s,20.88%,-0.6752,0.0008,-0.6815,7.1550,-3.16%,Put,09/08/26
124.50s,26.81%,0.3600,0.0007,-1.6669,7.5138,+2.77%,Call,09/08/26,"4,625.00",307.80s,20.86%,-0.6794,0.0008,-0.6735,7.1148,-3.18%,Put,09/08/26
121.40s,26.60%,0.3554,0.0007,-1.6543,7.4804,+2.56%,Call,09/08/26,"4,630.00",311.20s,20.83%,-0.6836,0.0008,-0.6651,7.0734,-3.20%,Put,09/08/26
120.00s,26.62%,0.3523,0.0007,-1.6538,7.4572,+2.58%,Call,09/08/26,"4,635.00",314.70s,20.82%,-0.6877,0.0008,-0.6574,7.0323,-3.22%,Put,09/08/26
118.50s,26.63%,0.3490,0.0007,-1.6523,7.4327,+2.59%,Call,09/08/26,"4,640.00",318.20s,20.81%,-0.6918,0.0008,-0.6493,6.9903,-3.23%,Put,09/08/26
117.00s,26.63%,0.3458,0.0007,-1.6507,7.4078,+2.59%,Call,09/08/26,"4,645.00",321.70s,20.79%,-0.6958,0.0008,-0.6410,6.9472,-3.25%,Put,09/08/26
119.00s,27.10%,0.3459,0.0007,-1.6747,7.4086,+3.06%,Call,09/08/26,"4,650.00",325.20s,20.77%,-0.6999,0.0008,-0.6324,6.9030,-3.27%,Put,09/08/26
102.60s,25.07%,0.3275,0.0007,-1.5610,7.2550,+1.03%,Call,09/08/26,"4,655.00",328.80s,20.76%,-0.7039,0.0008,-0.6245,6.8595,-3.28%,Put,09/08/26
101.30s,25.08%,0.3243,0.0007,-1.5597,7.2264,+1.05%,Call,09/08/26,"4,660.00",332.30s,20.73%,-0.7080,0.0008,-0.6154,6.8132,-3.31%,Put,09/08/26
111.30s,26.66%,0.3332,0.0007,-1.6443,7.3046,+2.62%,Call,09/08/26,"4,665.00",331.00s,19.98%,-0.7201,0.0008,-0.5603,6.6710,-4.05%,Put,09/08/26
110.00s,26.68%,0.3302,0.0007,-1.6431,7.2786,+2.64%,Call,09/08/26,"4,670.00",339.50s,20.69%,-0.7159,0.0008,-0.5981,6.7210,-3.34%,Put,09/08/26
108.60s,26.68%,0.3271,0.0007,-1.6410,7.2512,+2.64%,Call,09/08/26,"4,675.00",343.10s,20.67%,-0.7199,0.0008,-0.5891,6.6734,-3.36%,Put,09/08/26
107.30s,26.70%,0.3241,0.0007,-1.6395,7.2242,+2.66%,Call,09/08/26,"4,680.00",346.80s,20.66%,-0.7237,0.0008,-0.5808,6.6268,-3.37%,Put,09/08/26
105.90s,26.70%,0.3210,0.0007,-1.6370,7.1958,+2.66%,Call,09/08/26,"4,685.00",350.40s,20.64%,-0.7277,0.0008,-0.5712,6.5770,-3.40%,Put,09/08/26
104.60s,26.71%,0.3180,0.0007,-1.6351,7.1678,+2.67%,Call,09/08/26,"4,690.00",354.00s,20.61%,-0.7317,0.0008,-0.5613,6.5262,-3.43%,Put,09/08/26
103.30s,26.72%,0.3150,0.0007,-1.6330,7.1394,+2.68%,Call,09/08/26,"4,695.00",357.70s,20.59%,-0.7355,0.0008,-0.5522,6.4765,-3.45%,Put,09/08/26
99.10s,26.32%,0.3087,0.0007,-1.6078,7.0779,+2.28%,Call,09/08/26,"4,700.00",361.40s,20.57%,-0.7393,0.0008,-0.5428,6.4258,-3.47%,Put,09/08/26
100.80s,26.75%,0.3091,0.0006,-1.6290,7.0821,+2.71%,Call,09/08/26,"4,705.00",365.10s,20.55%,-0.7432,0.0008,-0.5332,6.3741,-3.49%,Put,09/08/26
101.80s,27.08%,0.3088,0.0006,-1.6447,7.0784,+3.04%,Call,09/08/26,"4,710.00",368.80s,20.52%,-0.7470,0.0008,-0.5232,6.3213,-3.52%,Put,09/08/26
98.30s,26.77%,0.3033,0.0006,-1.6243,7.0229,+2.73%,Call,09/08/26,"4,715.00",372.60s,20.51%,-0.7507,0.0007,-0.5141,6.2701,-3.53%,Put,09/08/26
97.10s,26.78%,0.3004,0.0006,-1.6221,6.9933,+2.75%,Call,09/08/26,"4,720.00",375.20s,20.30%,-0.7567,0.0007,-0.4917,6.1841,-3.74%,Put,09/08/26
97.90s,27.08%,0.2999,0.0006,-1.6360,6.9881,+3.04%,Call,09/08/26,"4,725.00",380.10s,20.45%,-0.7583,0.0007,-0.4940,6.1619,-3.59%,Put,09/08/26
96.50s,27.07%,0.2968,0.0006,-1.6319,6.9557,+3.03%,Call,09/08/26,"4,730.00",383.80s,20.41%,-0.7622,0.0007,-0.4830,6.1046,-3.62%,Put,09/08/26
90.60s,26.40%,0.2882,0.0006,-1.5904,6.8617,+2.36%,Call,09/08/26,"4,735.00",387.60s,20.39%,-0.7659,0.0007,-0.4728,6.0492,-3.65%,Put,09/08/26
92.30s,26.82%,0.2889,0.0006,-1.6115,6.8700,+2.79%,Call,09/08/26,"4,740.00",391.60s,20.39%,-0.7692,0.0007,-0.4646,5.9991,-3.65%,Put,09/08/26
91.20s,26.84%,0.2862,0.0006,-1.6092,6.8394,+2.81%,Call,09/08/26,"4,745.00",392.50s,19.87%,-0.7791,0.0007,-0.4202,5.8435,-4.17%,Put,09/08/26
90.70s,26.95%,0.2842,0.0006,-1.6119,6.8172,+2.91%,Call,09/08/26,"4,750.00",397.90s,20.10%,-0.7794,0.0007,-0.4277,5.8386,-3.93%,Put,09/08/26
88.90s,26.86%,0.2806,0.0006,-1.6034,6.7756,+2.82%,Call,09/08/26,"4,755.00",403.00s,20.29%,-0.7804,0.0007,-0.4317,5.8234,-3.75%,Put,09/08/26
89.90s,27.19%,0.2806,0.0006,-1.6185,6.7754,+3.15%,Call,09/08/26,"4,760.00",407.20s,20.32%,-0.7833,0.0007,-0.4250,5.7768,-3.72%,Put,09/08/26
86.70s,26.89%,0.2752,0.0006,-1.5977,6.7116,+2.85%,Call,09/08/26,"4,765.00",410.70s,20.22%,-0.7877,0.0007,-0.4096,5.7040,-3.82%,Put,09/08/26
89.10s,27.42%,0.2770,0.0006,-1.6248,6.7336,+3.38%,Call,09/08/26,"4,770.00",414.60s,20.19%,-0.7913,0.0007,-0.3987,5.6444,-3.85%,Put,09/08/26
84.50s,26.91%,0.2697,0.0006,-1.5913,6.6459,+2.87%,Call,09/08/26,"4,775.00",418.50s,20.16%,-0.7949,0.0007,-0.3876,5.5837,-3.88%,Put,09/08/26
83.50s,26.93%,0.2672,0.0006,-1.5887,6.6140,+2.89%,Call,09/08/26,"4,780.00",422.40s,20.12%,-0.7984,0.0007,-0.3762,5.5219,-3.92%,Put,09/08/26
82.50s,26.95%,0.2646,0.0006,-1.5860,6.5818,+2.91%,Call,09/08/26,"4,785.00",426.30s,20.08%,-0.8020,0.0007,-0.3646,5.4589,-3.96%,Put,09/08/26
81.40s,26.96%,0.2619,0.0006,-1.5823,6.5475,+2.92%,Call,09/08/26,"4,790.00",430.30s,20.05%,-0.8054,0.0007,-0.3539,5.3990,-3.99%,Put,09/08/26
82.90s,27.36%,0.2628,0.0006,-1.6017,6.5588,+3.32%,Call,09/08/26,"4,795.00",434.20s,20.01%,-0.8091,0.0007,-0.3417,5.3336,-4.03%,Put,09/08/26
70.00s,25.52%,0.2427,0.0006,-1.4892,6.2922,+1.48%,Call,09/08/26,"4,800.00",438.20s,19.97%,-0.8125,0.0006,-0.3306,5.2714,-4.06%,Put,09/08/26
82.60s,27.65%,0.2600,0.0006,-1.6109,6.5241,+3.61%,Call,09/08/26,"4,805.00",442.20s,19.94%,-0.8159,0.0006,-0.3192,5.2081,-4.10%,Put,09/08/26
79.10s,27.28%,0.2540,0.0006,-1.5849,6.4458,+3.24%,Call,09/08/26,"4,810.00",446.20s,19.90%,-0.8193,0.0006,-0.3075,5.1437,-4.14%,Put,09/08/26
76.50s,27.04%,0.2492,0.0006,-1.5665,6.3809,+3.00%,Call,09/08/26,"4,815.00",450.20s,19.86%,-0.8227,0.0006,-0.2956,5.0781,-4.18%,Put,09/08/26
75.50s,27.05%,0.2466,0.0006,-1.5627,6.3461,+3.01%,Call,09/08/26,"4,820.00",454.20s,19.81%,-0.8262,0.0006,-0.2834,5.0113,-4.23%,Put,09/08/26
74.60s,27.07%,0.2442,0.0006,-1.5597,6.3129,+3.03%,Call,09/08/26,"4,825.00",458.20s,19.76%,-0.8296,0.0006,-0.2709,4.9431,-4.28%,Put,09/08/26
73.70s,27.09%,0.2418,0.0006,-1.5566,6.2794,+3.05%,Call,09/08/26,"4,830.00",462.30s,19.73%,-0.8329,0.0006,-0.2596,4.8791,-4.31%,Put,09/08/26
66.90s,26.15%,0.2302,0.0006,-1.4961,6.1124,+2.12%,Call,09/08/26,"4,835.00",466.30s,19.67%,-0.8364,0.0006,-0.2466,4.8084,-4.37%,Put,09/08/26
71.80s,27.11%,0.2369,0.0006,-1.5489,6.2093,+3.07%,Call,09/08/26,"4,840.00",470.40s,19.63%,-0.8396,0.0006,-0.2348,4.7419,-4.41%,Put,09/08/26
70.90s,27.13%,0.2345,0.0006,-1.5453,6.1748,+3.09%,Call,09/08/26,"4,845.00",474.50s,19.59%,-0.8429,0.0006,-0.2227,4.6743,-4.45%,Put,09/08/26
62.40s,25.88%,0.2198,0.0006,-1.4657,5.9542,+1.84%,Call,09/08/26,"4,850.00",449.00s,0.00%,-0.7946,0.0006,-0.5098,5.5881,-24.04%,Put,09/08/26
69.20s,27.17%,0.2299,0.0006,-1.5387,6.1070,+3.13%,Call,09/08/26,"4,855.00",482.70s,19.49%,-0.8494,0.0006,-0.1978,4.5353,-4.55%,Put,09/08/26
68.30s,27.18%,0.2275,0.0005,-1.5347,6.0715,+3.14%,Call,09/08/26,"4,860.00",486.80s,19.43%,-0.8527,0.0006,-0.1849,4.4638,-4.61%,Put,09/08/26
67.50s,27.20%,0.2252,0.0005,-1.5315,6.0380,+3.17%,Call,09/08/26,"4,865.00",490.90s,19.37%,-0.8560,0.0006,-0.1717,4.3908,-4.67%,Put,09/08/26
64.80s,26.91%,0.2199,0.0005,-1.5089,5.9570,+2.87%,Call,09/08/26,"4,870.00",495.10s,19.33%,-0.8591,0.0005,-0.1599,4.3233,-4.71%,Put,09/08/26
67.80s,27.57%,0.2238,0.0005,-1.5441,6.0167,+3.53%,Call,09/08/26,"4,875.00",499.20s,19.26%,-0.8625,0.0005,-0.1461,4.2474,-4.77%,Put,09/08/26
60.90s,29.02%,0.2349,0.0005,-1.6276,6.1803,+4.98%,Call,09/08/26,"4,880.00",473.00s,0.00%,-0.8099,0.0005,-0.4588,5.3188,-24.04%,Put,09/08/26
64.20s,27.27%,0.2162,0.0005,-1.5166,5.8988,+3.23%,Call,09/08/26,"4,885.00",507.60s,19.16%,-0.8686,0.0005,-0.1212,4.1058,-4.88%,Put,09/08/26
63.40s,27.29%,0.2140,0.0005,-1.5128,5.8638,+3.25%,Call,09/08/26,"4,890.00",511.70s,19.08%,-0.8720,0.0005,-0.1065,4.0252,-4.96%,Put,09/08/26
62.70s,29.05%,0.2282,0.0005,-1.6155,6.0819,+5.01%,Call,09/08/26,"4,895.00",515.90s,19.02%,-0.8752,0.0005,-0.0934,3.9507,-5.02%,Put,09/08/26
56.10s,26.32%,0.1997,0.0005,-1.4435,5.6290,+2.28%,Call,09/08/26,"4,900.00",520.10s,18.95%,-0.8783,0.0005,-0.0799,3.8747,-5.09%,Put,09/08/26
61.10s,27.35%,0.2076,0.0005,-1.5016,5.7600,+3.31%,Call,09/08/26,"4,905.00",524.40s,18.90%,-0.8812,0.0005,-0.0680,3.8054,-5.14%,Put,09/08/26
60.40s,27.38%,0.2055,0.0005,-1.4984,5.7268,+3.34%,Call,09/08/26,"4,910.00",528.60s,18.83%,-0.8844,0.0005,-0.0539,3.7263,-5.21%,Put,09/08/26
60.90s,27.62%,0.2055,0.0005,-1.5080,5.7271,+3.58%,Call,09/08/26,"4,915.00",532.80s,0.00%,-0.8266,0.0005,-0.3990,5.0030,-24.04%,Put,09/08/26
58.90s,27.41%,0.2013,0.0005,-1.4905,5.6566,+3.37%,Call,09/08/26,"4,920.00",537.10s,18.68%,-0.8905,0.0005,-0.0268,3.5718,-5.36%,Put,09/08/26
58.20s,27.44%,0.1993,0.0005,-1.4869,5.6226,+3.40%,Call,09/08/26,"4,925.00",541.30s,18.59%,-0.8937,0.0005,-0.0118,3.4873,-5.45%,Put,09/08/26
57.50s,27.46%,0.1973,0.0005,-1.4832,5.5883,+3.42%,Call,09/08/26,"4,930.00",545.60s,0.00%,-0.8334,0.0005,-0.3734,4.8677,-24.04%,Put,09/08/26
56.80s,27.48%,0.1953,0.0005,-1.4793,5.5539,+3.44%,Call,09/08/26,"4,935.00",549.90s,18.44%,-0.8996,0.0004,0.0151,3.3319,-5.60%,Put,09/08/26
56.10s,27.50%,0.1933,0.0005,-1.4754,5.5191,+3.46%,Call,09/08/26,"4,940.00",554.20s,18.36%,-0.9026,0.0004,0.0290,3.2516,-5.68%,Put,09/08/26
55.40s,27.52%,0.1913,0.0005,-1.4713,5.4841,+3.48%,Call,09/08/26,"4,945.00",558.50s,18.27%,-0.9056,0.0004,0.0432,3.1695,-5.77%,Put,09/08/26
55.30s,29.18%,0.2049,0.0005,-1.5697,5.7170,+5.14%,Call,09/08/26,"4,950.00",562.80s,18.18%,-0.9087,0.0004,0.0578,3.0853,-5.86%,Put,09/08/26
54.10s,27.57%,0.1874,0.0005,-1.4640,5.4166,+3.53%,Call,09/08/26,"4,955.00",567.10s,18.07%,-0.9118,0.0004,0.0727,2.9990,-5.97%,Put,09/08/26
53.50s,27.60%,0.1856,0.0005,-1.4608,5.3842,+3.56%,Call,09/08/26,"4,960.00",571.40s,17.96%,-0.9149,0.0004,0.0880,2.9104,-6.07%,Put,09/08/26
52.80s,27.61%,0.1836,0.0005,-1.4563,5.3482,+3.57%,Call,09/08/26,"4,965.00",575.70s,17.85%,-0.9180,0.0004,0.1037,2.8192,-6.19%,Put,09/08/26
52.20s,27.64%,0.1818,0.0005,-1.4528,5.3154,+3.60%,Call,09/08/26,"4,970.00",580.10s,17.76%,-0.9208,0.0004,0.1174,2.7382,-6.28%,Put,09/08/26
51.60s,27.67%,0.1800,0.0005,-1.4493,5.2824,+3.63%,Call,09/08/26,"4,975.00",584.40s,17.62%,-0.9240,0.0004,0.1339,2.6419,-6.42%,Put,09/08/26
51.00s,27.70%,0.1782,0.0005,-1.4456,5.2492,+3.66%,Call,09/08/26,"4,980.00",588.80s,17.52%,-0.9268,0.0004,0.1483,2.5563,-6.52%,Put,09/08/26
50.30s,27.70%,0.1762,0.0005,-1.4407,5.2123,+3.66%,Call,09/08/26,"4,985.00",593.20s,0.00%,-0.8567,0.0005,-0.2801,4.3765,-24.04%,Put,09/08/26
49.70s,27.72%,0.1744,0.0005,-1.4368,5.1786,+3.69%,Call,09/08/26,"4,990.00",597.50s,17.23%,-0.9331,0.0003,0.1809,2.3628,-6.80%,Put,09/08/26
49.90s,27.90%,0.1741,0.0005,-1.4426,5.1734,+3.86%,Call,09/08/26,"4,995.00",601.90s,17.10%,-0.9360,0.0003,0.1965,2.2687,-6.94%,Put,09/08/26
42.50,26.57%,0.1589,0.0005,-1.3532,4.8766,+2.53%,Call,"17:39 CT","5,000.00",640.00s,26.28%,-0.8359,0.0004,-0.4353,4.8177,+2.24%,Put,09/08/26
48.00s,29.36%,0.1840,0.0004,-1.5237,5.3558,+5.32%,Call,09/08/26,"5,005.00",610.70s,16.79%,-0.9421,0.0003,0.2292,2.0707,-7.25%,Put,09/08/26
47.40s,27.82%,0.1675,0.0004,-1.4216,5.0458,+3.79%,Call,09/08/26,"5,010.00",615.10s,16.61%,-0.9452,0.0003,0.2464,1.9661,-7.43%,Put,09/08/26
46.90s,27.86%,0.1659,0.0004,-1.4185,5.0150,+3.82%,Call,09/08/26,"5,015.00",619.60s,16.47%,-0.9479,0.0003,0.2610,1.8754,-7.56%,Put,09/08/26
46.70s,27.96%,0.1649,0.0004,-1.4192,4.9955,+3.92%,Call,09/08/26,"5,020.00",624.00s,16.27%,-0.9512,0.0003,0.2792,1.7624,-7.77%,Put,09/08/26
45.80s,29.42%,0.1769,0.0004,-1.5066,5.2250,+5.38%,Call,09/08/26,"5,025.00",628.40s,16.04%,-0.9545,0.0003,0.2982,1.6437,-8.00%,Put,09/08/26
45.20s,27.92%,0.1607,0.0004,-1.4062,4.9140,+3.88%,Call,09/08/26,"5,030.00",632.80s,15.78%,-0.9579,0.0002,0.3181,1.5185,-8.26%,Put,09/08/26
44.70s,27.95%,0.1592,0.0004,-1.4027,4.8825,+3.92%,Call,09/08/26,"5,035.00",637.30s,15.56%,-0.9609,0.0002,0.3352,1.4089,-8.48%,Put,09/08/26
45.50s,28.25%,0.1602,0.0004,-1.4161,4.9026,+4.21%,Call,09/08/26,"5,040.00",641.70s,15.23%,-0.9646,0.0002,0.3569,1.2685,-8.81%,Put,09/08/26
43.70s,28.01%,0.1560,0.0004,-1.3956,4.8193,+3.97%,Call,09/08/26,"5,045.00",646.20s,14.94%,-0.9677,0.0002,0.3758,1.1441,-9.10%,Put,09/08/26
43.10s,28.02%,0.1543,0.0004,-1.3906,4.7833,+3.98%,Call,09/08/26,"5,050.00",650.70s,14.60%,-0.9710,0.0002,0.3958,1.0106,-9.44%,Put,09/08/26
42.60s,28.05%,0.1527,0.0004,-1.3868,4.7513,+4.01%,Call,09/08/26,"5,055.00",655.10s,14.08%,-0.9753,0.0001,0.4219,0.8328,-9.96%,Put,09/08/26
42.10s,28.07%,0.1512,0.0004,-1.3829,4.7191,+4.03%,Call,09/08/26,"5,060.00",659.60s,13.55%,-0.9790,0.0001,0.4455,0.6676,-10.49%,Put,09/08/26
41.70s,28.12%,0.1498,0.0004,-1.3803,4.6910,+4.08%,Call,09/08/26,"5,065.00",664.10s,12.83%,-0.9832,0.0001,0.4721,0.4766,-11.21%,Put,09/08/26
43.40s,28.61%,0.1527,0.0004,-1.4060,4.7511,+4.57%,Call,09/08/26,"5,070.00",668.60s,0.00%,-0.8875,0.0004,-0.1409,3.6483,-24.04%,Put,09/08/26
40.70s,28.16%,0.1467,0.0004,-1.3721,4.6260,+4.12%,Call,09/08/26,"5,075.00",673.10s,0.00%,-0.8891,0.0004,-0.1330,3.6071,-24.04%,Put,09/08/26
40.20s,28.18%,0.1452,0.0004,-1.3679,4.5932,+4.14%,Call,09/08/26,"5,080.00",677.60s,0.00%,-0.8907,0.0004,-0.1252,3.5661,-24.04%,Put,09/08/26
39.80s,28.22%,0.1438,0.0004,-1.3650,4.5648,+4.18%,Call,09/08/26,"5,085.00",682.10s,0.00%,-0.8923,0.0004,-0.1173,3.5254,-24.04%,Put,09/08/26
39.30s,28.24%,0.1423,0.0004,-1.3607,4.5317,+4.20%,Call,09/08/26,"5,090.00",686.60s,0.00%,-0.8938,0.0004,-0.1095,3.4849,-24.04%,Put,09/08/26
38.80s,28.25%,0.1407,0.0004,-1.3562,4.4985,+4.22%,Call,09/08/26,"5,095.00",691.20s,0.00%,-0.8954,0.0004,-0.1018,3.4446,-24.04%,Put,09/08/26
38.40s,28.29%,0.1394,0.0004,-1.3531,4.4697,+4.25%,Call,09/08/26,"5,100.00",695.70s,0.00%,-0.8969,0.0004,-0.0940,3.4045,-24.04%,Put,09/08/26
38.00s,28.33%,0.1381,0.0004,-1.3499,4.4408,+4.29%,Call,09/08/26,"5,105.00",700.20s,0.00%,-0.8984,0.0003,-0.0864,3.3647,-24.04%,Put,09/08/26
40.30s,28.97%,0.1424,0.0004,-1.3851,4.5345,+4.93%,Call,09/08/26,"5,110.00",704.80s,0.00%,-0.8999,0.0003,-0.0787,3.3251,-24.04%,Put,09/08/26
37.10s,28.37%,0.1352,0.0004,-1.3419,4.3780,+4.33%,Call,09/08/26,"5,115.00",709.30s,0.00%,-0.9014,0.0003,-0.0711,3.2857,-24.04%,Put,09/08/26
36.70s,28.41%,0.1339,0.0004,-1.3385,4.3489,+4.37%,Call,09/08/26,"5,120.00",713.90s,0.00%,-0.9028,0.0003,-0.0635,3.2466,-24.04%,Put,09/08/26
37.40s,28.69%,0.1350,0.0004,-1.3511,4.3720,+4.65%,Call,09/08/26,"5,125.00",718.50s,0.00%,-0.9042,0.0003,-0.0560,3.2077,-24.04%,Put,09/08/26
35.80s,28.44%,0.1311,0.0004,-1.3300,4.2853,+4.41%,Call,09/08/26,"5,130.00",723.00s,0.00%,-0.9056,0.0003,-0.0485,3.1691,-24.04%,Put,09/08/26
35.40s,28.47%,0.1298,0.0004,-1.3264,4.2558,+4.43%,Call,09/08/26,"5,135.00",727.60s,0.00%,-0.9070,0.0003,-0.0411,3.1308,-24.04%,Put,09/08/26
35.00s,28.50%,0.1285,0.0004,-1.3227,4.2261,+4.46%,Call,09/08/26,"5,140.00",732.20s,0.00%,-0.9084,0.0003,-0.0337,3.0927,-24.04%,Put,09/08/26
31.20s,27.70%,0.1195,0.0004,-1.2666,4.0174,+3.66%,Call,09/08/26,"5,145.00",736.80s,0.00%,-0.9098,0.0003,-0.0264,3.0548,-24.04%,Put,09/08/26
36.20s,29.03%,0.1302,0.0004,-1.3453,4.2657,+4.99%,Call,09/08/26,"5,150.00",741.30s,0.00%,-0.9111,0.0003,-0.0191,3.0172,-24.04%,Put,09/08/26
30.50s,27.76%,0.1171,0.0003,-1.2598,3.9596,+3.72%,Call,09/08/26,"5,155.00",745.90s,0.00%,-0.9124,0.0003,-0.0118,2.9799,-24.04%,Put,09/08/26
33.50s,29.97%,0.1356,0.0004,-1.3944,4.3866,+5.93%,Call,09/08/26,"5,160.00",750.50s,0.00%,-0.9137,0.0003,-0.0046,2.9428,-24.04%,Put,09/08/26
33.40s,30.00%,0.1344,0.0004,-1.3909,4.3591,+5.96%,Call,09/08/26,"5,165.00",755.10s,0.00%,-0.9150,0.0003,0.0026,2.9060,-24.04%,Put,09/08/26
32.70s,28.67%,0.1209,0.0003,-1.3008,4.0513,+4.63%,Call,09/08/26,"5,170.00",759.80s,0.00%,-0.9163,0.0003,0.0097,2.8695,-24.04%,Put,09/08/26
32.40s,28.71%,0.1199,0.0003,-1.2983,4.0262,+4.67%,Call,09/08/26,"5,175.00",764.40s,0.00%,-0.9175,0.0003,0.0168,2.8332,-24.04%,Put,09/08/26
32.00s,28.73%,0.1186,0.0003,-1.2941,3.9957,+4.69%,Call,09/08/26,"5,180.00",769.00s,0.00%,-0.9188,0.0003,0.0238,2.7973,-24.04%,Put,09/08/26
31.70s,30.09%,0.1292,0.0003,-1.3750,4.2432,+6.05%,Call,09/08/26,"5,185.00",773.60s,0.00%,-0.9200,0.0003,0.0308,2.7615,-24.04%,Put,09/08/26
31.30s,28.79%,0.1162,0.0003,-1.2870,3.9399,+4.75%,Call,09/08/26,"5,190.00",778.30s,0.00%,-0.9212,0.0003,0.0377,2.7261,-24.04%,Put,09/08/26
31.00s,28.83%,0.1152,0.0003,-1.2843,3.9146,+4.79%,Call,09/08/26,"5,195.00",782.90s,0.00%,-0.9224,0.0003,0.0446,2.6910,-24.04%,Put,09/08/26
31.30s,29.03%,0.1155,0.0003,-1.2911,3.9222,+4.99%,Call,09/08/26,"5,200.00",787.50s,0.00%,-0.9235,0.0003,0.0515,2.6561,-24.04%,Put,09/08/26
30.30s,28.88%,0.1129,0.0003,-1.2769,3.8582,+4.85%,Call,09/08/26,"5,205.00",792.20s,0.00%,-0.9247,0.0003,0.0583,2.6215,-24.04%,Put,09/08/26
30.00s,28.92%,0.1118,0.0003,-1.2740,3.8328,+4.88%,Call,09/08/26,"5,210.00",796.80s,0.00%,-0.9258,0.0003,0.0650,2.5872,-24.04%,Put,09/08/26
29.60s,28.93%,0.1105,0.0003,-1.2693,3.8015,+4.89%,Call,09/08/26,"5,215.00",801.50s,0.00%,-0.9269,0.0003,0.0717,2.5532,-24.04%,Put,09/08/26
29.30s,28.97%,0.1095,0.0003,-1.2663,3.7759,+4.93%,Call,09/08/26,"5,220.00",806.10s,0.00%,-0.9280,0.0003,0.0783,2.5194,-24.04%,Put,09/08/26
29.00s,29.00%,0.1085,0.0003,-1.2631,3.7502,+4.96%,Call,09/08/26,"5,225.00",810.80s,0.00%,-0.9291,0.0003,0.0849,2.4860,-24.04%,Put,09/08/26
28.70s,29.04%,0.1074,0.0003,-1.2600,3.7245,+5.00%,Call,09/08/26,"5,230.00",815.50s,0.00%,-0.9302,0.0003,0.0915,2.4528,-24.04%,Put,09/08/26
28.40s,29.07%,0.1064,0.0003,-1.2568,3.6987,+5.03%,Call,09/08/26,"5,235.00",820.10s,0.00%,-0.9313,0.0002,0.0980,2.4199,-24.04%,Put,09/08/26
28.60s,29.24%,0.1065,0.0003,-1.2620,3.7022,+5.20%,Call,09/08/26,"5,240.00",824.80s,0.00%,-0.9323,0.0002,0.1044,2.3873,-24.04%,Put,09/08/26
27.70s,29.11%,0.1041,0.0003,-1.2485,3.6410,+5.07%,Call,09/08/26,"5,245.00",829.50s,0.00%,-0.9333,0.0002,0.1108,2.3550,-24.04%,Put,09/08/26
27.40s,29.13%,0.1031,0.0003,-1.2451,3.6150,+5.10%,Call,09/08/26,"5,250.00",834.20s,0.00%,-0.9343,0.0002,0.1172,2.3230,-24.04%,Put,09/08/26
27.20s,29.19%,0.1023,0.0003,-1.2435,3.5950,+5.15%,Call,09/08/26,"5,255.00",838.90s,0.00%,-0.9353,0.0002,0.1235,2.2913,-24.04%,Put,09/08/26
26.90s,29.22%,0.1013,0.0003,-1.2400,3.5689,+5.18%,Call,09/08/26,"5,260.00",843.60s,0.00%,-0.9363,0.0002,0.1297,2.2599,-24.04%,Put,09/08/26
26.60s,29.25%,0.1003,0.0003,-1.2365,3.5427,+5.21%,Call,09/08/26,"5,265.00",848.30s,0.00%,-0.9373,0.0002,0.1359,2.2287,-24.04%,Put,09/08/26
26.30s,29.27%,0.0993,0.0003,-1.2330,3.5165,+5.23%,Call,09/08/26,"5,270.00",853.00s,0.00%,-0.9382,0.0002,0.1421,2.1979,-24.04%,Put,09/08/26
26.00s,29.30%,0.0982,0.0003,-1.2293,3.4901,+5.26%,Call,09/08/26,"5,275.00",857.70s,0.00%,-0.9392,0.0002,0.1482,2.1673,-24.04%,Put,09/08/26
25.70s,29.32%,0.0972,0.0003,-1.2257,3.4638,+5.28%,Call,09/08/26,"5,280.00",862.40s,0.00%,-0.9401,0.0002,0.1542,2.1371,-24.04%,Put,09/08/26
25.50s,29.37%,0.0965,0.0003,-1.2238,3.4436,+5.33%,Call,09/08/26,"5,285.00",867.10s,0.00%,-0.9410,0.0002,0.1602,2.1071,-24.04%,Put,09/08/26
25.20s,29.39%,0.0954,0.0003,-1.2200,3.4171,+5.36%,Call,09/08/26,"5,290.00",871.80s,0.00%,-0.9419,0.0002,0.1661,2.0774,-24.04%,Put,09/08/26
24.90s,29.41%,0.0944,0.0003,-1.2162,3.3905,+5.38%,Call,09/08/26,"5,295.00",876.50s,0.00%,-0.9428,0.0002,0.1720,2.0480,-24.04%,Put,09/08/26
28.60s,30.58%,0.1028,0.0003,-1.2838,3.6085,+6.54%,Call,09/08/26,"5,300.00",881.20s,0.00%,-0.9437,0.0002,0.1779,2.0189,-24.04%,Put,09/08/26
24.40s,29.48%,0.0927,0.0003,-1.2103,3.3437,+5.44%,Call,09/08/26,"5,305.00",886.00s,0.00%,-0.9445,0.0002,0.1837,1.9901,-24.04%,Put,09/08/26
24.20s,29.53%,0.0919,0.0003,-1.2082,3.3234,+5.49%,Call,09/08/26,"5,310.00",890.70s,0.00%,-0.9454,0.0002,0.1894,1.9616,-24.04%,Put,09/08/26
23.90s,29.55%,0.0909,0.0003,-1.2042,3.2966,+5.51%,Call,09/08/26,"5,315.00",895.40s,0.00%,-0.9462,0.0002,0.1951,1.9334,-24.04%,Put,09/08/26
23.70s,29.59%,0.0902,0.0003,-1.2020,3.2763,+5.56%,Call,09/08/26,"5,320.00",900.20s,0.00%,-0.9470,0.0002,0.2007,1.9055,-24.04%,Put,09/08/26
23.40s,29.61%,0.0892,0.0003,-1.1980,3.2494,+5.57%,Call,09/08/26,"5,325.00",904.90s,0.00%,-0.9478,0.0002,0.2063,1.8778,-24.04%,Put,09/08/26
23.20s,29.65%,0.0884,0.0003,-1.1957,3.2290,+5.61%,Call,09/08/26,"5,330.00",909.70s,0.00%,-0.9486,0.0002,0.2119,1.8505,-24.04%,Put,09/08/26
23.00s,29.70%,0.0877,0.0003,-1.1934,3.2087,+5.66%,Call,09/08/26,"5,335.00",914.40s,0.00%,-0.9494,0.0002,0.2173,1.8234,-24.04%,Put,09/08/26
22.70s,29.71%,0.0867,0.0003,-1.1892,3.1815,+5.67%,Call,09/08/26,"5,340.00",919.20s,0.00%,-0.9502,0.0002,0.2228,1.7966,-24.04%,Put,09/08/26
22.50s,29.75%,0.0859,0.0003,-1.1869,3.1612,+5.71%,Call,09/08/26,"5,345.00",923.90s,0.00%,-0.9509,0.0002,0.2282,1.7702,-24.04%,Put,09/08/26
23.20s,30.08%,0.0874,0.0003,-1.2018,3.2019,+6.04%,Call,09/08/26,"5,350.00",928.70s,0.00%,-0.9517,0.0002,0.2335,1.7440,-24.04%,Put,09/08/26
22.00s,29.80%,0.0842,0.0003,-1.1801,3.1134,+5.76%,Call,09/08/26,"5,355.00",933.40s,0.00%,-0.9524,0.0002,0.2388,1.7180,-24.04%,Put,09/08/26
21.80s,29.84%,0.0835,0.0003,-1.1777,3.0929,+5.80%,Call,09/08/26,"5,360.00",938.20s,0.00%,-0.9531,0.0002,0.2440,1.6924,-24.04%,Put,09/08/26
21.60s,29.88%,0.0827,0.0003,-1.1752,3.0725,+5.84%,Call,09/08/26,"5,365.00",943.00s,0.00%,-0.9538,0.0002,0.2492,1.6671,-24.04%,Put,09/08/26
21.40s,29.92%,0.0820,0.0003,-1.1727,3.0520,+5.88%,Call,09/08/26,"5,370.00",947.70s,0.00%,-0.9545,0.0002,0.2543,1.6420,-24.04%,Put,09/08/26
21.20s,29.96%,0.0813,0.0002,-1.1702,3.0314,+5.92%,Call,09/08/26,"5,375.00",952.50s,0.00%,-0.9552,0.0002,0.2594,1.6172,-24.04%,Put,09/08/26
21.00s,29.99%,0.0805,0.0002,-1.1676,3.0109,+5.95%,Call,09/08/26,"5,380.00",957.30s,0.00%,-0.9559,0.0002,0.2645,1.5927,-24.04%,Put,09/08/26
20.70s,30.00%,0.0796,0.0002,-1.1629,2.9831,+5.96%,Call,09/08/26,"5,385.00",962.10s,0.00%,-0.9566,0.0002,0.2694,1.5685,-24.04%,Put,09/08/26
20.50s,30.03%,0.0788,0.0002,-1.1603,2.9625,+5.99%,Call,09/08/26,"5,390.00",966.90s,0.00%,-0.9572,0.0002,0.2744,1.5446,-24.04%,Put,09/08/26
20.30s,30.06%,0.0781,0.0002,-1.1576,2.9419,+6.03%,Call,09/08/26,"5,395.00",971.60s,0.00%,-0.9579,0.0002,0.2793,1.5209,-24.04%,Put,09/08/26
20.20s,31.25%,0.0860,0.0002,-1.2245,3.1638,+7.21%,Call,09/08/26,"5,400.00",976.40s,0.00%,-0.9585,0.0002,0.2841,1.4975,-24.04%,Put,09/08/26
20.00s,30.16%,0.0769,0.0002,-1.1542,2.9079,+6.13%,Call,09/08/26,"5,405.00",981.20s,0.00%,-0.9591,0.0002,0.2889,1.4744,-24.04%,Put,09/08/26
19.80s,30.20%,0.0762,0.0002,-1.1514,2.8872,+6.16%,Call,09/08/26,"5,410.00",986.00s,0.00%,-0.9597,0.0001,0.2936,1.4516,-24.04%,Put,09/08/26
19.60s,30.23%,0.0755,0.0002,-1.1486,2.8665,+6.19%,Call,09/08/26,"5,415.00",990.80s,0.00%,-0.9604,0.0001,0.2983,1.4290,-24.04%,Put,09/08/26
19.40s,30.26%,0.0748,0.0002,-1.1458,2.8457,+6.22%,Call,09/08/26,"5,420.00",995.60s,0.00%,-0.9609,0.0001,0.3030,1.4067,-24.04%,Put,09/08/26
19.20s,30.29%,0.0740,0.0002,-1.1429,2.8249,+6.25%,Call,09/08/26,"5,425.00","1,000.40s",0.00%,-0.9615,0.0001,0.3076,1.3847,-24.04%,Put,09/08/26
19.00s,30.32%,0.0733,0.0002,-1.1400,2.8041,+6.28%,Call,09/08/26,"5,430.00","1,005.20s",0.00%,-0.9621,0.0001,0.3121,1.3629,-24.04%,Put,09/08/26
18.80s,30.34%,0.0726,0.0002,-1.1371,2.7833,+6.31%,Call,09/08/26,"5,435.00","1,010.00s",0.00%,-0.9627,0.0001,0.3166,1.3414,-24.04%,Put,09/08/26
18.70s,30.41%,0.0722,0.0002,-1.1362,2.7701,+6.37%,Call,09/08/26,"5,440.00","1,014.90s",0.00%,-0.9632,0.0001,0.3211,1.3202,-24.04%,Put,09/08/26
18.50s,30.43%,0.0715,0.0002,-1.1332,2.7492,+6.40%,Call,09/08/26,"5,445.00","1,019.70s",0.00%,-0.9638,0.0001,0.3255,1.2992,-24.04%,Put,09/08/26
19.10s,30.75%,0.0728,0.0002,-1.1472,2.7892,+6.71%,Call,09/08/26,"5,450.00","1,024.50s",0.00%,-0.9643,0.0001,0.3299,1.2785,-24.04%,Put,09/08/26
18.20s,30.52%,0.0703,0.0002,-1.1293,2.7151,+6.48%,Call,09/08/26,"5,455.00","1,029.30s",0.00%,-0.9648,0.0001,0.3342,1.2581,-24.04%,Put,09/08/26
18.00s,30.55%,0.0696,0.0002,-1.1262,2.6941,+6.51%,Call,09/08/26,"5,460.00","1,034.10s",0.00%,-0.9654,0.0001,0.3384,1.2379,-24.04%,Put,09/08/26
17.80s,30.57%,0.0689,0.0002,-1.1231,2.6732,+6.53%,Call,09/08/26,"5,465.00","1,039.00s",0.00%,-0.9659,0.0001,0.3427,1.2179,-24.04%,Put,09/08/26
17.70s,30.63%,0.0685,0.0002,-1.1221,2.6600,+6.59%,Call,09/08/26,"5,470.00","1,043.80s",0.00%,-0.9664,0.0001,0.3469,1.1983,-24.04%,Put,09/08/26
18.30s,30.95%,0.0698,0.0002,-1.1364,2.7014,+6.91%,Call,09/08/26,"5,475.00","1,048.60s",0.00%,-0.9669,0.0001,0.3510,1.1788,-24.04%,Put,09/08/26
17.40s,30.71%,0.0673,0.0002,-1.1180,2.6259,+6.67%,Call,09/08/26,"5,480.00","1,053.50s",0.00%,-0.9673,0.0001,0.3551,1.1597,-24.04%,Put,09/08/26
17.20s,30.73%,0.0666,0.0002,-1.1147,2.6048,+6.69%,Call,09/08/26,"5,485.00","1,058.30s",0.00%,-0.9678,0.0001,0.3591,1.1407,-24.04%,Put,09/08/26
17.10s,30.79%,0.0662,0.0002,-1.1137,2.5917,+6.75%,Call,09/08/26,"5,490.00","1,063.10s",0.00%,-0.9683,0.0001,0.3631,1.1221,-24.04%,Put,09/08/26
17.60s,31.08%,0.0673,0.0002,-1.1260,2.6262,+7.04%,Call,09/08/26,"5,495.00","1,068.00s",0.00%,-0.9687,0.0001,0.3671,1.1036,-24.04%,Put,09/08/26
17.40s,31.09%,0.0666,0.0002,-1.1227,2.6054,+7.06%,Call,09/08/26,"5,500.00","1,072.80s",0.00%,-0.9692,0.0001,0.3710,1.0854,-24.04%,Put,09/08/26
17.30s,31.15%,0.0662,0.0002,-1.1217,2.5925,+7.11%,Call,09/08/26,"5,505.00","1,077.70s",0.00%,-0.9696,0.0001,0.3749,1.0675,-24.04%,Put,09/08/26
16.50s,30.94%,0.0639,0.0002,-1.1049,2.5233,+6.90%,Call,09/08/26,"5,510.00","1,082.50s",0.00%,-0.9701,0.0001,0.3787,1.0498,-24.04%,Put,09/08/26
16.40s,30.99%,0.0635,0.0002,-1.1038,2.5102,+6.95%,Call,09/08/26,"5,515.00","1,087.40s",0.00%,-0.9705,0.0001,0.3825,1.0323,-24.04%,Put,09/08/26
16.20s,31.01%,0.0628,0.0002,-1.1003,2.4890,+6.97%,Call,09/08/26,"5,520.00","1,092.20s",0.00%,-0.9709,0.0001,0.3862,1.0151,-24.04%,Put,09/08/26
16.70s,31.30%,0.0640,0.0002,-1.1129,2.5249,+7.26%,Call,09/08/26,"5,525.00","1,097.10s",0.00%,-0.9713,0.0001,0.3899,0.9981,-24.04%,Put,09/08/26
15.90s,31.07%,0.0617,0.0002,-1.0957,2.4547,+7.03%,Call,09/08/26,"5,530.00","1,101.90s",0.00%,-0.9717,0.0001,0.3936,0.9813,-24.04%,Put,09/08/26
15.80s,31.13%,0.0613,0.0002,-1.0945,2.4417,+7.09%,Call,09/08/26,"5,535.00","1,106.80s",0.00%,-0.9721,0.0001,0.3972,0.9648,-24.04%,Put,09/08/26
15.70s,31.18%,0.0609,0.0002,-1.0933,2.4287,+7.14%,Call,09/08/26,"5,540.00","1,111.60s",0.00%,-0.9725,0.0001,0.4008,0.9485,-24.04%,Put,09/08/26
15.50s,31.19%,0.0602,0.0002,-1.0897,2.4073,+7.15%,Call,09/08/26,"5,545.00","1,116.50s",0.00%,-0.9729,0.0001,0.4043,0.9324,-24.04%,Put,09/08/26
17.70s,32.17%,0.0658,0.0002,-1.1412,2.5798,+8.13%,Call,09/08/26,"5,550.00","1,121.40s",0.00%,-0.9733,0.0001,0.4078,0.9165,-24.04%,Put,09/08/26
15.30s,31.29%,0.0594,0.0002,-1.0872,2.3814,+7.25%,Call,09/08/26,"5,555.00","1,126.20s",0.00%,-0.9737,0.0001,0.4112,0.9009,-24.04%,Put,09/08/26
15.20s,31.34%,0.0590,0.0002,-1.0860,2.3684,+7.30%,Call,09/08/26,"5,560.00","1,131.10s",0.00%,-0.9740,0.0001,0.4147,0.8855,-24.04%,Put,09/08/26
15.00s,31.35%,0.0583,0.0002,-1.0823,2.3469,+7.31%,Call,09/08/26,"5,565.00","1,136.00s",0.00%,-0.9744,0.0001,0.4180,0.8703,-24.04%,Put,09/08/26
14.90s,31.40%,0.0579,0.0002,-1.0810,2.3340,+7.36%,Call,09/08/26,"5,570.00","1,140.80s",0.00%,-0.9747,0.0001,0.4214,0.8553,-24.04%,Put,09/08/26
14.80s,31.45%,0.0575,0.0002,-1.0797,2.3210,+7.41%,Call,09/08/26,"5,575.00","1,145.70s",0.00%,-0.9751,0.0001,0.4247,0.8405,-24.04%,Put,09/08/26
16.20s,32.13%,0.0610,0.0002,-1.1137,2.4334,+8.09%,Call,09/08/26,"5,580.00","1,150.50s",0.00%,-0.9754,0.0001,0.4279,0.8260,-24.04%,Put,09/08/26
15.90s,32.10%,0.0601,0.0002,-1.1078,2.4045,+8.06%,Call,09/08/26,"5,585.00","1,155.40s",0.00%,-0.9758,0.0001,0.4311,0.8116,-24.04%,Put,09/08/26
14.40s,31.55%,0.0560,0.0002,-1.0732,2.2736,+7.51%,Call,09/08/26,"5,590.00","1,160.30s",0.00%,-0.9761,0.0001,0.4343,0.7975,-24.04%,Put,09/08/26
14.30s,32.53%,0.0614,0.0002,-1.1240,2.4442,+8.49%,Call,09/08/26,"5,595.00","1,165.20s",0.00%,-0.9764,0.0001,0.4375,0.7836,-24.04%,Put,09/08/26
14.50s,31.78%,0.0560,0.0002,-1.0777,2.2738,+7.74%,Call,09/08/26,"5,600.00","1,170.00s",0.00%,-0.9767,0.0001,0.4406,0.7699,-24.04%,Put,09/08/26
14.40s,31.82%,0.0556,0.0002,-1.0763,2.2610,+7.78%,Call,09/08/26,"5,605.00","1,174.90s",0.00%,-0.9770,0.0001,0.4436,0.7563,-24.04%,Put,09/08/26
13.90s,31.69%,0.0541,0.0002,-1.0651,2.2132,+7.65%,Call,09/08/26,"5,610.00","1,179.80s",0.00%,-0.9773,0.0001,0.4467,0.7430,-24.04%,Put,09/08/26
13.80s,31.73%,0.0537,0.0002,-1.0636,2.2002,+7.69%,Call,09/08/26,"5,615.00","1,184.60s",0.00%,-0.9776,0.0001,0.4497,0.7299,-24.04%,Put,09/08/26
13.70s,31.78%,0.0533,0.0002,-1.0621,2.1873,+7.74%,Call,09/08/26,"5,620.00","1,189.50s",0.00%,-0.9779,0.0001,0.4526,0.7169,-24.04%,Put,09/08/26
13.60s,31.82%,0.0529,0.0002,-1.0607,2.1744,+7.78%,Call,09/08/26,"5,625.00","1,194.40s",0.00%,-0.9782,0.0001,0.4556,0.7042,-24.04%,Put,09/08/26
13.50s,31.86%,0.0525,0.0002,-1.0591,2.1616,+7.83%,Call,09/08/26,"5,630.00","1,199.30s",0.00%,-0.9785,0.0001,0.4585,0.6917,-24.04%,Put,09/08/26
13.30s,31.86%,0.0518,0.0002,-1.0551,2.1397,+7.82%,Call,09/08/26,"5,635.00","1,204.20s",0.00%,-0.9788,0.0001,0.4613,0.6793,-24.04%,Put,09/08/26
13.20s,31.90%,0.0514,0.0002,-1.0536,2.1268,+7.86%,Call,09/08/26,"5,640.00","1,209.10s",0.00%,-0.9790,0.0001,0.4642,0.6671,-24.04%,Put,09/08/26
13.10s,31.94%,0.0511,0.0002,-1.0520,2.1139,+7.91%,Call,09/08/26,"5,645.00","1,213.90s",0.00%,-0.9793,0.0001,0.4669,0.6551,-24.04%,Put,09/08/26
13.00s,31.99%,0.0507,0.0002,-1.0505,2.1010,+7.95%,Call,09/08/26,"5,650.00","1,218.80s",0.00%,-0.9796,0.0001,0.4697,0.6433,-24.04%,Put,09/08/26
12.90s,32.03%,0.0503,0.0002,-1.0489,2.0881,+7.99%,Call,09/08/26,"5,655.00","1,223.70s",0.00%,-0.9798,0.0001,0.4724,0.6317,-24.04%,Put,09/08/26
12.80s,32.07%,0.0499,0.0002,-1.0473,2.0752,+8.03%,Call,09/08/26,"5,660.00","1,228.60s",0.00%,-0.9801,0.0001,0.4751,0.6203,-24.04%,Put,09/08/26
12.70s,32.11%,0.0495,0.0002,-1.0457,2.0623,+8.07%,Call,09/08/26,"5,665.00","1,233.50s",0.00%,-0.9803,0.0001,0.4778,0.6090,-24.04%,Put,09/08/26
12.60s,32.14%,0.0491,0.0002,-1.0441,2.0494,+8.11%,Call,09/08/26,"5,670.00","1,238.40s",0.00%,-0.9806,0.0001,0.4804,0.5979,-24.04%,Put,09/08/26
12.50s,32.18%,0.0487,0.0002,-1.0424,2.0365,+8.14%,Call,09/08/26,"5,675.00","1,243.30s",0.00%,-0.9808,0.0001,0.4830,0.5870,-24.04%,Put,09/08/26
12.40s,32.22%,0.0483,0.0002,-1.0408,2.0237,+8.18%,Call,09/08/26,"5,680.00","1,248.20s",0.00%,-0.9810,0.0001,0.4856,0.5763,-24.04%,Put,09/08/26
12.30s,32.26%,0.0480,0.0002,-1.0391,2.0108,+8.22%,Call,09/08/26,"5,685.00","1,253.10s",0.00%,-0.9813,0.0001,0.4881,0.5657,-24.04%,Put,09/08/26
12.20s,32.29%,0.0476,0.0002,-1.0374,1.9979,+8.26%,Call,09/08/26,"5,690.00","1,258.00s",0.00%,-0.9815,0.0001,0.4906,0.5553,-24.04%,Put,09/08/26
12.10s,32.33%,0.0472,0.0002,-1.0357,1.9850,+8.29%,Call,09/08/26,"5,695.00","1,262.90s",0.00%,-0.9817,0.0001,0.4931,0.5450,-24.04%,Put,09/08/26
12.10s,32.42%,0.0471,0.0001,-1.0366,1.9815,+8.38%,Call,09/08/26,"5,700.00","1,267.80s",0.00%,-0.9819,0.0001,0.4955,0.5350,-24.04%,Put,09/08/26
12.00s,32.45%,0.0467,0.0001,-1.0349,1.9687,+8.41%,Call,09/08/26,"5,705.00","1,272.70s",0.00%,-0.9821,0.0001,0.4979,0.5250,-24.04%,Put,09/08/26
11.90s,32.49%,0.0463,0.0001,-1.0332,1.9559,+8.45%,Call,09/08/26,"5,710.00","1,277.60s",0.00%,-0.9823,0.0001,0.5003,0.5153,-24.04%,Put,09/08/26
11.70s,33.40%,0.0502,0.0002,-1.0741,2.0855,+9.36%,Call,09/08/26,"5,720.00","1,287.40s",0.00%,-0.9827,0.0001,0.5050,0.4962,-24.04%,Put,09/08/26
11.60s,32.59%,0.0452,0.0001,-1.0279,1.9173,+8.55%,Call,09/08/26,"5,725.00","1,292.30s",0.00%,-0.9829,0.0001,0.5073,0.4869,-24.04%,Put,09/08/26
11.50s,32.62%,0.0448,0.0001,-1.0261,1.9044,+8.58%,Call,09/08/26,"5,730.00","1,297.20s",0.00%,-0.9831,0.0000,0.5095,0.4778,-24.04%,Put,09/08/26
11.40s,32.74%,0.0443,0.0001,-1.0252,1.8883,+8.70%,Call,09/08/26,"5,740.00","1,307.10s",0.00%,-0.9835,0.0000,0.5140,0.4600,-24.04%,Put,09/08/26
11.50s,32.96%,0.0444,0.0001,-1.0297,1.8914,+8.92%,Call,09/08/26,"5,750.00","1,316.90s",0.00%,-0.9839,0.0000,0.5183,0.4427,-24.04%,Put,09/08/26
11.00s,32.86%,0.0428,0.0001,-1.0178,1.8369,+8.82%,Call,09/08/26,"5,760.00","1,326.70s",0.00%,-0.9842,0.0000,0.5226,0.4260,-24.04%,Put,09/08/26
10.90s,32.97%,0.0424,0.0001,-1.0168,1.8210,+8.94%,Call,09/08/26,"5,770.00","1,336.60s",0.00%,-0.9845,0.0000,0.5267,0.4099,-24.04%,Put,09/08/26
10.80s,33.00%,0.0420,0.0001,-1.0149,1.8081,+8.96%,Call,09/08/26,"5,775.00","1,341.50s",0.00%,-0.9847,0.0000,0.5288,0.4020,-24.04%,Put,09/08/26
10.70s,33.03%,0.0417,0.0001,-1.0130,1.7953,+8.99%,Call,09/08/26,"5,780.00","1,346.40s",0.00%,-0.9848,0.0000,0.5308,0.3943,-24.04%,Put,09/08/26
10.60s,33.14%,0.0412,0.0001,-1.0119,1.7794,+9.10%,Call,09/08/26,"5,790.00","1,356.20s",0.00%,-0.9851,0.0000,0.5347,0.3792,-24.04%,Put,09/08/26
10.40s,33.19%,0.0405,0.0001,-1.0080,1.7537,+9.15%,Call,09/08/26,"5,800.00","1,366.10s",0.00%,-0.9854,0.0000,0.5386,0.3646,-24.04%,Put,09/08/26
10.30s,33.30%,0.0400,0.0001,-1.0068,1.7380,+9.26%,Call,09/08/26,"5,810.00","1,375.90s",0.00%,-0.9857,0.0000,0.5423,0.3506,-24.04%,Put,09/08/26
10.10s,33.43%,0.0392,0.0001,-1.0036,1.7095,+9.39%,Call,09/08/26,"5,825.00","1,390.70s",0.00%,-0.9861,0.0000,0.5478,0.3304,-24.04%,Put,09/08/26
9.70s,33.60%,0.0377,0.0001,-0.9962,1.6553,+9.56%,Call,09/08/26,"5,850.00","1,415.40s",0.00%,-0.9867,0.0000,0.5565,0.2990,-24.04%,Put,09/08/26
9.40s,33.81%,0.0365,0.0001,-0.9915,1.6114,+9.77%,Call,09/08/26,"5,875.00","1,440.00s",0.00%,-0.9873,0.0000,0.5646,0.2703,-24.04%,Put,09/08/26
9.10s,34.02%,0.0353,0.0001,-0.9865,1.5677,+9.98%,Call,09/08/26,"5,900.00","1,464.70s",0.00%,-0.9878,0.0000,0.5723,0.2441,-24.04%,Put,09/08/26
8.80s,34.22%,0.0341,0.0001,-0.9814,1.5242,+10.18%,Call,09/08/26,"5,925.00","1,489.40s",0.00%,-0.9882,0.0000,0.5796,0.2202,-24.04%,Put,09/08/26
8.50s,34.41%,0.0329,0.0001,-0.9760,1.4808,+10.37%,Call,09/08/26,"5,950.00","1,514.10s",0.00%,-0.9886,0.0000,0.5865,0.1984,-24.04%,Put,09/08/26
8.20s,34.59%,0.0317,0.0001,-0.9705,1.4375,+10.55%,Call,09/08/26,"5,975.00","1,538.90s",0.00%,-0.9890,0.0000,0.5930,0.1786,-24.04%,Put,09/08/26
8.60s,35.24%,0.0326,0.0001,-0.9867,1.4690,+11.20%,Call,09/08/26,"6,000.00","1,563.60s",0.00%,-0.9893,0.0000,0.5991,0.1606,-24.04%,Put,09/08/26
7.70s,34.99%,0.0297,0.0001,-0.9621,1.3621,+10.95%,Call,09/08/26,"6,025.00","1,588.40s",0.00%,-0.9896,0.0000,0.6050,0.1442,-24.04%,Put,09/08/26
7.50s,35.21%,0.0289,0.0001,-0.9592,1.3301,+11.17%,Call,09/08/26,"6,050.00","1,613.20s",0.00%,-0.9898,0.0000,0.6105,0.1294,-24.04%,Put,09/08/26
8.00s,36.32%,0.0298,0.0001,-0.9826,1.3649,+12.28%,Call,09/08/26,"6,100.00","1,662.80s",0.00%,-0.9903,0.0000,0.6208,0.1039,-24.04%,Put,09/08/26
7.50s,36.68%,0.0279,0.0001,-0.9735,1.2929,+12.64%,Call,09/08/26,"6,150.00","1,712.50s",0.00%,-0.9906,0.0000,0.6302,0.0832,-24.04%,Put,09/08/26
6.40s,36.49%,0.0244,0.0001,-0.9433,1.1535,+12.45%,Call,09/08/26,"6,200.00","1,762.20s",0.00%,-0.9909,0.0000,0.6388,0.0663,-24.04%,Put,09/08/26
6.10s,36.93%,0.0231,0.0001,-0.9395,1.1037,+12.89%,Call,09/08/26,"6,250.00","1,812.00s",0.00%,-0.9911,0.0000,0.6468,0.0526,-24.04%,Put,09/08/26
6.00s,38.15%,0.0245,0.0001,-0.9672,1.1569,+14.11%,Call,09/08/26,"6,300.00","1,861.80s",0.00%,-0.9913,0.0000,0.6543,0.0416,-24.04%,Put,09/08/26
5.60s,38.48%,0.0207,0.0001,-0.9411,1.0049,+14.45%,Call,09/08/26,"6,400.00","1,961.40s",0.00%,-0.9915,0.0000,0.6680,0.0258,-24.04%,Put,09/08/26
4.60s,38.71%,0.0173,0.0001,-0.9157,0.8616,+14.67%,Call,09/08/26,"6,500.00","2,061.20s",0.00%,-0.9917,0.0000,0.6806,0.0158,-24.04%,Put,09/08/26
4.00s,41.04%,0.0145,0.0000,-0.9219,0.7415,+17.00%,Call,09/08/26,"6,750.00","2,311.00s",0.00%,-0.9918,0.0000,0.7093,0.0044,-24.04%,Put,09/08/26
4.00s,41.34%,0.0144,0.0000,-0.9249,0.7376,+17.30%,Call,09/08/26,"6,775.00","2,336.00s",0.00%,-0.9918,0.0000,0.7120,0.0038,-24.04%,Put,09/08/26
3.90s,41.50%,0.0140,0.0000,-0.9237,0.7212,+17.46%,Call,09/08/26,"6,800.00","2,361.00s",0.00%,-0.9918,0.0000,0.7148,0.0034,-24.04%,Put,09/08/26
3.60s,42.23%,0.0129,0.0000,-0.9227,0.6690,+18.19%,Call,09/08/26,"6,900.00","2,461.00s",0.00%,-0.9918,0.0000,0.7256,0.0020,-24.04%,Put,09/08/26
3.40s,43.05%,0.0120,0.0000,-0.9256,0.6307,+19.02%,Call,09/08/26,"7,000.00","2,561.00s",0.00%,-0.9919,0.0000,0.7363,0.0011,-24.04%,Put,09/08/26
3.20s,43.83%,0.0112,0.0000,-0.9283,0.5935,+19.79%,Call,09/08/26,"7,100.00","2,661.00s",0.00%,-0.9919,0.0000,0.7469,0.0007,-24.04%,Put,09/08/26
3.10s,43.93%,0.0109,0.0000,-0.9266,0.5778,+19.90%,Call,09/08/26,"7,125.00","2,686.00s",0.00%,-0.9919,0.0000,0.7496,0.0006,-24.04%,Put,09/08/26
3.10s,43.99%,0.0109,0.0000,-0.9272,0.5773,+19.95%,Call,09/08/26,"7,130.00","2,691.00s",0.00%,-0.9919,0.0000,0.7501,0.0006,-24.04%,Put,09/08/26
3.10s,44.21%,0.0108,0.0000,-0.9295,0.5752,+20.17%,Call,09/08/26,"7,150.00","2,711.00s",0.00%,-0.9919,0.0000,0.7522,0.0005,-24.04%,Put,09/08/26
3.10s,44.47%,0.0108,0.0000,-0.9323,0.5726,+20.44%,Call,09/08/26,"7,175.00","2,736.00s",0.00%,-0.9919,0.0000,0.7549,0.0004,-24.04%,Put,09/08/26
3.00s,44.57%,0.0104,0.0000,-0.9306,0.5572,+20.53%,Call,09/08/26,"7,200.00","2,761.00s",0.00%,-0.9919,0.0000,0.7575,0.0004,-24.04%,Put,09/08/26
2.90s,44.91%,0.0100,0.0000,-0.9317,0.5393,+20.87%,Call,09/08/26,"7,250.00","2,811.00s",0.00%,-0.9919,0.0000,0.7628,0.0003,-24.04%,Put,09/08/26
2.50s,46.68%,0.0085,0.0000,-0.9407,0.4657,+22.64%,Call,09/08/26,"7,500.00","3,061.00s",0.00%,-0.9919,0.0000,0.7891,0.0001,-24.04%,Put,09/08/26
2.00s,50.21%,0.0065,0.0000,-0.9708,0.3684,+26.17%,Call,09/08/26,"8,000.00","3,561.00s",0.00%,-0.9919,0.0000,0.8418,0.0000,-24.04%,Put,09/08/26
1.90s,51.05%,0.0061,0.0000,-0.9791,0.3490,+27.01%,Call,09/08/26,"8,125.00","3,686.00s",0.00%,-0.9919,0.0000,0.8549,0.0000,-24.04%,Put,09/08/26
1.60s,53.31%,0.0050,0.0000,-1.0035,0.2936,+29.27%,Call,09/08/26,"8,500.00","4,061.00s",0.00%,-0.9919,0.0000,0.8944,0.0000,-24.04%,Put,09/08/26
1.50s,54.01%,0.0047,0.0000,-1.0119,0.2757,+29.97%,Call,09/08/26,"8,630.00","4,191.00s",0.00%,-0.9919,0.0000,0.9080,0.0000,-24.04%,Put,09/08/26
1.50s,54.57%,0.0047,0.0000,-1.0195,0.2735,+30.53%,Call,09/08/26,"8,700.00","4,261.00s",0.00%,-0.9919,0.0000,0.9154,0.0000,-24.04%,Put,09/08/26
1.50s,54.77%,0.0046,0.0000,-1.0222,0.2728,+30.73%,Call,09/08/26,"8,725.00","4,286.00s",0.00%,-0.9919,0.0000,0.9180,0.0000,-24.04%,Put,09/08/26
1.40s,54.59%,0.0044,0.0000,-1.0191,0.2584,+30.55%,Call,09/08/26,"8,750.00","4,311.00s",0.00%,-0.9919,0.0000,0.9207,0.0000,-24.04%,Put,09/08/26
1.40s,54.79%,0.0044,0.0000,-1.0218,0.2577,+30.75%,Call,09/08/26,"8,775.00","4,336.00s",0.00%,-0.9919,0.0000,0.9233,0.0000,-24.04%,Put,09/08/26
1.30s,56.12%,0.0040,0.0000,-1.0401,0.2380,+32.08%,Call,09/08/26,"9,000.00","4,561.00s",0.00%,-0.9919,0.0000,0.9470,0.0000,-24.04%,Put,09/08/26
1.20s,57.53%,0.0036,0.0000,-1.0609,0.2185,+33.50%,Call,09/08/26,"9,250.00","4,811.00s",0.00%,-0.9919,0.0000,0.9733,0.0000,-24.04%,Put,09/08/26
1.10s,58.84%,0.0033,0.0000,-1.0816,0.1998,+34.80%,Call,09/08/26,"9,500.00","5,061.00s",0.00%,-0.9919,0.0000,0.9996,0.0000,-24.04%,Put,09/08/26
1.00s,59.01%,0.0030,0.0000,-1.0859,0.1842,+34.98%,Call,09/08/26,"9,600.00","5,161.00s",0.00%,-0.9919,0.0000,1.0101,0.0000,-24.04%,Put,09/08/26
1.00s,60.04%,0.0029,0.0000,-1.1020,0.1817,+36.00%,Call,09/08/26,"9,750.00","5,311.00s",58.53%,-0.9895,0.0000,0.9637,0.1463,+34.49%,Put,09/08/26
1.00s,61.04%,0.0029,0.0000,-1.1180,0.1794,+37.00%,Call,09/08/26,"9,900.00","5,461.00s",0.00%,-0.9919,0.0000,1.0417,0.0000,-24.04%,Put,09/08/26
0.90s,61.11%,0.0026,0.0000,-1.1221,0.1642,+37.08%,Call,09/08/26,"10,000.00","5,561.00s",68.25%,-0.9851,0.0000,0.8666,0.3830,+44.21%,Put,09/08/26
"Downloaded from Barchart.com as of 09-08-2026 06:41pm CDT"
