Latest,IV,Delta,Gamma,Theta,Vega,"IV Skew",Type,Time,Strike,Latest,IV,Delta,Gamma,Theta,Vega,"IV Skew",Type,Time
"3,126.60s",0.00%,0.9917,0.0000,0.0000,0.0000,-24.13%,Call,09/04/26,"1,350.00",0.10s,77.49%,-0.0002,0.0000,-0.0079,0.0177,+53.36%,Put,09/04/26
"3,101.60s",0.00%,0.9917,0.0000,0.0000,0.0000,-24.13%,Call,09/04/26,"1,375.00",0.10s,76.33%,-0.0002,0.0000,-0.0079,0.0179,+52.20%,Put,09/04/26
"3,076.60s",0.00%,0.9917,0.0000,0.0000,0.0000,-24.13%,Call,09/04/26,"1,400.00",0.10s,75.20%,-0.0002,0.0000,-0.0079,0.0182,+51.07%,Put,09/04/26
"3,051.60s",0.00%,0.9917,0.0000,0.0000,0.0000,-24.13%,Call,09/04/26,"1,425.00",0.10s,74.09%,-0.0002,0.0000,-0.0079,0.0184,+49.96%,Put,09/04/26
"3,026.60s",0.00%,0.9917,0.0000,0.0000,0.0000,-24.13%,Call,09/04/26,"1,450.00",0.20s,76.97%,-0.0004,0.0000,-0.0146,0.0325,+52.84%,Put,09/04/26
"3,001.60s",0.00%,0.9917,0.0000,0.0000,0.0000,-24.13%,Call,09/04/26,"1,475.00",0.20s,75.84%,-0.0004,0.0000,-0.0145,0.0330,+51.71%,Put,09/04/26
"2,976.60s",0.00%,0.9917,0.0000,0.0000,0.0000,-24.13%,Call,09/04/26,"1,500.00",0.20s,74.73%,-0.0004,0.0000,-0.0145,0.0334,+50.61%,Put,09/04/26
"2,951.60s",0.00%,0.9917,0.0000,0.0000,0.0000,-24.13%,Call,09/04/26,"1,525.00",0.20s,73.64%,-0.0005,0.0000,-0.0145,0.0339,+49.51%,Put,09/04/26
"2,946.60s",0.00%,0.9917,0.0000,0.0000,0.0000,-24.13%,Call,09/04/26,"1,530.00",0.20s,73.43%,-0.0005,0.0000,-0.0145,0.0340,+49.30%,Put,09/04/26
"2,936.60s",0.00%,0.9917,0.0000,0.0000,0.0000,-24.13%,Call,09/04/26,"1,540.00",0.20s,73.00%,-0.0005,0.0000,-0.0145,0.0342,+48.87%,Put,09/04/26
"2,926.60s",0.00%,0.9917,0.0000,0.0000,0.0000,-24.13%,Call,09/04/26,"1,550.00",0.20s,72.57%,-0.0005,0.0000,-0.0144,0.0344,+48.44%,Put,09/04/26
"2,916.60s",0.00%,0.9917,0.0000,0.0000,0.0000,-24.13%,Call,09/04/26,"1,560.00",0.20s,72.14%,-0.0005,0.0000,-0.0144,0.0346,+48.02%,Put,09/04/26
"2,906.60s",0.00%,0.9917,0.0000,0.0000,0.0000,-24.13%,Call,09/04/26,"1,570.00",0.20s,71.72%,-0.0005,0.0000,-0.0144,0.0348,+47.59%,Put,09/04/26
"2,901.60s",0.00%,0.9917,0.0000,0.0000,0.0000,-24.13%,Call,09/04/26,"1,575.00",0.20s,71.51%,-0.0005,0.0000,-0.0144,0.0349,+47.39%,Put,09/04/26
"2,896.60s",0.00%,0.9917,0.0000,0.0000,0.0000,-24.13%,Call,09/04/26,"1,580.00",0.20s,71.30%,-0.0005,0.0000,-0.0144,0.0350,+47.18%,Put,09/04/26
"2,886.60s",0.00%,0.9917,0.0000,0.0000,0.0000,-24.13%,Call,09/04/26,"1,590.00",0.20s,70.89%,-0.0005,0.0000,-0.0144,0.0352,+46.76%,Put,09/04/26
"2,876.60s",0.00%,0.9917,0.0000,0.0000,0.0000,-24.13%,Call,09/04/26,"1,600.00",0.20s,70.47%,-0.0005,0.0000,-0.0144,0.0353,+46.35%,Put,09/04/26
"2,866.60s",0.00%,0.9917,0.0000,0.0000,0.0000,-24.13%,Call,09/04/26,"1,610.00",0.20s,70.06%,-0.0005,0.0000,-0.0144,0.0355,+45.94%,Put,09/04/26
"2,856.60s",0.00%,0.9917,0.0000,0.0000,0.0000,-24.13%,Call,09/04/26,"1,620.00",0.20s,69.66%,-0.0005,0.0000,-0.0144,0.0357,+45.53%,Put,09/04/26
"2,851.60s",0.00%,0.9917,0.0000,0.0000,0.0000,-24.13%,Call,09/04/26,"1,625.00",0.20s,69.45%,-0.0005,0.0000,-0.0144,0.0358,+45.32%,Put,09/04/26
"2,846.60s",0.00%,0.9917,0.0000,0.0000,0.0000,-24.13%,Call,09/04/26,"1,630.00",0.20s,69.25%,-0.0005,0.0000,-0.0143,0.0359,+45.12%,Put,09/04/26
"2,841.60s",0.00%,0.9917,0.0000,0.0000,0.0000,-24.13%,Call,09/04/26,"1,635.00",0.20s,69.05%,-0.0005,0.0000,-0.0143,0.0360,+44.92%,Put,09/04/26
"2,836.60s",0.00%,0.9917,0.0000,0.0000,0.0000,-24.13%,Call,09/04/26,"1,640.00",0.20s,68.85%,-0.0005,0.0000,-0.0143,0.0361,+44.72%,Put,09/04/26
"2,831.60s",0.00%,0.9917,0.0000,0.0000,0.0000,-24.13%,Call,09/04/26,"1,645.00",0.20s,68.65%,-0.0005,0.0000,-0.0143,0.0362,+44.52%,Put,09/04/26
"2,826.60s",0.00%,0.9917,0.0000,0.0000,0.0000,-24.13%,Call,09/04/26,"1,650.00",0.20s,68.45%,-0.0005,0.0000,-0.0143,0.0363,+44.32%,Put,09/04/26
"2,821.60s",0.00%,0.9917,0.0000,0.0000,0.0000,-24.13%,Call,09/04/26,"1,655.00",0.20s,68.25%,-0.0005,0.0000,-0.0143,0.0364,+44.12%,Put,09/04/26
"2,816.60s",0.00%,0.9917,0.0000,0.0000,0.0000,-24.13%,Call,09/04/26,"1,660.00",0.20s,68.05%,-0.0005,0.0000,-0.0143,0.0365,+43.92%,Put,09/04/26
"2,811.60s",0.00%,0.9917,0.0000,0.0000,0.0000,-24.13%,Call,09/04/26,"1,665.00",0.20s,67.85%,-0.0005,0.0000,-0.0143,0.0366,+43.72%,Put,09/04/26
"2,806.60s",0.00%,0.9917,0.0000,0.0000,0.0000,-24.13%,Call,09/04/26,"1,670.00",0.20s,67.65%,-0.0005,0.0000,-0.0143,0.0367,+43.52%,Put,09/04/26
"2,801.60s",0.00%,0.9917,0.0000,0.0000,0.0000,-24.13%,Call,09/04/26,"1,675.00",0.20s,67.45%,-0.0005,0.0000,-0.0143,0.0368,+43.33%,Put,09/04/26
"2,796.60s",0.00%,0.9917,0.0000,0.0000,0.0000,-24.13%,Call,09/04/26,"1,680.00",0.20s,67.26%,-0.0005,0.0000,-0.0143,0.0369,+43.13%,Put,09/04/26
"2,791.60s",0.00%,0.9917,0.0000,0.0000,0.0000,-24.13%,Call,09/04/26,"1,685.00",0.20s,67.06%,-0.0005,0.0000,-0.0143,0.0370,+42.93%,Put,09/04/26
"2,786.60s",0.00%,0.9917,0.0000,0.0000,0.0000,-24.13%,Call,09/04/26,"1,690.00",0.20s,66.87%,-0.0005,0.0000,-0.0143,0.0371,+42.74%,Put,09/04/26
"2,781.60s",0.00%,0.9917,0.0000,0.0000,0.0000,-24.13%,Call,09/04/26,"1,695.00",0.20s,66.67%,-0.0005,0.0000,-0.0143,0.0372,+42.54%,Put,09/04/26
"2,776.60s",0.00%,0.9917,0.0000,0.0000,0.0000,-24.13%,Call,09/04/26,"1,700.00",0.20s,66.48%,-0.0005,0.0000,-0.0143,0.0373,+42.35%,Put,09/04/26
"2,771.60s",0.00%,0.9917,0.0000,0.0000,0.0000,-24.13%,Call,09/04/26,"1,705.00",0.20s,66.28%,-0.0005,0.0000,-0.0142,0.0374,+42.16%,Put,09/04/26
"2,766.60s",0.00%,0.9917,0.0000,0.0000,0.0000,-24.13%,Call,09/04/26,"1,710.00",0.20s,66.09%,-0.0005,0.0000,-0.0142,0.0375,+41.96%,Put,09/04/26
"2,761.60s",0.00%,0.9917,0.0000,0.0000,0.0000,-24.13%,Call,09/04/26,"1,715.00",0.20s,65.90%,-0.0005,0.0000,-0.0142,0.0376,+41.77%,Put,09/04/26
"2,756.60s",0.00%,0.9917,0.0000,0.0000,0.0000,-24.13%,Call,09/04/26,"1,720.00",0.20s,65.71%,-0.0005,0.0000,-0.0142,0.0377,+41.58%,Put,09/04/26
"2,751.60s",0.00%,0.9917,0.0000,0.0000,0.0000,-24.13%,Call,09/04/26,"1,725.00",0.20s,65.52%,-0.0005,0.0000,-0.0142,0.0379,+41.39%,Put,09/04/26
"2,746.60s",0.00%,0.9917,0.0000,0.0000,0.0000,-24.13%,Call,09/04/26,"1,730.00",0.20s,65.32%,-0.0005,0.0000,-0.0142,0.0380,+41.20%,Put,09/04/26
"2,741.60s",0.00%,0.9917,0.0000,0.0000,0.0000,-24.13%,Call,09/04/26,"1,735.00",0.20s,65.13%,-0.0005,0.0000,-0.0142,0.0381,+41.01%,Put,09/04/26
"2,736.60s",0.00%,0.9917,0.0000,0.0000,0.0000,-24.13%,Call,09/04/26,"1,740.00",0.30s,67.17%,-0.0007,0.0000,-0.0203,0.0524,+43.04%,Put,09/04/26
"2,731.60s",0.00%,0.9917,0.0000,0.0000,0.0000,-24.13%,Call,09/04/26,"1,745.00",0.30s,66.97%,-0.0007,0.0000,-0.0203,0.0526,+42.84%,Put,09/04/26
"2,726.60s",0.00%,0.9917,0.0000,0.0000,0.0000,-24.13%,Call,09/04/26,"1,750.00",0.30s,66.78%,-0.0007,0.0000,-0.0203,0.0527,+42.65%,Put,09/04/26
"2,721.60s",0.00%,0.9917,0.0000,0.0000,0.0000,-24.13%,Call,09/04/26,"1,755.00",0.30s,66.58%,-0.0007,0.0000,-0.0203,0.0528,+42.45%,Put,09/04/26
"2,716.60s",0.00%,0.9917,0.0000,0.0000,0.0000,-24.13%,Call,09/04/26,"1,760.00",0.30s,66.39%,-0.0007,0.0000,-0.0202,0.0530,+42.26%,Put,09/04/26
"2,711.60s",0.00%,0.9917,0.0000,0.0000,0.0000,-24.13%,Call,09/04/26,"1,765.00",0.30s,66.20%,-0.0007,0.0000,-0.0202,0.0531,+42.07%,Put,09/04/26
"2,706.60s",0.00%,0.9917,0.0000,0.0000,0.0000,-24.13%,Call,09/04/26,"1,770.00",0.30s,66.00%,-0.0007,0.0000,-0.0202,0.0533,+41.87%,Put,09/04/26
"2,701.60s",0.00%,0.9917,0.0000,0.0000,0.0000,-24.13%,Call,09/04/26,"1,775.00",0.30s,65.81%,-0.0007,0.0000,-0.0202,0.0534,+41.68%,Put,09/04/26
"2,696.60s",0.00%,0.9917,0.0000,0.0000,0.0000,-24.13%,Call,09/04/26,"1,780.00",0.30s,65.62%,-0.0007,0.0000,-0.0202,0.0536,+41.49%,Put,09/04/26
"2,691.60s",0.00%,0.9917,0.0000,0.0000,0.0000,-24.13%,Call,09/04/26,"1,785.00",0.30s,65.43%,-0.0007,0.0000,-0.0202,0.0537,+41.30%,Put,09/04/26
"2,686.60s",0.00%,0.9917,0.0000,0.0000,0.0000,-24.13%,Call,09/04/26,"1,790.00",0.30s,65.24%,-0.0008,0.0000,-0.0202,0.0539,+41.11%,Put,09/04/26
"2,681.60s",0.00%,0.9917,0.0000,0.0000,0.0000,-24.13%,Call,09/04/26,"1,795.00",0.30s,65.05%,-0.0008,0.0000,-0.0202,0.0540,+40.92%,Put,09/04/26
"2,676.60s",0.00%,0.9917,0.0000,0.0000,0.0000,-24.13%,Call,09/04/26,"1,800.00",0.30s,64.86%,-0.0008,0.0000,-0.0202,0.0541,+40.73%,Put,09/04/26
"2,671.60s",0.00%,0.9917,0.0000,0.0000,0.0000,-24.13%,Call,09/04/26,"1,805.00",0.30s,64.67%,-0.0008,0.0000,-0.0202,0.0543,+40.54%,Put,09/04/26
"2,666.60s",0.00%,0.9917,0.0000,0.0000,0.0000,-24.13%,Call,09/04/26,"1,810.00",0.30s,64.48%,-0.0008,0.0000,-0.0201,0.0544,+40.36%,Put,09/04/26
"2,661.60s",0.00%,0.9917,0.0000,0.0000,0.0000,-24.13%,Call,09/04/26,"1,815.00",0.30s,64.30%,-0.0008,0.0000,-0.0201,0.0546,+40.17%,Put,09/04/26
"2,656.60s",0.00%,0.9917,0.0000,0.0000,0.0000,-24.13%,Call,09/04/26,"1,820.00",0.30s,64.11%,-0.0008,0.0000,-0.0201,0.0547,+39.98%,Put,09/04/26
"2,651.60s",0.00%,0.9917,0.0000,0.0000,0.0000,-24.13%,Call,09/04/26,"1,825.00",0.30s,63.92%,-0.0008,0.0000,-0.0201,0.0549,+39.79%,Put,09/04/26
"2,646.60s",0.00%,0.9917,0.0000,0.0000,0.0000,-24.13%,Call,09/04/26,"1,830.00",0.30s,63.74%,-0.0008,0.0000,-0.0201,0.0550,+39.61%,Put,09/04/26
"2,641.60s",0.00%,0.9917,0.0000,0.0000,0.0000,-24.13%,Call,09/04/26,"1,835.00",0.30s,63.55%,-0.0008,0.0000,-0.0201,0.0552,+39.42%,Put,09/04/26
"2,636.60s",0.00%,0.9917,0.0000,0.0000,0.0000,-24.13%,Call,09/04/26,"1,840.00",0.30s,63.37%,-0.0008,0.0000,-0.0201,0.0553,+39.24%,Put,09/04/26
"2,631.60s",0.00%,0.9917,0.0000,0.0000,0.0000,-24.13%,Call,09/04/26,"1,845.00",0.30s,63.18%,-0.0008,0.0000,-0.0201,0.0555,+39.05%,Put,09/04/26
"2,626.60s",0.00%,0.9917,0.0000,0.0000,0.0000,-24.13%,Call,09/04/26,"1,850.00",0.30s,63.00%,-0.0008,0.0000,-0.0201,0.0556,+38.87%,Put,09/04/26
"2,621.60s",0.00%,0.9917,0.0000,0.0000,0.0000,-24.13%,Call,09/04/26,"1,855.00",0.30s,62.81%,-0.0008,0.0000,-0.0201,0.0558,+38.69%,Put,09/04/26
"2,616.60s",0.00%,0.9917,0.0000,0.0000,0.0000,-24.13%,Call,09/04/26,"1,860.00",0.30s,62.63%,-0.0008,0.0000,-0.0200,0.0559,+38.50%,Put,09/04/26
"2,611.60s",0.00%,0.9917,0.0000,0.0000,0.0000,-24.13%,Call,09/04/26,"1,865.00",0.30s,62.45%,-0.0008,0.0000,-0.0200,0.0561,+38.32%,Put,09/04/26
"2,606.60s",0.00%,0.9917,0.0000,0.0000,0.0000,-24.13%,Call,09/04/26,"1,870.00",0.30s,62.27%,-0.0008,0.0000,-0.0200,0.0562,+38.14%,Put,09/04/26
"2,601.60s",0.00%,0.9917,0.0000,0.0000,0.0000,-24.13%,Call,09/04/26,"1,875.00",0.30s,62.08%,-0.0008,0.0000,-0.0200,0.0564,+37.96%,Put,09/04/26
"2,596.60s",0.00%,0.9917,0.0000,0.0000,0.0000,-24.13%,Call,09/04/26,"1,880.00",0.30s,61.90%,-0.0008,0.0000,-0.0200,0.0565,+37.78%,Put,09/04/26
"2,591.60s",0.00%,0.9917,0.0000,0.0000,0.0000,-24.13%,Call,09/04/26,"1,885.00",0.30s,61.72%,-0.0008,0.0000,-0.0200,0.0567,+37.59%,Put,09/04/26
"2,586.60s",0.00%,0.9917,0.0000,0.0000,0.0000,-24.13%,Call,09/04/26,"1,890.00",0.30s,61.54%,-0.0008,0.0000,-0.0200,0.0568,+37.41%,Put,09/04/26
"2,581.60s",0.00%,0.9917,0.0000,0.0000,0.0000,-24.13%,Call,09/04/26,"1,895.00",0.30s,61.36%,-0.0008,0.0000,-0.0200,0.0570,+37.23%,Put,09/04/26
"2,576.60s",0.00%,0.9917,0.0000,0.0000,0.0000,-24.13%,Call,09/04/26,"1,900.00",0.30s,61.18%,-0.0008,0.0000,-0.0200,0.0571,+37.06%,Put,09/04/26
"2,571.60s",0.00%,0.9917,0.0000,0.0000,0.0000,-24.13%,Call,09/04/26,"1,905.00",0.30s,61.01%,-0.0008,0.0000,-0.0200,0.0573,+36.88%,Put,09/04/26
"2,566.60s",0.00%,0.9917,0.0000,0.0000,0.0000,-24.13%,Call,09/04/26,"1,910.00",0.30s,60.83%,-0.0008,0.0000,-0.0199,0.0575,+36.70%,Put,09/04/26
"2,561.60s",0.00%,0.9917,0.0000,0.0000,0.0000,-24.13%,Call,09/04/26,"1,915.00",0.30s,60.65%,-0.0008,0.0000,-0.0199,0.0576,+36.52%,Put,09/04/26
"2,556.60s",0.00%,0.9917,0.0000,0.0000,0.0000,-24.13%,Call,09/04/26,"1,920.00",0.30s,60.47%,-0.0008,0.0000,-0.0199,0.0578,+36.34%,Put,09/04/26
"2,551.60s",0.00%,0.9917,0.0000,0.0000,0.0000,-24.13%,Call,09/04/26,"1,925.00",0.30s,60.30%,-0.0008,0.0000,-0.0199,0.0579,+36.17%,Put,09/04/26
"2,546.60s",0.00%,0.9917,0.0000,0.0000,0.0000,-24.13%,Call,09/04/26,"1,930.00",0.30s,60.12%,-0.0008,0.0000,-0.0199,0.0581,+35.99%,Put,09/04/26
"2,541.60s",0.00%,0.9917,0.0000,0.0000,0.0000,-24.13%,Call,09/04/26,"1,935.00",0.30s,59.94%,-0.0008,0.0000,-0.0199,0.0582,+35.81%,Put,09/04/26
"2,536.60s",0.00%,0.9917,0.0000,0.0000,0.0000,-24.13%,Call,09/04/26,"1,940.00",0.30s,59.77%,-0.0008,0.0000,-0.0199,0.0584,+35.64%,Put,09/04/26
"2,531.60s",0.00%,0.9917,0.0000,0.0000,0.0000,-24.13%,Call,09/04/26,"1,945.00",0.30s,59.59%,-0.0008,0.0000,-0.0199,0.0585,+35.46%,Put,09/04/26
"2,526.60s",0.00%,0.9917,0.0000,0.0000,0.0000,-24.13%,Call,09/04/26,"1,950.00",0.30s,59.42%,-0.0008,0.0000,-0.0199,0.0587,+35.29%,Put,09/04/26
"2,521.60s",0.00%,0.9917,0.0000,0.0000,0.0000,-24.13%,Call,09/04/26,"1,955.00",0.40s,60.76%,-0.0011,0.0000,-0.0255,0.0735,+36.63%,Put,09/04/26
"2,516.60s",0.00%,0.9917,0.0000,0.0000,0.0000,-24.13%,Call,09/04/26,"1,960.00",0.40s,60.58%,-0.0011,0.0000,-0.0255,0.0737,+36.45%,Put,09/04/26
"2,511.60s",0.00%,0.9917,0.0000,0.0000,0.0000,-24.13%,Call,09/04/26,"1,965.00",0.40s,60.40%,-0.0011,0.0000,-0.0255,0.0739,+36.28%,Put,09/04/26
"2,506.60s",99.90%,0.9690,0.0000,-0.7003,1.1184,+75.77%,Call,09/04/26,"1,970.00",0.40s,60.23%,-0.0011,0.0000,-0.0255,0.0741,+36.10%,Put,09/04/26
"2,501.60s",99.59%,0.9690,0.0000,-0.6990,1.1199,+75.46%,Call,09/04/26,"1,975.00",0.40s,60.05%,-0.0011,0.0000,-0.0255,0.0743,+35.92%,Put,09/04/26
"2,496.60s",99.27%,0.9690,0.0000,-0.6976,1.1213,+75.15%,Call,09/04/26,"1,980.00",0.40s,59.87%,-0.0011,0.0000,-0.0255,0.0745,+35.75%,Put,09/04/26
"2,491.60s",98.96%,0.9689,0.0000,-0.6962,1.1227,+74.83%,Call,09/04/26,"1,985.00",0.40s,59.70%,-0.0011,0.0000,-0.0254,0.0747,+35.57%,Put,09/04/26
"2,486.60s",98.65%,0.9689,0.0000,-0.6949,1.1241,+74.52%,Call,09/04/26,"1,990.00",0.40s,59.52%,-0.0011,0.0000,-0.0254,0.0749,+35.40%,Put,09/04/26
"2,481.60s",98.34%,0.9689,0.0000,-0.6935,1.1255,+74.21%,Call,09/04/26,"1,995.00",0.40s,59.35%,-0.0011,0.0000,-0.0254,0.0751,+35.22%,Put,09/04/26
"2,476.60s",98.03%,0.9688,0.0000,-0.6922,1.1269,+73.90%,Call,09/04/26,"2,000.00",0.40s,59.17%,-0.0011,0.0000,-0.0254,0.0753,+35.05%,Put,09/04/26
"2,471.60s",97.72%,0.9688,0.0000,-0.6908,1.1283,+73.59%,Call,09/04/26,"2,005.00",0.40s,59.00%,-0.0011,0.0000,-0.0254,0.0755,+34.87%,Put,09/04/26
"2,466.60s",97.41%,0.9688,0.0000,-0.6894,1.1297,+73.28%,Call,09/04/26,"2,010.00",0.40s,58.83%,-0.0011,0.0000,-0.0254,0.0757,+34.70%,Put,09/04/26
"2,461.60s",97.10%,0.9687,0.0000,-0.6881,1.1311,+72.98%,Call,09/04/26,"2,015.00",0.40s,58.65%,-0.0011,0.0000,-0.0254,0.0759,+34.53%,Put,09/04/26
"2,456.60s",96.80%,0.9687,0.0000,-0.6867,1.1325,+72.67%,Call,09/04/26,"2,020.00",0.40s,58.48%,-0.0011,0.0000,-0.0253,0.0761,+34.35%,Put,09/04/26
"2,451.60s",96.49%,0.9687,0.0000,-0.6854,1.1339,+72.36%,Call,09/04/26,"2,025.00",0.40s,58.31%,-0.0011,0.0000,-0.0253,0.0763,+34.18%,Put,09/04/26
"2,446.60s",96.19%,0.9686,0.0000,-0.6840,1.1353,+72.06%,Call,09/04/26,"2,030.00",0.40s,58.14%,-0.0011,0.0000,-0.0253,0.0765,+34.01%,Put,09/04/26
"2,441.60s",95.88%,0.9686,0.0000,-0.6826,1.1367,+71.75%,Call,09/04/26,"2,035.00",0.40s,57.97%,-0.0011,0.0000,-0.0253,0.0767,+33.84%,Put,09/04/26
"2,436.60s",95.58%,0.9686,0.0000,-0.6813,1.1381,+71.45%,Call,09/04/26,"2,040.00",0.40s,57.80%,-0.0011,0.0000,-0.0253,0.0769,+33.67%,Put,09/04/26
"2,431.60s",95.28%,0.9685,0.0000,-0.6799,1.1395,+71.15%,Call,09/04/26,"2,045.00",0.40s,57.63%,-0.0011,0.0000,-0.0253,0.0772,+33.50%,Put,09/04/26
"2,426.60s",94.97%,0.9685,0.0000,-0.6785,1.1409,+70.85%,Call,09/04/26,"2,050.00",0.40s,57.46%,-0.0011,0.0000,-0.0253,0.0774,+33.33%,Put,09/04/26
"2,421.60s",94.67%,0.9685,0.0000,-0.6772,1.1422,+70.55%,Call,09/04/26,"2,055.00",0.40s,57.29%,-0.0011,0.0000,-0.0252,0.0776,+33.16%,Put,09/04/26
"2,416.60s",94.37%,0.9684,0.0000,-0.6758,1.1436,+70.25%,Call,09/04/26,"2,060.00",0.40s,57.12%,-0.0011,0.0000,-0.0252,0.0778,+32.99%,Put,09/04/26
"2,411.60s",94.07%,0.9684,0.0000,-0.6744,1.1450,+69.95%,Call,09/04/26,"2,065.00",0.40s,56.95%,-0.0011,0.0000,-0.0252,0.0780,+32.82%,Put,09/04/26
"2,406.60s",93.78%,0.9684,0.0000,-0.6731,1.1464,+69.65%,Call,09/04/26,"2,070.00",0.40s,56.78%,-0.0011,0.0000,-0.0252,0.0782,+32.65%,Put,09/04/26
"2,401.60s",93.48%,0.9683,0.0000,-0.6717,1.1478,+69.35%,Call,09/04/26,"2,075.00",0.40s,56.61%,-0.0011,0.0000,-0.0252,0.0784,+32.48%,Put,09/04/26
"2,396.60s",93.18%,0.9683,0.0000,-0.6703,1.1492,+69.05%,Call,09/04/26,"2,080.00",0.40s,56.44%,-0.0011,0.0000,-0.0252,0.0786,+32.32%,Put,09/04/26
"2,391.60s",92.88%,0.9683,0.0000,-0.6689,1.1505,+68.76%,Call,09/04/26,"2,085.00",0.40s,56.28%,-0.0011,0.0000,-0.0252,0.0788,+32.15%,Put,09/04/26
"2,386.60s",92.59%,0.9682,0.0000,-0.6676,1.1519,+68.46%,Call,09/04/26,"2,090.00",0.40s,56.11%,-0.0011,0.0000,-0.0251,0.0790,+31.98%,Put,09/04/26
"2,381.60s",92.29%,0.9682,0.0000,-0.6662,1.1533,+68.17%,Call,09/04/26,"2,095.00",0.40s,55.94%,-0.0011,0.0000,-0.0251,0.0793,+31.82%,Put,09/04/26
"2,376.60s",92.00%,0.9682,0.0000,-0.6648,1.1546,+67.87%,Call,09/04/26,"2,100.00",0.40s,55.78%,-0.0011,0.0000,-0.0251,0.0795,+31.65%,Put,09/04/26
"2,371.60s",91.71%,0.9681,0.0000,-0.6635,1.1560,+67.58%,Call,09/04/26,"2,105.00",0.40s,55.61%,-0.0012,0.0000,-0.0251,0.0797,+31.48%,Put,09/04/26
"2,366.60s",91.41%,0.9681,0.0000,-0.6621,1.1574,+67.28%,Call,09/04/26,"2,110.00",0.40s,55.45%,-0.0012,0.0000,-0.0251,0.0799,+31.32%,Put,09/04/26
"2,361.60s",91.12%,0.9681,0.0000,-0.6607,1.1588,+66.99%,Call,09/04/26,"2,115.00",0.40s,55.28%,-0.0012,0.0000,-0.0251,0.0801,+31.15%,Put,09/04/26
"2,356.60s",90.83%,0.9680,0.0000,-0.6593,1.1601,+66.70%,Call,09/04/26,"2,120.00",0.40s,55.12%,-0.0012,0.0000,-0.0250,0.0803,+30.99%,Put,09/04/26
"2,351.60s",90.54%,0.9680,0.0000,-0.6580,1.1615,+66.41%,Call,09/04/26,"2,125.00",0.40s,54.95%,-0.0012,0.0000,-0.0250,0.0806,+30.82%,Put,09/04/26
"2,346.60s",90.25%,0.9680,0.0000,-0.6566,1.1628,+66.12%,Call,09/04/26,"2,130.00",0.50s,55.92%,-0.0014,0.0000,-0.0304,0.0958,+31.80%,Put,09/04/26
"2,341.60s",89.96%,0.9679,0.0000,-0.6552,1.1642,+65.83%,Call,09/04/26,"2,135.00",0.50s,55.76%,-0.0014,0.0000,-0.0304,0.0960,+31.63%,Put,09/04/26
"2,336.60s",89.67%,0.9679,0.0000,-0.6538,1.1656,+65.54%,Call,09/04/26,"2,140.00",0.50s,55.59%,-0.0014,0.0000,-0.0304,0.0963,+31.46%,Put,09/04/26
"2,331.60s",89.38%,0.9679,0.0000,-0.6524,1.1669,+65.26%,Call,09/04/26,"2,145.00",0.50s,55.43%,-0.0014,0.0000,-0.0303,0.0966,+31.30%,Put,09/04/26
"2,326.60s",89.10%,0.9678,0.0000,-0.6511,1.1683,+64.97%,Call,09/04/26,"2,150.00",0.50s,55.26%,-0.0014,0.0000,-0.0303,0.0968,+31.13%,Put,09/04/26
"2,321.60s",88.81%,0.9678,0.0000,-0.6497,1.1696,+64.68%,Call,09/04/26,"2,155.00",0.50s,55.10%,-0.0014,0.0000,-0.0303,0.0971,+30.97%,Put,09/04/26
"2,316.60s",88.53%,0.9678,0.0000,-0.6483,1.1710,+64.40%,Call,09/04/26,"2,160.00",0.50s,54.93%,-0.0014,0.0000,-0.0303,0.0973,+30.80%,Put,09/04/26
"2,311.60s",88.24%,0.9677,0.0000,-0.6469,1.1723,+64.11%,Call,09/04/26,"2,165.00",0.50s,54.77%,-0.0014,0.0000,-0.0303,0.0976,+30.64%,Put,09/04/26
"2,306.60s",87.96%,0.9677,0.0000,-0.6455,1.1737,+63.83%,Call,09/04/26,"2,170.00",0.50s,54.60%,-0.0014,0.0000,-0.0302,0.0979,+30.47%,Put,09/04/26
"2,301.60s",87.67%,0.9677,0.0000,-0.6442,1.1750,+63.55%,Call,09/04/26,"2,175.00",0.50s,54.44%,-0.0014,0.0000,-0.0302,0.0981,+30.31%,Put,09/04/26
"2,296.60s",87.39%,0.9676,0.0000,-0.6428,1.1764,+63.26%,Call,09/04/26,"2,180.00",0.50s,54.28%,-0.0014,0.0000,-0.0302,0.0984,+30.15%,Put,09/04/26
"2,291.60s",87.11%,0.9676,0.0000,-0.6414,1.1777,+62.98%,Call,09/04/26,"2,185.00",0.50s,54.11%,-0.0015,0.0000,-0.0302,0.0987,+29.99%,Put,09/04/26
"2,286.60s",86.83%,0.9676,0.0000,-0.6400,1.1790,+62.70%,Call,09/04/26,"2,190.00",0.50s,53.95%,-0.0015,0.0000,-0.0302,0.0989,+29.82%,Put,09/04/26
"2,281.60s",86.55%,0.9675,0.0000,-0.6386,1.1804,+62.42%,Call,09/04/26,"2,195.00",0.50s,53.79%,-0.0015,0.0000,-0.0302,0.0992,+29.66%,Put,09/04/26
"2,276.60s",86.27%,0.9675,0.0000,-0.6372,1.1817,+62.14%,Call,09/04/26,"2,200.00",0.50s,53.63%,-0.0015,0.0000,-0.0301,0.0995,+29.50%,Put,09/04/26
"2,271.60s",85.99%,0.9675,0.0000,-0.6359,1.1831,+61.86%,Call,09/04/26,"2,205.00",0.50s,53.47%,-0.0015,0.0000,-0.0301,0.0997,+29.34%,Put,09/04/26
"2,266.60s",85.71%,0.9674,0.0000,-0.6345,1.1844,+61.58%,Call,09/04/26,"2,210.00",0.50s,53.31%,-0.0015,0.0000,-0.0301,0.1000,+29.18%,Put,09/04/26
"2,261.60s",85.43%,0.9674,0.0000,-0.6331,1.1857,+61.30%,Call,09/04/26,"2,215.00",0.50s,53.15%,-0.0015,0.0000,-0.0301,0.1003,+29.02%,Put,09/04/26
"2,256.60s",85.15%,0.9674,0.0000,-0.6317,1.1871,+61.03%,Call,09/04/26,"2,220.00",0.50s,52.99%,-0.0015,0.0000,-0.0301,0.1006,+28.86%,Put,09/04/26
"2,251.60s",84.88%,0.9674,0.0000,-0.6303,1.1884,+60.75%,Call,09/04/26,"2,225.00",0.50s,52.83%,-0.0015,0.0000,-0.0300,0.1008,+28.70%,Put,09/04/26
"2,246.60s",84.60%,0.9673,0.0000,-0.6289,1.1897,+60.47%,Call,09/04/26,"2,230.00",0.50s,52.67%,-0.0015,0.0000,-0.0300,0.1011,+28.54%,Put,09/04/26
"2,241.60s",84.33%,0.9673,0.0000,-0.6275,1.1911,+60.20%,Call,09/04/26,"2,235.00",0.50s,52.51%,-0.0015,0.0000,-0.0300,0.1014,+28.38%,Put,09/04/26
"2,236.60s",84.05%,0.9673,0.0000,-0.6261,1.1924,+59.92%,Call,09/04/26,"2,240.00",0.50s,52.35%,-0.0015,0.0000,-0.0300,0.1017,+28.22%,Put,09/04/26
"2,231.60s",83.78%,0.9672,0.0000,-0.6248,1.1937,+59.65%,Call,09/04/26,"2,245.00",0.50s,52.19%,-0.0015,0.0000,-0.0300,0.1019,+28.06%,Put,09/04/26
"2,226.60s",83.50%,0.9672,0.0000,-0.6234,1.1950,+59.37%,Call,09/04/26,"2,250.00",0.50s,52.03%,-0.0015,0.0000,-0.0299,0.1022,+27.90%,Put,09/04/26
"2,221.60s",83.23%,0.9672,0.0000,-0.6220,1.1964,+59.10%,Call,09/04/26,"2,255.00",0.50s,51.87%,-0.0015,0.0000,-0.0299,0.1025,+27.75%,Put,09/04/26
"2,216.60s",82.96%,0.9671,0.0000,-0.6206,1.1977,+58.83%,Call,09/04/26,"2,260.00",0.50s,51.72%,-0.0015,0.0000,-0.0299,0.1028,+27.59%,Put,09/04/26
"2,211.60s",82.69%,0.9671,0.0000,-0.6192,1.1990,+58.56%,Call,09/04/26,"2,265.00",0.60s,52.46%,-0.0018,0.0000,-0.0350,0.1183,+28.34%,Put,09/04/26
"2,206.60s",82.42%,0.9671,0.0000,-0.6178,1.2003,+58.29%,Call,09/04/26,"2,270.00",0.60s,52.30%,-0.0018,0.0000,-0.0350,0.1186,+28.18%,Put,09/04/26
"2,201.60s",82.15%,0.9670,0.0000,-0.6164,1.2016,+58.02%,Call,09/04/26,"2,275.00",0.60s,52.15%,-0.0018,0.0000,-0.0350,0.1189,+28.02%,Put,09/04/26
"2,196.60s",81.88%,0.9670,0.0000,-0.6150,1.2029,+57.75%,Call,09/04/26,"2,280.00",0.60s,51.99%,-0.0018,0.0000,-0.0349,0.1192,+27.86%,Put,09/04/26
"2,191.60s",81.61%,0.9670,0.0000,-0.6136,1.2043,+57.48%,Call,09/04/26,"2,285.00",0.60s,51.83%,-0.0018,0.0000,-0.0349,0.1196,+27.70%,Put,09/04/26
"2,186.60s",81.34%,0.9669,0.0000,-0.6122,1.2056,+57.21%,Call,09/04/26,"2,290.00",0.60s,51.67%,-0.0018,0.0000,-0.0349,0.1199,+27.54%,Put,09/04/26
"2,181.60s",81.07%,0.9669,0.0000,-0.6108,1.2069,+56.94%,Call,09/04/26,"2,295.00",0.60s,51.51%,-0.0018,0.0000,-0.0349,0.1202,+27.39%,Put,09/04/26
"2,176.60s",80.80%,0.9669,0.0000,-0.6094,1.2082,+56.67%,Call,09/04/26,"2,300.00",0.60s,51.36%,-0.0018,0.0000,-0.0348,0.1206,+27.23%,Put,09/04/26
"2,171.60s",80.54%,0.9668,0.0000,-0.6080,1.2095,+56.41%,Call,09/04/26,"2,305.00",0.60s,51.20%,-0.0018,0.0000,-0.0348,0.1209,+27.07%,Put,09/04/26
"2,166.60s",80.27%,0.9668,0.0000,-0.6066,1.2108,+56.14%,Call,09/04/26,"2,310.00",0.60s,51.04%,-0.0018,0.0000,-0.0348,0.1212,+26.92%,Put,09/04/26
"2,161.60s",80.01%,0.9668,0.0000,-0.6053,1.2121,+55.88%,Call,09/04/26,"2,315.00",0.60s,50.89%,-0.0018,0.0000,-0.0348,0.1216,+26.76%,Put,09/04/26
"2,156.60s",79.74%,0.9667,0.0000,-0.6039,1.2134,+55.61%,Call,09/04/26,"2,320.00",0.60s,50.73%,-0.0018,0.0000,-0.0348,0.1219,+26.60%,Put,09/04/26
"2,151.60s",79.48%,0.9667,0.0000,-0.6025,1.2147,+55.35%,Call,09/04/26,"2,325.00",0.60s,50.58%,-0.0018,0.0000,-0.0347,0.1222,+26.45%,Put,09/04/26
"2,146.60s",79.21%,0.9667,0.0000,-0.6011,1.2160,+55.08%,Call,09/04/26,"2,330.00",0.60s,50.42%,-0.0018,0.0000,-0.0347,0.1226,+26.29%,Put,09/04/26
"2,141.60s",78.95%,0.9666,0.0000,-0.5997,1.2173,+54.82%,Call,09/04/26,"2,335.00",0.60s,50.27%,-0.0018,0.0000,-0.0347,0.1229,+26.14%,Put,09/04/26
"2,136.60s",78.69%,0.9666,0.0000,-0.5983,1.2186,+54.56%,Call,09/04/26,"2,340.00",0.60s,50.11%,-0.0019,0.0000,-0.0347,0.1232,+25.98%,Put,09/04/26
"2,131.60s",78.43%,0.9666,0.0000,-0.5969,1.2199,+54.30%,Call,09/04/26,"2,345.00",0.60s,49.96%,-0.0019,0.0000,-0.0346,0.1236,+25.83%,Put,09/04/26
"2,126.60s",78.16%,0.9665,0.0000,-0.5955,1.2212,+54.04%,Call,09/04/26,"2,350.00",0.60s,49.80%,-0.0019,0.0000,-0.0346,0.1239,+25.67%,Put,09/04/26
"2,121.60s",77.90%,0.9665,0.0000,-0.5941,1.2225,+53.78%,Call,09/04/26,"2,355.00",0.60s,49.65%,-0.0019,0.0000,-0.0346,0.1243,+25.52%,Put,09/04/26
"2,116.60s",77.64%,0.9665,0.0000,-0.5927,1.2238,+53.52%,Call,09/04/26,"2,360.00",0.60s,49.50%,-0.0019,0.0000,-0.0346,0.1246,+25.37%,Put,09/04/26
"2,111.60s",77.38%,0.9665,0.0000,-0.5913,1.2251,+53.26%,Call,09/04/26,"2,365.00",0.60s,49.34%,-0.0019,0.0000,-0.0345,0.1250,+25.21%,Put,09/04/26
"2,106.60s",77.13%,0.9664,0.0000,-0.5899,1.2264,+53.00%,Call,09/04/26,"2,370.00",0.70s,49.94%,-0.0021,0.0000,-0.0394,0.1406,+25.81%,Put,09/04/26
"2,101.60s",76.87%,0.9664,0.0000,-0.5885,1.2277,+52.74%,Call,09/04/26,"2,375.00",0.70s,49.79%,-0.0022,0.0000,-0.0394,0.1410,+25.66%,Put,09/04/26
"2,096.60s",76.61%,0.9664,0.0000,-0.5871,1.2289,+52.48%,Call,09/04/26,"2,380.00",0.70s,49.63%,-0.0022,0.0000,-0.0394,0.1414,+25.51%,Put,09/04/26
"2,091.60s",76.35%,0.9663,0.0000,-0.5857,1.2302,+52.22%,Call,09/04/26,"2,385.00",0.70s,49.48%,-0.0022,0.0000,-0.0394,0.1418,+25.35%,Put,09/04/26
"2,086.60s",76.10%,0.9663,0.0000,-0.5843,1.2315,+51.97%,Call,09/04/26,"2,390.00",0.70s,49.33%,-0.0022,0.0000,-0.0393,0.1422,+25.20%,Put,09/04/26
"2,081.60s",75.84%,0.9663,0.0000,-0.5829,1.2328,+51.71%,Call,09/04/26,"2,395.00",0.70s,49.17%,-0.0022,0.0000,-0.0393,0.1426,+25.05%,Put,09/04/26
"2,076.60s",75.58%,0.9662,0.0000,-0.5814,1.2341,+51.46%,Call,09/04/26,"2,400.00",0.70s,49.02%,-0.0022,0.0000,-0.0393,0.1430,+24.89%,Put,09/04/26
"2,071.60s",75.33%,0.9662,0.0000,-0.5800,1.2354,+51.20%,Call,09/04/26,"2,405.00",0.70s,48.87%,-0.0022,0.0000,-0.0393,0.1434,+24.74%,Put,09/04/26
"2,066.60s",75.07%,0.9662,0.0000,-0.5786,1.2366,+50.95%,Call,09/04/26,"2,410.00",0.70s,48.72%,-0.0022,0.0000,-0.0392,0.1438,+24.59%,Put,09/04/26
"2,061.60s",74.82%,0.9661,0.0000,-0.5772,1.2379,+50.69%,Call,09/04/26,"2,415.00",0.70s,48.56%,-0.0022,0.0000,-0.0392,0.1442,+24.44%,Put,09/04/26
"2,056.60s",74.57%,0.9661,0.0000,-0.5758,1.2392,+50.44%,Call,09/04/26,"2,420.00",0.70s,48.41%,-0.0022,0.0000,-0.0392,0.1446,+24.28%,Put,09/04/26
"2,051.60s",74.31%,0.9661,0.0000,-0.5744,1.2405,+50.19%,Call,09/04/26,"2,425.00",0.70s,48.26%,-0.0022,0.0000,-0.0391,0.1450,+24.13%,Put,09/04/26
"2,046.60s",74.06%,0.9660,0.0000,-0.5730,1.2417,+49.93%,Call,09/04/26,"2,430.00",0.70s,48.11%,-0.0022,0.0000,-0.0391,0.1454,+23.98%,Put,09/04/26
"2,041.60s",73.81%,0.9660,0.0000,-0.5716,1.2430,+49.68%,Call,09/04/26,"2,435.00",0.70s,47.96%,-0.0022,0.0000,-0.0391,0.1458,+23.83%,Put,09/04/26
"2,036.60s",73.56%,0.9660,0.0000,-0.5702,1.2443,+49.43%,Call,09/04/26,"2,440.00",0.70s,47.81%,-0.0022,0.0000,-0.0391,0.1462,+23.68%,Put,09/04/26
"2,031.60s",73.31%,0.9659,0.0000,-0.5688,1.2456,+49.18%,Call,09/04/26,"2,445.00",0.70s,47.66%,-0.0022,0.0000,-0.0390,0.1466,+23.53%,Put,09/04/26
"2,026.60s",73.06%,0.9659,0.0000,-0.5674,1.2468,+48.93%,Call,09/04/26,"2,450.00",0.80s,48.16%,-0.0025,0.0000,-0.0438,0.1623,+24.03%,Put,09/04/26
"2,021.60s",72.81%,0.9659,0.0000,-0.5660,1.2481,+48.68%,Call,09/04/26,"2,455.00",0.80s,48.00%,-0.0025,0.0000,-0.0437,0.1628,+23.88%,Put,09/04/26
"2,016.60s",72.56%,0.9659,0.0000,-0.5646,1.2494,+48.43%,Call,09/04/26,"2,460.00",0.80s,47.85%,-0.0025,0.0000,-0.0437,0.1632,+23.73%,Put,09/04/26
"2,011.60s",72.31%,0.9658,0.0000,-0.5632,1.2506,+48.18%,Call,09/04/26,"2,465.00",0.80s,47.70%,-0.0025,0.0000,-0.0437,0.1637,+23.57%,Put,09/04/26
"2,006.60s",72.06%,0.9658,0.0000,-0.5618,1.2519,+47.94%,Call,09/04/26,"2,470.00",0.80s,47.55%,-0.0025,0.0000,-0.0436,0.1641,+23.42%,Put,09/04/26
"2,001.60s",71.82%,0.9658,0.0000,-0.5603,1.2531,+47.69%,Call,09/04/26,"2,475.00",0.80s,47.40%,-0.0026,0.0000,-0.0436,0.1646,+23.27%,Put,09/04/26
"1,996.60s",71.57%,0.9657,0.0000,-0.5589,1.2544,+47.44%,Call,09/04/26,"2,480.00",0.80s,47.25%,-0.0026,0.0000,-0.0436,0.1651,+23.12%,Put,09/04/26
"1,991.60s",71.32%,0.9657,0.0000,-0.5575,1.2557,+47.20%,Call,09/04/26,"2,485.00",0.80s,47.10%,-0.0026,0.0000,-0.0435,0.1655,+22.97%,Put,09/04/26
"1,986.60s",71.08%,0.9657,0.0000,-0.5561,1.2569,+46.95%,Call,09/04/26,"2,490.00",0.80s,46.95%,-0.0026,0.0000,-0.0435,0.1660,+22.82%,Put,09/04/26
"1,981.60s",70.83%,0.9656,0.0000,-0.5547,1.2582,+46.71%,Call,09/04/26,"2,495.00",0.80s,46.80%,-0.0026,0.0000,-0.0435,0.1664,+22.68%,Put,09/04/26
"1,976.60s",70.59%,0.9656,0.0000,-0.5533,1.2594,+46.46%,Call,09/04/26,"2,500.00",0.80s,46.65%,-0.0026,0.0000,-0.0434,0.1669,+22.53%,Put,09/04/26
"1,971.60s",70.34%,0.9656,0.0000,-0.5519,1.2607,+46.22%,Call,09/04/26,"2,505.00",0.80s,46.51%,-0.0026,0.0000,-0.0434,0.1674,+22.38%,Put,09/04/26
"1,966.60s",70.10%,0.9655,0.0000,-0.5505,1.2619,+45.97%,Call,09/04/26,"2,510.00",0.80s,46.36%,-0.0026,0.0000,-0.0434,0.1679,+22.23%,Put,09/04/26
"1,961.60s",69.86%,0.9655,0.0000,-0.5491,1.2632,+45.73%,Call,09/04/26,"2,515.00",0.90s,46.78%,-0.0029,0.0000,-0.0480,0.1836,+22.65%,Put,09/04/26
"1,956.60s",69.61%,0.9655,0.0000,-0.5476,1.2644,+45.49%,Call,09/04/26,"2,520.00",0.90s,46.63%,-0.0029,0.0000,-0.0479,0.1841,+22.50%,Put,09/04/26
"1,951.60s",69.37%,0.9654,0.0000,-0.5462,1.2657,+45.24%,Call,09/04/26,"2,525.00",0.90s,46.48%,-0.0029,0.0000,-0.0479,0.1846,+22.35%,Put,09/04/26
"1,946.60s",69.13%,0.9654,0.0000,-0.5448,1.2669,+45.00%,Call,09/04/26,"2,530.00",0.90s,46.33%,-0.0029,0.0000,-0.0479,0.1851,+22.20%,Put,09/04/26
"1,941.60s",68.89%,0.9654,0.0000,-0.5434,1.2682,+44.76%,Call,09/04/26,"2,535.00",0.90s,46.18%,-0.0029,0.0000,-0.0478,0.1857,+22.05%,Put,09/04/26
"1,936.60s",68.65%,0.9654,0.0000,-0.5420,1.2694,+44.52%,Call,09/04/26,"2,540.00",0.90s,46.03%,-0.0029,0.0000,-0.0478,0.1862,+21.91%,Put,09/04/26
"1,931.60s",68.41%,0.9653,0.0000,-0.5406,1.2707,+44.28%,Call,09/04/26,"2,545.00",0.90s,45.89%,-0.0029,0.0000,-0.0477,0.1867,+21.76%,Put,09/04/26
"1,926.60s",68.17%,0.9653,0.0000,-0.5392,1.2719,+44.04%,Call,09/04/26,"2,550.00",0.90s,45.74%,-0.0029,0.0000,-0.0477,0.1873,+21.61%,Put,09/04/26
"1,921.60s",67.93%,0.9653,0.0000,-0.5377,1.2732,+43.80%,Call,09/04/26,"2,555.00",0.90s,45.59%,-0.0030,0.0000,-0.0477,0.1878,+21.46%,Put,09/04/26
"1,916.60s",67.69%,0.9652,0.0000,-0.5363,1.2744,+43.56%,Call,09/04/26,"2,560.00",0.90s,45.44%,-0.0030,0.0000,-0.0476,0.1883,+21.32%,Put,09/04/26
"1,911.60s",67.45%,0.9652,0.0000,-0.5349,1.2756,+43.32%,Call,09/04/26,"2,565.00",0.90s,45.30%,-0.0030,0.0000,-0.0476,0.1889,+21.17%,Put,09/04/26
"1,906.60s",67.21%,0.9652,0.0000,-0.5335,1.2769,+43.09%,Call,09/04/26,"2,570.00",0.90s,45.15%,-0.0030,0.0000,-0.0475,0.1894,+21.02%,Put,09/04/26
"1,901.60s",66.98%,0.9651,0.0000,-0.5321,1.2781,+42.85%,Call,09/04/26,"2,575.00",1.00s,45.51%,-0.0033,0.0000,-0.0520,0.2051,+21.38%,Put,09/04/26
"1,896.60s",66.74%,0.9651,0.0000,-0.5307,1.2794,+42.61%,Call,09/04/26,"2,580.00",1.00s,45.36%,-0.0033,0.0000,-0.0520,0.2057,+21.24%,Put,09/04/26
"1,891.60s",66.50%,0.9651,0.0000,-0.5293,1.2806,+42.38%,Call,09/04/26,"2,585.00",1.00s,45.22%,-0.0033,0.0000,-0.0519,0.2063,+21.09%,Put,09/04/26
"1,886.60s",66.27%,0.9650,0.0000,-0.5278,1.2818,+42.14%,Call,09/04/26,"2,590.00",1.00s,45.07%,-0.0033,0.0000,-0.0519,0.2069,+20.94%,Put,09/04/26
"1,881.60s",66.03%,0.9650,0.0000,-0.5264,1.2831,+41.90%,Call,09/04/26,"2,595.00",1.00s,44.92%,-0.0033,0.0000,-0.0518,0.2075,+20.80%,Put,09/04/26
"1,876.60s",65.80%,0.9650,0.0000,-0.5250,1.2843,+41.67%,Call,09/04/26,"2,600.00",1.00s,44.78%,-0.0033,0.0000,-0.0518,0.2081,+20.65%,Put,09/04/26
"1,871.60s",65.56%,0.9650,0.0000,-0.5236,1.2855,+41.44%,Call,09/04/26,"2,605.00",1.00s,44.63%,-0.0033,0.0000,-0.0518,0.2087,+20.50%,Put,09/04/26
"1,866.60s",65.33%,0.9649,0.0000,-0.5222,1.2867,+41.20%,Call,09/04/26,"2,610.00",1.00s,44.49%,-0.0033,0.0000,-0.0517,0.2093,+20.36%,Put,09/04/26
"1,861.60s",65.10%,0.9649,0.0000,-0.5207,1.2880,+40.97%,Call,09/04/26,"2,615.00",1.00s,44.34%,-0.0033,0.0000,-0.0517,0.2099,+20.21%,Put,09/04/26
"1,856.60s",64.86%,0.9649,0.0000,-0.5193,1.2892,+40.73%,Call,09/04/26,"2,620.00",1.00s,44.19%,-0.0034,0.0000,-0.0516,0.2105,+20.07%,Put,09/04/26
"1,851.60s",64.63%,0.9648,0.0000,-0.5179,1.2904,+40.50%,Call,09/04/26,"2,625.00",1.10s,44.51%,-0.0036,0.0000,-0.0560,0.2262,+20.38%,Put,09/04/26
"1,846.60s",64.40%,0.9648,0.0000,-0.5165,1.2916,+40.27%,Call,09/04/26,"2,630.00",1.10s,44.36%,-0.0036,0.0000,-0.0559,0.2269,+20.23%,Put,09/04/26
"1,841.60s",64.17%,0.9648,0.0000,-0.5151,1.2929,+40.04%,Call,09/04/26,"2,635.00",1.10s,44.21%,-0.0037,0.0000,-0.0559,0.2275,+20.09%,Put,09/04/26
"1,836.60s",63.94%,0.9647,0.0000,-0.5136,1.2941,+39.81%,Call,09/04/26,"2,640.00",1.10s,44.07%,-0.0037,0.0000,-0.0558,0.2282,+19.94%,Put,09/04/26
"1,831.60s",63.70%,0.9647,0.0000,-0.5122,1.2953,+39.58%,Call,09/04/26,"2,645.00",1.10s,43.92%,-0.0037,0.0000,-0.0558,0.2288,+19.80%,Put,09/04/26
"1,826.60s",63.47%,0.9647,0.0000,-0.5108,1.2965,+39.35%,Call,09/04/26,"2,650.00",1.10s,43.78%,-0.0037,0.0000,-0.0558,0.2295,+19.65%,Put,09/04/26
"1,821.60s",63.24%,0.9647,0.0000,-0.5094,1.2977,+39.12%,Call,09/04/26,"2,655.00",1.10s,43.63%,-0.0037,0.0000,-0.0557,0.2302,+19.51%,Put,09/04/26
"1,816.60s",63.01%,0.9646,0.0000,-0.5080,1.2990,+38.89%,Call,09/04/26,"2,660.00",1.10s,43.49%,-0.0037,0.0000,-0.0557,0.2308,+19.36%,Put,09/04/26
"1,811.60s",62.79%,0.9646,0.0000,-0.5065,1.3002,+38.66%,Call,09/04/26,"2,665.00",1.10s,43.34%,-0.0037,0.0000,-0.0556,0.2315,+19.22%,Put,09/04/26
"1,806.60s",62.56%,0.9646,0.0000,-0.5051,1.3014,+38.43%,Call,09/04/26,"2,670.00",1.20s,43.62%,-0.0040,0.0000,-0.0599,0.2472,+19.49%,Put,09/04/26
"1,801.60s",62.33%,0.9645,0.0000,-0.5037,1.3026,+38.20%,Call,09/04/26,"2,675.00",1.20s,43.47%,-0.0040,0.0000,-0.0598,0.2479,+19.34%,Put,09/04/26
"1,796.60s",62.10%,0.9645,0.0000,-0.5023,1.3038,+37.97%,Call,09/04/26,"2,680.00",1.20s,43.33%,-0.0040,0.0000,-0.0598,0.2487,+19.20%,Put,09/04/26
"1,791.60s",61.87%,0.9645,0.0000,-0.5008,1.3050,+37.75%,Call,09/04/26,"2,685.00",1.20s,43.18%,-0.0041,0.0000,-0.0597,0.2494,+19.06%,Put,09/04/26
"1,786.60s",61.65%,0.9644,0.0000,-0.4994,1.3062,+37.52%,Call,09/04/26,"2,690.00",1.20s,43.04%,-0.0041,0.0000,-0.0597,0.2501,+18.91%,Put,09/04/26
"1,781.60s",61.42%,0.9644,0.0000,-0.4980,1.3075,+37.29%,Call,09/04/26,"2,695.00",1.20s,42.90%,-0.0041,0.0000,-0.0596,0.2508,+18.77%,Put,09/04/26
"1,776.60s",61.20%,0.9644,0.0000,-0.4966,1.3087,+37.07%,Call,09/04/26,"2,700.00",1.20s,42.75%,-0.0041,0.0000,-0.0595,0.2516,+18.62%,Put,09/04/26
"1,771.60s",60.97%,0.9643,0.0000,-0.4952,1.3099,+36.84%,Call,09/04/26,"2,705.00",1.20s,42.61%,-0.0041,0.0000,-0.0595,0.2523,+18.48%,Put,09/04/26
"1,766.60s",60.75%,0.9643,0.0000,-0.4937,1.3111,+36.62%,Call,09/04/26,"2,710.00",1.30s,42.85%,-0.0044,0.0000,-0.0637,0.2680,+18.72%,Put,09/04/26
"1,761.60s",60.52%,0.9643,0.0000,-0.4923,1.3123,+36.39%,Call,09/04/26,"2,715.00",1.30s,42.70%,-0.0044,0.0000,-0.0636,0.2688,+18.58%,Put,09/04/26
"1,756.60s",60.30%,0.9643,0.0001,-0.4909,1.3135,+36.17%,Call,09/04/26,"2,720.00",1.30s,42.56%,-0.0044,0.0000,-0.0635,0.2696,+18.43%,Put,09/04/26
"1,751.60s",60.07%,0.9642,0.0001,-0.4895,1.3147,+35.94%,Call,09/04/26,"2,725.00",1.30s,42.42%,-0.0044,0.0000,-0.0635,0.2704,+18.29%,Put,09/04/26
"1,746.60s",59.85%,0.9642,0.0001,-0.4880,1.3159,+35.72%,Call,09/04/26,"2,730.00",1.30s,42.27%,-0.0044,0.0000,-0.0634,0.2712,+18.15%,Put,09/04/26
"1,741.60s",59.63%,0.9642,0.0001,-0.4866,1.3171,+35.50%,Call,09/04/26,"2,735.00",1.30s,42.13%,-0.0045,0.0000,-0.0634,0.2719,+18.00%,Put,09/04/26
"1,736.60s",59.40%,0.9641,0.0001,-0.4852,1.3183,+35.28%,Call,09/04/26,"2,740.00",1.30s,41.99%,-0.0045,0.0000,-0.0633,0.2727,+17.86%,Put,09/04/26
"1,731.60s",59.18%,0.9641,0.0001,-0.4837,1.3195,+35.05%,Call,09/04/26,"2,745.00",1.40s,42.20%,-0.0048,0.0000,-0.0674,0.2884,+18.07%,Put,09/04/26
"1,726.60s",58.96%,0.9641,0.0001,-0.4823,1.3207,+34.83%,Call,09/04/26,"2,750.00",1.40s,42.06%,-0.0048,0.0000,-0.0673,0.2893,+17.93%,Put,09/04/26
"1,721.60s",58.74%,0.9640,0.0001,-0.4809,1.3219,+34.61%,Call,09/04/26,"2,755.00",1.40s,41.91%,-0.0048,0.0000,-0.0673,0.2901,+17.79%,Put,09/04/26
"1,716.60s",58.52%,0.9640,0.0001,-0.4795,1.3231,+34.39%,Call,09/04/26,"2,760.00",1.40s,41.77%,-0.0048,0.0000,-0.0672,0.2910,+17.64%,Put,09/04/26
"1,711.60s",58.30%,0.9640,0.0001,-0.4780,1.3243,+34.17%,Call,09/04/26,"2,765.00",1.40s,41.63%,-0.0048,0.0000,-0.0671,0.2918,+17.50%,Put,09/04/26
"1,706.60s",58.08%,0.9640,0.0001,-0.4766,1.3255,+33.95%,Call,09/04/26,"2,770.00",1.40s,41.48%,-0.0048,0.0000,-0.0671,0.2927,+17.36%,Put,09/04/26
"1,701.60s",57.86%,0.9639,0.0001,-0.4752,1.3266,+33.73%,Call,09/04/26,"2,775.00",1.40s,41.34%,-0.0049,0.0000,-0.0670,0.2936,+17.21%,Put,09/04/26
"1,696.60s",57.64%,0.9639,0.0001,-0.4738,1.3278,+33.51%,Call,09/04/26,"2,780.00",1.50s,41.53%,-0.0052,0.0000,-0.0710,0.3092,+17.40%,Put,09/04/26
"1,691.60s",57.42%,0.9639,0.0001,-0.4723,1.3290,+33.29%,Call,09/04/26,"2,785.00",1.50s,41.39%,-0.0052,0.0000,-0.0709,0.3101,+17.26%,Put,09/04/26
"1,686.60s",57.20%,0.9638,0.0001,-0.4709,1.3302,+33.07%,Call,09/04/26,"2,790.00",1.50s,41.25%,-0.0052,0.0000,-0.0709,0.3111,+17.12%,Put,09/04/26
"1,681.60s",56.98%,0.9638,0.0001,-0.4695,1.3314,+32.86%,Call,09/04/26,"2,795.00",1.50s,41.10%,-0.0052,0.0000,-0.0708,0.3120,+16.98%,Put,09/04/26
"1,676.60s",56.77%,0.9638,0.0001,-0.4680,1.3326,+32.64%,Call,09/04/26,"2,800.00",1.50s,40.96%,-0.0052,0.0000,-0.0707,0.3129,+16.83%,Put,09/04/26
"1,671.60s",56.55%,0.9637,0.0001,-0.4666,1.3338,+32.42%,Call,09/04/26,"2,805.00",1.50s,40.82%,-0.0052,0.0000,-0.0707,0.3138,+16.69%,Put,09/04/26
"1,666.60s",56.33%,0.9637,0.0001,-0.4652,1.3350,+32.21%,Call,09/04/26,"2,810.00",1.60s,40.99%,-0.0055,0.0000,-0.0746,0.3295,+16.86%,Put,09/04/26
"1,661.60s",56.12%,0.9637,0.0001,-0.4638,1.3361,+31.99%,Call,09/04/26,"2,815.00",1.60s,40.85%,-0.0056,0.0000,-0.0745,0.3304,+16.72%,Put,09/04/26
"1,656.60s",55.90%,0.9637,0.0001,-0.4623,1.3373,+31.77%,Call,09/04/26,"2,820.00",1.60s,40.70%,-0.0056,0.0000,-0.0744,0.3314,+16.58%,Put,09/04/26
"1,651.60s",55.69%,0.9636,0.0001,-0.4609,1.3385,+31.56%,Call,09/04/26,"2,825.00",1.60s,40.56%,-0.0056,0.0000,-0.0744,0.3324,+16.43%,Put,09/04/26
"1,646.60s",55.47%,0.9636,0.0001,-0.4595,1.3397,+31.34%,Call,09/04/26,"2,830.00",1.60s,40.42%,-0.0056,0.0000,-0.0743,0.3334,+16.29%,Put,09/04/26
"1,641.60s",55.26%,0.9636,0.0001,-0.4580,1.3409,+31.13%,Call,09/04/26,"2,835.00",1.60s,40.28%,-0.0056,0.0000,-0.0742,0.3344,+16.15%,Put,09/04/26
"1,636.60s",55.04%,0.9635,0.0001,-0.4566,1.3420,+30.91%,Call,09/04/26,"2,840.00",1.70s,40.43%,-0.0059,0.0000,-0.0781,0.3500,+16.30%,Put,09/04/26
"1,631.60s",54.83%,0.9635,0.0001,-0.4552,1.3432,+30.70%,Call,09/04/26,"2,845.00",1.70s,40.29%,-0.0059,0.0000,-0.0780,0.3511,+16.16%,Put,09/04/26
"1,626.60s",54.61%,0.9635,0.0001,-0.4537,1.3444,+30.49%,Call,09/04/26,"2,850.00",1.70s,40.15%,-0.0060,0.0000,-0.0779,0.3521,+16.02%,Put,09/04/26
"1,621.60s",54.40%,0.9635,0.0001,-0.4523,1.3456,+30.27%,Call,09/04/26,"2,855.00",1.70s,40.00%,-0.0060,0.0000,-0.0778,0.3532,+15.88%,Put,09/04/26
"1,616.60s",54.19%,0.9634,0.0001,-0.4509,1.3467,+30.06%,Call,09/04/26,"2,860.00",1.70s,39.86%,-0.0060,0.0000,-0.0777,0.3543,+15.73%,Put,09/04/26
"1,611.60s",53.98%,0.9634,0.0001,-0.4494,1.3479,+29.85%,Call,09/04/26,"2,865.00",1.80s,40.00%,-0.0063,0.0000,-0.0815,0.3698,+15.87%,Put,09/04/26
"1,606.60s",53.76%,0.9634,0.0001,-0.4480,1.3491,+29.64%,Call,09/04/26,"2,870.00",1.80s,39.86%,-0.0063,0.0000,-0.0814,0.3710,+15.73%,Put,09/04/26
"1,601.60s",53.55%,0.9633,0.0001,-0.4466,1.3503,+29.42%,Call,09/04/26,"2,875.00",1.80s,39.71%,-0.0064,0.0000,-0.0814,0.3721,+15.59%,Put,09/04/26
"1,596.60s",53.34%,0.9633,0.0001,-0.4451,1.3514,+29.21%,Call,09/04/26,"2,880.00",1.80s,39.57%,-0.0064,0.0000,-0.0813,0.3732,+15.45%,Put,09/04/26
"1,591.60s",53.13%,0.9633,0.0001,-0.4437,1.3526,+29.00%,Call,09/04/26,"2,885.00",1.80s,39.43%,-0.0064,0.0000,-0.0812,0.3743,+15.30%,Put,09/04/26
"1,586.60s",52.92%,0.9632,0.0001,-0.4423,1.3538,+28.79%,Call,09/04/26,"2,890.00",1.90s,39.55%,-0.0067,0.0000,-0.0849,0.3899,+15.42%,Put,09/04/26
"1,581.60s",52.71%,0.9632,0.0001,-0.4408,1.3549,+28.58%,Call,09/04/26,"2,895.00",1.90s,39.41%,-0.0067,0.0000,-0.0848,0.3911,+15.28%,Put,09/04/26
"1,576.60s",52.50%,0.9632,0.0001,-0.4394,1.3561,+28.37%,Call,09/04/26,"2,900.00",1.90s,39.27%,-0.0067,0.0000,-0.0847,0.3923,+15.14%,Put,09/04/26
"1,571.60s",52.29%,0.9632,0.0001,-0.4380,1.3573,+28.16%,Call,09/04/26,"2,905.00",1.90s,39.13%,-0.0068,0.0000,-0.0846,0.3935,+15.00%,Put,09/04/26
"1,566.60s",52.08%,0.9631,0.0001,-0.4365,1.3584,+27.95%,Call,09/04/26,"2,910.00",1.90s,38.99%,-0.0068,0.0000,-0.0846,0.3947,+14.86%,Put,09/04/26
"1,561.60s",51.87%,0.9631,0.0001,-0.4351,1.3596,+27.75%,Call,09/04/26,"2,915.00",2.00s,39.10%,-0.0071,0.0000,-0.0882,0.4102,+14.97%,Put,09/04/26
"1,556.60s",51.66%,0.9631,0.0001,-0.4337,1.3607,+27.54%,Call,09/04/26,"2,920.00",2.00s,38.96%,-0.0071,0.0000,-0.0881,0.4115,+14.83%,Put,09/04/26
"1,551.60s",51.46%,0.9630,0.0001,-0.4322,1.3619,+27.33%,Call,09/04/26,"2,925.00",2.00s,38.81%,-0.0071,0.0000,-0.0880,0.4127,+14.69%,Put,09/04/26
"1,546.60s",51.25%,0.9630,0.0001,-0.4308,1.3631,+27.12%,Call,09/04/26,"2,930.00",2.00s,38.67%,-0.0072,0.0000,-0.0879,0.4140,+14.55%,Put,09/04/26
"1,541.60s",51.04%,0.9630,0.0001,-0.4294,1.3642,+26.91%,Call,09/04/26,"2,935.00",2.10s,38.77%,-0.0075,0.0000,-0.0915,0.4295,+14.64%,Put,09/04/26
"1,536.60s",50.84%,0.9630,0.0001,-0.4279,1.3654,+26.71%,Call,09/04/26,"2,940.00",2.10s,38.63%,-0.0075,0.0000,-0.0914,0.4308,+14.50%,Put,09/04/26
"1,531.60s",50.63%,0.9629,0.0001,-0.4265,1.3665,+26.50%,Call,09/04/26,"2,945.00",2.10s,38.49%,-0.0075,0.0000,-0.0913,0.4321,+14.36%,Put,09/04/26
"1,526.60s",50.42%,0.9629,0.0001,-0.4251,1.3677,+26.30%,Call,09/04/26,"2,950.00",2.10s,38.35%,-0.0076,0.0000,-0.0912,0.4335,+14.22%,Put,09/04/26
"1,521.60s",50.22%,0.9629,0.0001,-0.4236,1.3689,+26.09%,Call,09/04/26,"2,955.00",2.10s,38.21%,-0.0076,0.0000,-0.0911,0.4348,+14.08%,Put,09/04/26
"1,516.60s",50.01%,0.9628,0.0001,-0.4222,1.3700,+25.88%,Call,09/04/26,"2,960.00",2.20s,38.29%,-0.0079,0.0000,-0.0947,0.4503,+14.17%,Put,09/04/26
"1,511.60s",49.81%,0.9628,0.0001,-0.4208,1.3712,+25.68%,Call,09/04/26,"2,965.00",2.20s,38.15%,-0.0079,0.0000,-0.0946,0.4517,+14.02%,Put,09/04/26
"1,506.60s",49.60%,0.9628,0.0001,-0.4193,1.3723,+25.47%,Call,09/04/26,"2,970.00",2.20s,38.01%,-0.0079,0.0000,-0.0945,0.4531,+13.88%,Put,09/04/26
"1,501.60s",49.40%,0.9627,0.0001,-0.4179,1.3735,+25.27%,Call,09/04/26,"2,975.00",2.20s,37.87%,-0.0080,0.0000,-0.0944,0.4545,+13.74%,Put,09/04/26
"1,496.60s",49.19%,0.9627,0.0001,-0.4164,1.3746,+25.07%,Call,09/04/26,"2,980.00",2.30s,37.95%,-0.0083,0.0000,-0.0979,0.4700,+13.82%,Put,09/04/26
"1,491.60s",48.99%,0.9627,0.0001,-0.4150,1.3758,+24.86%,Call,09/04/26,"2,985.00",2.30s,37.81%,-0.0083,0.0000,-0.0978,0.4715,+13.68%,Put,09/04/26
"1,486.60s",48.79%,0.9627,0.0001,-0.4136,1.3769,+24.66%,Call,09/04/26,"2,990.00",2.30s,37.67%,-0.0083,0.0000,-0.0976,0.4730,+13.54%,Put,09/04/26
"1,481.60s",48.59%,0.9626,0.0001,-0.4121,1.3781,+24.46%,Call,09/04/26,"2,995.00",2.30s,37.53%,-0.0084,0.0000,-0.0975,0.4744,+13.40%,Put,09/04/26
"1,476.60s",48.38%,0.9626,0.0001,-0.4107,1.3792,+24.25%,Call,09/04/26,"3,000.00",2.30s,37.59%,-0.0087,0.0000,-0.1010,0.4900,+13.47%,Put,09/04/26
"1,471.60s",48.18%,0.9626,0.0001,-0.4093,1.3803,+24.05%,Call,09/04/26,"3,005.00",2.40s,37.45%,-0.0087,0.0000,-0.1009,0.4915,+13.33%,Put,09/04/26
"1,466.60s",47.98%,0.9625,0.0001,-0.4078,1.3815,+23.85%,Call,09/04/26,"3,010.00",2.40s,37.31%,-0.0087,0.0000,-0.1007,0.4930,+13.19%,Put,09/04/26
"1,461.60s",47.78%,0.9625,0.0001,-0.4064,1.3826,+23.65%,Call,09/04/26,"3,015.00",2.40s,37.17%,-0.0088,0.0000,-0.1006,0.4946,+13.05%,Put,09/04/26
"1,456.60s",47.58%,0.9625,0.0001,-0.4049,1.3838,+23.45%,Call,09/04/26,"3,020.00",2.50s,37.23%,-0.0091,0.0000,-0.1040,0.5101,+13.11%,Put,09/04/26
"1,451.60s",47.38%,0.9625,0.0001,-0.4035,1.3849,+23.25%,Call,09/04/26,"3,025.00",2.50s,37.09%,-0.0091,0.0000,-0.1039,0.5117,+12.97%,Put,09/04/26
"1,446.60s",47.17%,0.9624,0.0001,-0.4021,1.3861,+23.05%,Call,09/04/26,"3,030.00",2.50s,36.95%,-0.0092,0.0000,-0.1038,0.5133,+12.83%,Put,09/04/26
"1,441.60s",46.97%,0.9624,0.0001,-0.4006,1.3872,+22.85%,Call,09/04/26,"3,035.00",2.60s,37.01%,-0.0095,0.0000,-0.1071,0.5288,+12.88%,Put,09/04/26
"1,436.60s",46.78%,0.9624,0.0001,-0.3992,1.3883,+22.65%,Call,09/04/26,"3,040.00",2.60s,36.87%,-0.0095,0.0000,-0.1070,0.5304,+12.74%,Put,09/04/26
"1,431.60s",46.58%,0.9623,0.0001,-0.3977,1.3895,+22.45%,Call,09/04/26,"3,045.00",2.60s,36.73%,-0.0095,0.0000,-0.1069,0.5321,+12.60%,Put,09/04/26
"1,426.60s",46.38%,0.9623,0.0001,-0.3963,1.3906,+22.25%,Call,09/04/26,"3,050.00",2.60s,36.59%,-0.0096,0.0000,-0.1068,0.5338,+12.46%,Put,09/04/26
"1,421.60s",46.18%,0.9623,0.0001,-0.3949,1.3917,+22.05%,Call,09/04/26,"3,055.00",2.70s,36.63%,-0.0099,0.0000,-0.1101,0.5493,+12.50%,Put,09/04/26
"1,416.60s",45.98%,0.9623,0.0001,-0.3934,1.3929,+21.85%,Call,09/04/26,"3,060.00",2.70s,36.49%,-0.0099,0.0000,-0.1099,0.5510,+12.36%,Put,09/04/26
"1,411.60s",45.78%,0.9622,0.0001,-0.3920,1.3940,+21.65%,Call,09/04/26,"3,065.00",2.70s,36.35%,-0.0100,0.0000,-0.1098,0.5528,+12.22%,Put,09/04/26
"1,406.60s",45.58%,0.9622,0.0001,-0.3905,1.3951,+21.46%,Call,09/04/26,"3,070.00",2.80s,36.39%,-0.0103,0.0000,-0.1131,0.5683,+12.26%,Put,09/04/26
"1,401.60s",45.39%,0.9622,0.0001,-0.3891,1.3963,+21.26%,Call,09/04/26,"3,075.00",2.80s,36.25%,-0.0103,0.0000,-0.1129,0.5701,+12.12%,Put,09/04/26
"1,396.60s",45.19%,0.9621,0.0001,-0.3877,1.3974,+21.06%,Call,09/04/26,"3,080.00",2.80s,36.11%,-0.0104,0.0000,-0.1128,0.5719,+11.98%,Put,09/04/26
"1,391.60s",44.99%,0.9621,0.0001,-0.3862,1.3985,+20.86%,Call,09/04/26,"3,085.00",2.90s,36.14%,-0.0107,0.0000,-0.1160,0.5874,+12.01%,Put,09/04/26
"1,386.60s",44.80%,0.9621,0.0001,-0.3848,1.3997,+20.67%,Call,09/04/26,"3,090.00",2.90s,36.00%,-0.0107,0.0000,-0.1159,0.5893,+11.88%,Put,09/04/26
"1,381.60s",44.60%,0.9621,0.0001,-0.3833,1.4008,+20.47%,Call,09/04/26,"3,095.00",2.90s,35.86%,-0.0108,0.0000,-0.1157,0.5912,+11.74%,Put,09/04/26
"1,376.60s",44.40%,0.9620,0.0001,-0.3819,1.4019,+20.28%,Call,09/04/26,"3,100.00",2.90s,35.72%,-0.0108,0.0000,-0.1156,0.5931,+11.60%,Put,09/04/26
"1,371.60s",44.21%,0.9620,0.0001,-0.3805,1.4031,+20.08%,Call,09/04/26,"3,105.00",3.00s,35.75%,-0.0111,0.0000,-0.1187,0.6086,+11.62%,Put,09/04/26
"1,366.60s",44.01%,0.9620,0.0001,-0.3790,1.4042,+19.89%,Call,09/04/26,"3,110.00",3.00s,35.61%,-0.0112,0.0000,-0.1186,0.6105,+11.48%,Put,09/04/26
"1,361.60s",43.82%,0.9619,0.0001,-0.3776,1.4053,+19.69%,Call,09/04/26,"3,115.00",3.00s,35.47%,-0.0112,0.0000,-0.1184,0.6125,+11.34%,Put,09/04/26
"1,356.70s",43.70%,0.9617,0.0001,-0.3788,1.4136,+19.57%,Call,09/04/26,"3,120.00",3.10s,35.49%,-0.0115,0.0000,-0.1216,0.6280,+11.37%,Put,09/04/26
"1,351.70s",43.50%,0.9617,0.0001,-0.3773,1.4148,+19.37%,Call,09/04/26,"3,125.00",3.10s,35.35%,-0.0116,0.0000,-0.1214,0.6301,+11.23%,Put,09/04/26
"1,346.70s",43.31%,0.9617,0.0001,-0.3759,1.4160,+19.18%,Call,09/04/26,"3,130.00",3.10s,35.21%,-0.0116,0.0000,-0.1213,0.6321,+11.09%,Put,09/04/26
"1,341.70s",43.11%,0.9616,0.0001,-0.3744,1.4171,+18.99%,Call,09/04/26,"3,135.00",3.20s,35.23%,-0.0120,0.0000,-0.1244,0.6477,+11.10%,Put,09/04/26
"1,336.70s",42.92%,0.9616,0.0001,-0.3730,1.4183,+18.79%,Call,09/04/26,"3,140.00",3.20s,35.09%,-0.0120,0.0000,-0.1242,0.6498,+10.96%,Put,09/04/26
"1,331.70s",42.73%,0.9616,0.0001,-0.3716,1.4194,+18.60%,Call,09/04/26,"3,145.00",3.30s,35.10%,-0.0123,0.0000,-0.1273,0.6653,+10.98%,Put,09/04/26
"1,326.70s",42.53%,0.9615,0.0001,-0.3701,1.4206,+18.41%,Call,09/04/26,"3,150.00",3.30s,34.96%,-0.0124,0.0000,-0.1271,0.6674,+10.84%,Put,09/04/26
"1,321.70s",42.34%,0.9615,0.0001,-0.3687,1.4217,+18.21%,Call,09/04/26,"3,155.00",3.30s,34.82%,-0.0124,0.0000,-0.1269,0.6696,+10.70%,Put,09/04/26
"1,316.80s",42.22%,0.9613,0.0001,-0.3698,1.4303,+18.09%,Call,09/04/26,"3,160.00",3.40s,34.83%,-0.0128,0.0000,-0.1300,0.6851,+10.70%,Put,09/04/26
"1,311.80s",42.03%,0.9613,0.0001,-0.3684,1.4315,+17.90%,Call,09/04/26,"3,165.00",3.40s,34.69%,-0.0128,0.0000,-0.1298,0.6874,+10.57%,Put,09/04/26
"1,306.80s",41.84%,0.9612,0.0001,-0.3670,1.4327,+17.71%,Call,09/04/26,"3,170.00",3.40s,34.55%,-0.0129,0.0000,-0.1296,0.6896,+10.43%,Put,09/04/26
"1,301.80s",41.65%,0.9612,0.0001,-0.3655,1.4339,+17.52%,Call,09/04/26,"3,175.00",3.50s,34.56%,-0.0132,0.0000,-0.1326,0.7052,+10.43%,Put,09/04/26
"1,296.80s",41.46%,0.9612,0.0001,-0.3641,1.4351,+17.33%,Call,09/04/26,"3,180.00",3.50s,34.42%,-0.0132,0.0000,-0.1324,0.7075,+10.29%,Put,09/04/26
"1,291.80s",41.27%,0.9611,0.0001,-0.3626,1.4362,+17.14%,Call,09/04/26,"3,185.00",3.60s,34.42%,-0.0136,0.0000,-0.1354,0.7230,+10.29%,Put,09/04/26
"1,286.90s",41.14%,0.9609,0.0001,-0.3638,1.4450,+17.02%,Call,09/04/26,"3,190.00",3.60s,34.28%,-0.0136,0.0000,-0.1352,0.7254,+10.15%,Put,09/04/26
"1,281.90s",40.95%,0.9609,0.0001,-0.3624,1.4463,+16.83%,Call,09/04/26,"3,195.00",3.60s,34.14%,-0.0137,0.0000,-0.1350,0.7278,+10.01%,Put,09/04/26
"1,276.90s",40.76%,0.9609,0.0001,-0.3609,1.4475,+16.64%,Call,09/04/26,"3,200.00",3.70s,34.14%,-0.0140,0.0001,-0.1379,0.7434,+10.01%,Put,09/04/26
"1,271.90s",40.58%,0.9608,0.0001,-0.3595,1.4487,+16.45%,Call,09/04/26,"3,205.00",3.70s,34.00%,-0.0141,0.0001,-0.1377,0.7459,+9.87%,Put,09/04/26
"1,267.00s",40.46%,0.9606,0.0001,-0.3606,1.4576,+16.33%,Call,09/04/26,"3,210.00",3.80s,33.99%,-0.0144,0.0001,-0.1406,0.7614,+9.86%,Put,09/04/26
"1,262.00s",40.27%,0.9606,0.0001,-0.3592,1.4589,+16.14%,Call,09/04/26,"3,215.00",3.80s,33.85%,-0.0145,0.0001,-0.1404,0.7640,+9.72%,Put,09/04/26
"1,257.00s",40.08%,0.9605,0.0001,-0.3577,1.4601,+15.95%,Call,09/04/26,"3,220.00",3.80s,33.71%,-0.0145,0.0001,-0.1402,0.7665,+9.58%,Put,09/04/26
"1,252.00s",39.89%,0.9605,0.0001,-0.3563,1.4614,+15.76%,Call,09/04/26,"3,225.00",3.90s,33.70%,-0.0149,0.0001,-0.1431,0.7821,+9.57%,Put,09/04/26
"1,247.10s",39.77%,0.9603,0.0001,-0.3575,1.4705,+15.64%,Call,09/04/26,"3,230.00",3.90s,33.56%,-0.0149,0.0001,-0.1429,0.7848,+9.43%,Put,09/04/26
"1,242.10s",39.58%,0.9602,0.0001,-0.3560,1.4718,+15.45%,Call,09/04/26,"3,235.00",4.00s,33.55%,-0.0153,0.0001,-0.1457,0.8004,+9.42%,Put,09/04/26
"1,237.10s",39.39%,0.9602,0.0001,-0.3546,1.4731,+15.27%,Call,09/04/26,"3,240.00",4.00s,33.41%,-0.0153,0.0001,-0.1455,0.8031,+9.28%,Put,09/04/26
"1,232.10s",39.21%,0.9602,0.0001,-0.3531,1.4743,+15.08%,Call,09/04/26,"3,245.00",4.10s,33.39%,-0.0157,0.0001,-0.1483,0.8187,+9.26%,Put,09/04/26
"1,227.20s",39.09%,0.9599,0.0001,-0.3543,1.4836,+14.96%,Call,09/04/26,"3,250.00",4.10s,33.25%,-0.0157,0.0001,-0.1481,0.8214,+9.12%,Put,09/04/26
"1,222.20s",38.90%,0.9599,0.0001,-0.3528,1.4849,+14.77%,Call,09/04/26,"3,255.00",4.20s,33.23%,-0.0161,0.0001,-0.1508,0.8371,+9.10%,Put,09/04/26
"1,217.20s",38.72%,0.9599,0.0001,-0.3514,1.4862,+14.59%,Call,09/04/26,"3,260.00",4.20s,33.09%,-0.0162,0.0001,-0.1506,0.8399,+8.96%,Put,09/04/26
"1,212.30s",38.60%,0.9596,0.0001,-0.3525,1.4956,+14.47%,Call,09/04/26,"3,265.00",4.30s,33.07%,-0.0165,0.0001,-0.1534,0.8555,+8.94%,Put,09/04/26
"1,207.30s",38.41%,0.9596,0.0001,-0.3511,1.4970,+14.28%,Call,09/04/26,"3,270.00",4.30s,32.93%,-0.0166,0.0001,-0.1531,0.8584,+8.80%,Put,09/04/26
"1,202.30s",38.23%,0.9595,0.0001,-0.3496,1.4983,+14.10%,Call,09/04/26,"3,275.00",4.40s,32.90%,-0.0169,0.0001,-0.1558,0.8741,+8.78%,Put,09/04/26
"1,197.40s",38.11%,0.9593,0.0001,-0.3508,1.5078,+13.98%,Call,09/04/26,"3,280.00",4.40s,32.76%,-0.0170,0.0001,-0.1556,0.8771,+8.64%,Put,09/04/26
"1,192.40s",37.92%,0.9593,0.0001,-0.3493,1.5092,+13.79%,Call,09/04/26,"3,285.00",4.50s,32.74%,-0.0174,0.0001,-0.1583,0.8927,+8.61%,Put,09/04/26
"1,187.50s",37.80%,0.9590,0.0001,-0.3504,1.5187,+13.68%,Call,09/04/26,"3,290.00",4.50s,32.60%,-0.0174,0.0001,-0.1580,0.8958,+8.47%,Put,09/04/26
"1,182.50s",37.62%,0.9590,0.0001,-0.3490,1.5202,+13.49%,Call,09/04/26,"3,295.00",4.60s,32.57%,-0.0178,0.0001,-0.1607,0.9115,+8.44%,Put,09/04/26
"1,177.50s",37.44%,0.9589,0.0001,-0.3475,1.5217,+13.31%,Call,09/04/26,"3,300.00",4.60s,32.43%,-0.0179,0.0001,-0.1604,0.9146,+8.30%,Put,09/04/26
"1,172.60s",37.32%,0.9587,0.0001,-0.3487,1.5313,+13.19%,Call,09/04/26,"3,305.00",4.70s,32.40%,-0.0182,0.0001,-0.1631,0.9303,+8.27%,Put,09/04/26
"1,167.60s",37.13%,0.9586,0.0001,-0.3472,1.5328,+13.01%,Call,09/04/26,"3,310.00",4.70s,32.26%,-0.0183,0.0001,-0.1628,0.9335,+8.13%,Put,09/04/26
"1,162.70s",37.02%,0.9584,0.0001,-0.3483,1.5426,+12.89%,Call,09/04/26,"3,315.00",4.80s,32.22%,-0.0187,0.0001,-0.1654,0.9493,+8.09%,Put,09/04/26
"1,157.70s",36.83%,0.9583,0.0001,-0.3469,1.5441,+12.70%,Call,09/04/26,"3,320.00",4.90s,32.19%,-0.0190,0.0001,-0.1680,0.9650,+8.06%,Put,09/04/26
"1,152.80s",36.71%,0.9581,0.0001,-0.3480,1.5539,+12.59%,Call,09/04/26,"3,325.00",4.90s,32.05%,-0.0191,0.0001,-0.1677,0.9683,+7.92%,Put,09/04/26
"1,147.80s",36.53%,0.9580,0.0001,-0.3465,1.5555,+12.40%,Call,09/04/26,"3,330.00",5.00s,32.01%,-0.0195,0.0001,-0.1703,0.9841,+7.88%,Put,09/04/26
"1,142.90s",36.41%,0.9578,0.0001,-0.3476,1.5654,+12.28%,Call,09/04/26,"3,335.00",5.00s,31.87%,-0.0195,0.0001,-0.1700,0.9875,+7.74%,Put,09/04/26
"1,137.90s",36.23%,0.9577,0.0001,-0.3462,1.5671,+12.10%,Call,09/04/26,"3,340.00",5.10s,31.83%,-0.0199,0.0001,-0.1725,1.0033,+7.70%,Put,09/04/26
"1,133.00s",36.11%,0.9575,0.0001,-0.3473,1.5770,+11.98%,Call,09/04/26,"3,345.00",5.20s,31.78%,-0.0203,0.0001,-0.1750,1.0190,+7.66%,Put,09/04/26
"1,128.00s",35.93%,0.9574,0.0001,-0.3458,1.5787,+11.80%,Call,09/04/26,"3,350.00",5.20s,31.64%,-0.0204,0.0001,-0.1747,1.0226,+7.52%,Put,09/04/26
"1,123.10s",35.81%,0.9572,0.0001,-0.3469,1.5888,+11.68%,Call,09/04/26,"3,355.00",5.30s,31.60%,-0.0207,0.0001,-0.1772,1.0384,+7.47%,Put,09/04/26
"1,118.10s",35.63%,0.9571,0.0001,-0.3455,1.5906,+11.50%,Call,09/04/26,"3,360.00",5.30s,31.46%,-0.0208,0.0001,-0.1769,1.0421,+7.33%,Put,09/04/26
"1,113.20s",35.51%,0.9568,0.0001,-0.3465,1.6007,+11.39%,Call,09/04/26,"3,365.00",5.40s,31.41%,-0.0212,0.0001,-0.1793,1.0579,+7.29%,Put,09/04/26
"1,108.20s",35.33%,0.9568,0.0001,-0.3451,1.6025,+11.20%,Call,09/04/26,"3,370.00",5.50s,31.37%,-0.0216,0.0001,-0.1817,1.0738,+7.24%,Put,09/04/26
"1,103.30s",35.21%,0.9565,0.0001,-0.3461,1.6128,+11.09%,Call,09/04/26,"3,375.00",5.50s,31.23%,-0.0217,0.0001,-0.1814,1.0776,+7.10%,Put,09/04/26
"1,098.40s",35.10%,0.9563,0.0001,-0.3472,1.6230,+10.97%,Call,09/04/26,"3,380.00",5.60s,31.18%,-0.0220,0.0001,-0.1838,1.0935,+7.05%,Put,09/04/26
"1,093.40s",34.92%,0.9562,0.0001,-0.3458,1.6249,+10.79%,Call,09/04/26,"3,385.00",5.70s,31.13%,-0.0224,0.0001,-0.1862,1.1093,+7.00%,Put,09/04/26
"1,088.50s",34.80%,0.9559,0.0001,-0.3468,1.6353,+10.67%,Call,09/04/26,"3,390.00",5.80s,31.07%,-0.0228,0.0001,-0.1885,1.1252,+6.95%,Put,09/04/26
"1,083.50s",34.62%,0.9559,0.0001,-0.3454,1.6373,+10.49%,Call,09/04/26,"3,395.00",5.80s,30.93%,-0.0229,0.0001,-0.1882,1.1292,+6.81%,Put,09/04/26
"1,078.60s",34.50%,0.9556,0.0001,-0.3464,1.6477,+10.37%,Call,09/04/26,"3,400.00",6.40s,30.88%,-0.0233,0.0001,-0.1905,1.1452,+6.75%,Put,09/04/26
"1,073.70s",34.38%,0.9553,0.0001,-0.3474,1.6583,+10.25%,Call,09/04/26,"3,405.00",6.00s,30.83%,-0.0237,0.0001,-0.1928,1.1611,+6.70%,Put,09/04/26
"1,068.80s",34.26%,0.9550,0.0001,-0.3485,1.6688,+10.13%,Call,09/04/26,"3,410.00",6.10s,30.77%,-0.0241,0.0001,-0.1951,1.1771,+6.64%,Put,09/04/26
"1,063.80s",34.08%,0.9550,0.0001,-0.3470,1.6709,+9.96%,Call,09/04/26,"3,415.00",6.10s,30.63%,-0.0242,0.0001,-0.1948,1.1813,+6.50%,Put,09/04/26
"1,058.90s",33.96%,0.9547,0.0001,-0.3480,1.6816,+9.84%,Call,09/04/26,"3,420.00",6.20s,30.57%,-0.0246,0.0001,-0.1970,1.1973,+6.44%,Put,09/04/26
"1,054.00s",33.85%,0.9544,0.0001,-0.3490,1.6923,+9.72%,Call,09/04/26,"3,425.00",6.30s,30.51%,-0.0249,0.0001,-0.1993,1.2133,+6.38%,Put,09/04/26
"1,049.00s",33.67%,0.9543,0.0001,-0.3476,1.6945,+9.54%,Call,09/04/26,"3,430.00",6.40s,30.45%,-0.0253,0.0001,-0.2015,1.2293,+6.32%,Put,09/04/26
"1,044.10s",33.55%,0.9540,0.0001,-0.3486,1.7053,+9.42%,Call,09/04/26,"3,435.00",6.50s,30.39%,-0.0257,0.0001,-0.2037,1.2453,+6.26%,Put,09/04/26
"1,039.20s",33.43%,0.9538,0.0001,-0.3496,1.7162,+9.30%,Call,09/04/26,"3,440.00",6.50s,30.25%,-0.0258,0.0001,-0.2033,1.2499,+6.12%,Put,09/04/26
"1,034.30s",33.31%,0.9535,0.0001,-0.3506,1.7271,+9.18%,Call,09/04/26,"3,445.00",6.60s,30.18%,-0.0262,0.0001,-0.2055,1.2660,+6.06%,Put,09/04/26
"1,029.40s",33.19%,0.9532,0.0001,-0.3516,1.7381,+9.06%,Call,09/04/26,"3,450.00",6.70s,30.12%,-0.0266,0.0001,-0.2076,1.2821,+5.99%,Put,09/04/26
"1,024.50s",33.07%,0.9529,0.0001,-0.3525,1.7491,+8.94%,Call,09/04/26,"3,455.00",6.80s,30.06%,-0.0270,0.0001,-0.2098,1.2982,+5.93%,Put,09/04/26
"1,019.50s",32.89%,0.9528,0.0001,-0.3511,1.7516,+8.77%,Call,09/04/26,"3,460.00",6.90s,29.99%,-0.0274,0.0001,-0.2119,1.3143,+5.86%,Put,09/04/26
"1,014.60s",32.77%,0.9525,0.0001,-0.3521,1.7627,+8.65%,Call,09/04/26,"3,465.00",7.00s,29.92%,-0.0279,0.0001,-0.2140,1.3305,+5.79%,Put,09/04/26
"1,009.70s",32.65%,0.9522,0.0001,-0.3530,1.7739,+8.53%,Call,09/04/26,"3,470.00",7.10s,29.85%,-0.0283,0.0001,-0.2161,1.3467,+5.73%,Put,09/04/26
"1,004.80s",32.53%,0.9519,0.0001,-0.3540,1.7851,+8.41%,Call,09/04/26,"3,475.00",7.20s,29.79%,-0.0287,0.0001,-0.2181,1.3628,+5.66%,Put,09/04/26
999.90s,32.41%,0.9516,0.0001,-0.3549,1.7964,+8.29%,Call,09/04/26,"3,480.00",7.30s,29.71%,-0.0291,0.0001,-0.2202,1.3791,+5.59%,Put,09/04/26
995.00s,32.29%,0.9513,0.0001,-0.3559,1.8077,+8.17%,Call,09/04/26,"3,485.00",7.40s,29.64%,-0.0295,0.0001,-0.2222,1.3953,+5.52%,Put,09/04/26
990.10s,32.17%,0.9509,0.0001,-0.3568,1.8191,+8.04%,Call,09/04/26,"3,490.00",7.50s,29.57%,-0.0299,0.0001,-0.2242,1.4115,+5.44%,Put,09/04/26
985.20s,32.05%,0.9506,0.0001,-0.3577,1.8305,+7.92%,Call,09/04/26,"3,495.00",7.60s,29.50%,-0.0303,0.0001,-0.2262,1.4278,+5.37%,Put,09/04/26
980.30s,31.93%,0.9503,0.0001,-0.3586,1.8420,+7.80%,Call,09/04/26,"3,500.00",7.70s,29.42%,-0.0307,0.0001,-0.2281,1.4441,+5.30%,Put,09/04/26
975.40s,31.81%,0.9500,0.0001,-0.3595,1.8536,+7.68%,Call,09/04/26,"3,505.00",7.80s,29.35%,-0.0312,0.0001,-0.2301,1.4605,+5.22%,Put,09/04/26
970.50s,31.69%,0.9497,0.0001,-0.3604,1.8652,+7.56%,Call,09/04/26,"3,510.00",7.90s,29.27%,-0.0316,0.0001,-0.2320,1.4768,+5.15%,Put,09/04/26
965.60s,31.57%,0.9493,0.0001,-0.3613,1.8768,+7.44%,Call,09/04/26,"3,515.00",8.00s,29.20%,-0.0320,0.0001,-0.2339,1.4932,+5.07%,Put,09/04/26
960.70s,31.44%,0.9490,0.0001,-0.3622,1.8886,+7.32%,Call,09/04/26,"3,520.00",8.10s,29.12%,-0.0324,0.0001,-0.2358,1.5097,+4.99%,Put,09/04/26
955.80s,31.32%,0.9487,0.0001,-0.3631,1.9003,+7.19%,Call,09/04/26,"3,525.00",8.20s,29.04%,-0.0329,0.0001,-0.2376,1.5261,+4.91%,Put,09/04/26
950.90s,31.20%,0.9483,0.0001,-0.3640,1.9122,+7.07%,Call,09/04/26,"3,530.00",8.30s,28.96%,-0.0333,0.0001,-0.2395,1.5426,+4.83%,Put,09/04/26
946.10s,31.13%,0.9478,0.0001,-0.3672,1.9326,+7.00%,Call,09/04/26,"3,535.00",8.50s,28.95%,-0.0340,0.0001,-0.2436,1.5698,+4.82%,Put,09/04/26
941.20s,31.01%,0.9474,0.0001,-0.3680,1.9446,+6.88%,Call,09/04/26,"3,540.00",8.60s,28.86%,-0.0345,0.0001,-0.2454,1.5863,+4.74%,Put,09/04/26
936.30s,30.88%,0.9471,0.0001,-0.3688,1.9566,+6.76%,Call,09/04/26,"3,545.00",8.70s,28.78%,-0.0349,0.0001,-0.2472,1.6029,+4.65%,Put,09/04/26
931.40s,30.76%,0.9467,0.0001,-0.3697,1.9687,+6.63%,Call,09/04/26,"3,550.00",8.80s,28.70%,-0.0353,0.0001,-0.2490,1.6195,+4.57%,Put,09/04/26
926.60s,30.69%,0.9462,0.0001,-0.3728,1.9894,+6.56%,Call,09/04/26,"3,555.00",8.90s,28.61%,-0.0358,0.0001,-0.2507,1.6361,+4.49%,Put,09/04/26
921.70s,30.57%,0.9458,0.0002,-0.3736,2.0016,+6.44%,Call,09/04/26,"3,560.00",9.10s,28.59%,-0.0365,0.0001,-0.2547,1.6632,+4.46%,Put,09/04/26
916.80s,30.44%,0.9455,0.0002,-0.3744,2.0139,+6.31%,Call,09/04/26,"3,565.00",9.20s,28.50%,-0.0370,0.0001,-0.2564,1.6799,+4.38%,Put,09/04/26
912.00s,30.37%,0.9449,0.0002,-0.3775,2.0347,+6.24%,Call,09/04/26,"3,570.00",9.30s,28.42%,-0.0374,0.0001,-0.2581,1.6966,+4.29%,Put,09/04/26
907.10s,30.24%,0.9445,0.0002,-0.3783,2.0471,+6.11%,Call,09/04/26,"3,575.00",9.50s,28.39%,-0.0381,0.0001,-0.2620,1.7236,+4.26%,Put,09/04/26
902.20s,30.12%,0.9441,0.0002,-0.3791,2.0596,+5.99%,Call,09/04/26,"3,580.00",9.60s,28.30%,-0.0386,0.0001,-0.2636,1.7404,+4.17%,Put,09/04/26
897.40s,30.04%,0.9435,0.0002,-0.3821,2.0805,+5.91%,Call,09/04/26,"3,585.00",9.70s,28.21%,-0.0391,0.0001,-0.2653,1.7573,+4.08%,Put,09/04/26
892.50s,29.92%,0.9432,0.0002,-0.3828,2.0931,+5.79%,Call,09/04/26,"3,590.00",9.90s,28.18%,-0.0398,0.0001,-0.2690,1.7843,+4.05%,Put,09/04/26
887.70s,29.84%,0.9426,0.0002,-0.3858,2.1142,+5.71%,Call,09/04/26,"3,595.00",10.00s,28.09%,-0.0403,0.0001,-0.2706,1.8012,+3.96%,Put,09/04/26
882.80s,29.71%,0.9422,0.0002,-0.3865,2.1269,+5.58%,Call,09/04/26,"3,600.00",11.20s,28.05%,-0.0410,0.0002,-0.2743,1.8281,+3.92%,Put,09/04/26
878.00s,29.63%,0.9416,0.0002,-0.3895,2.1481,+5.50%,Call,09/04/26,"3,605.00",10.30s,27.96%,-0.0415,0.0002,-0.2759,1.8452,+3.83%,Put,09/04/26
873.10s,29.51%,0.9412,0.0002,-0.3902,2.1610,+5.38%,Call,09/04/26,"3,610.00",10.50s,27.92%,-0.0422,0.0002,-0.2795,1.8721,+3.79%,Put,09/04/26
868.30s,29.42%,0.9406,0.0002,-0.3931,2.1823,+5.30%,Call,09/04/26,"3,615.00",10.60s,27.82%,-0.0427,0.0002,-0.2810,1.8891,+3.69%,Put,09/04/26
863.50s,29.34%,0.9399,0.0002,-0.3960,2.2036,+5.21%,Call,09/04/26,"3,620.00",10.80s,27.78%,-0.0435,0.0002,-0.2846,1.9160,+3.65%,Put,09/04/26
858.60s,29.22%,0.9396,0.0002,-0.3966,2.2167,+5.09%,Call,09/04/26,"3,625.00",11.00s,27.73%,-0.0442,0.0002,-0.2881,1.9429,+3.61%,Put,09/04/26
853.80s,29.13%,0.9389,0.0002,-0.3995,2.2381,+5.00%,Call,09/04/26,"3,630.00",11.10s,27.64%,-0.0447,0.0002,-0.2895,1.9601,+3.51%,Put,09/04/26
849.00s,29.05%,0.9383,0.0002,-0.4023,2.2596,+4.92%,Call,09/04/26,"3,635.00",11.30s,27.59%,-0.0455,0.0002,-0.2930,1.9869,+3.46%,Put,09/04/26
844.20s,28.96%,0.9376,0.0002,-0.4051,2.2811,+4.84%,Call,09/04/26,"3,640.00",11.50s,27.54%,-0.0462,0.0002,-0.2964,2.0137,+3.41%,Put,09/04/26
839.30s,28.83%,0.9372,0.0002,-0.4057,2.2945,+4.71%,Call,09/04/26,"3,645.00",11.70s,27.49%,-0.0470,0.0002,-0.2998,2.0405,+3.36%,Put,09/04/26
834.50s,28.75%,0.9366,0.0002,-0.4085,2.3161,+4.62%,Call,09/04/26,"3,650.00",11.80s,27.39%,-0.0475,0.0002,-0.3011,2.0579,+3.26%,Put,09/04/26
829.70s,28.66%,0.9359,0.0002,-0.4112,2.3378,+4.53%,Call,09/04/26,"3,655.00",12.00s,27.34%,-0.0483,0.0002,-0.3044,2.0847,+3.21%,Put,09/04/26
824.90s,28.58%,0.9353,0.0002,-0.4139,2.3595,+4.45%,Call,09/04/26,"3,660.00",12.20s,27.28%,-0.0490,0.0002,-0.3076,2.1115,+3.16%,Put,09/04/26
820.10s,28.49%,0.9346,0.0002,-0.4166,2.3812,+4.36%,Call,09/04/26,"3,665.00",12.40s,27.23%,-0.0498,0.0002,-0.3109,2.1382,+3.10%,Put,09/04/26
815.30s,28.40%,0.9339,0.0002,-0.4193,2.4031,+4.27%,Call,09/04/26,"3,670.00",12.60s,27.17%,-0.0506,0.0002,-0.3141,2.1650,+3.04%,Put,09/04/26
810.50s,28.31%,0.9333,0.0002,-0.4219,2.4249,+4.18%,Call,09/04/26,"3,675.00",12.80s,27.11%,-0.0514,0.0002,-0.3172,2.1917,+2.98%,Put,09/04/26
805.70s,28.22%,0.9326,0.0002,-0.4245,2.4468,+4.09%,Call,09/04/26,"3,680.00",13.00s,27.05%,-0.0522,0.0002,-0.3203,2.2184,+2.92%,Put,09/04/26
800.90s,28.13%,0.9319,0.0002,-0.4271,2.4688,+4.00%,Call,09/04/26,"3,685.00",13.20s,26.99%,-0.0530,0.0002,-0.3234,2.2451,+2.86%,Put,09/04/26
796.20s,28.07%,0.9310,0.0002,-0.4317,2.4986,+3.95%,Call,09/04/26,"3,690.00",13.40s,26.93%,-0.0538,0.0002,-0.3264,2.2718,+2.80%,Put,09/04/26
791.40s,27.98%,0.9303,0.0002,-0.4343,2.5207,+3.85%,Call,09/04/26,"3,695.00",13.60s,26.86%,-0.0546,0.0002,-0.3294,2.2986,+2.73%,Put,09/04/26
786.60s,27.89%,0.9296,0.0002,-0.4368,2.5428,+3.76%,Call,09/04/26,"3,700.00",13.90s,26.84%,-0.0556,0.0002,-0.3343,2.3340,+2.71%,Put,09/04/26
781.90s,27.83%,0.9287,0.0002,-0.4413,2.5727,+3.70%,Call,09/04/26,"3,705.00",14.10s,26.77%,-0.0564,0.0002,-0.3372,2.3606,+2.64%,Put,09/04/26
777.10s,27.74%,0.9280,0.0002,-0.4437,2.5949,+3.61%,Call,09/04/26,"3,710.00",14.30s,26.70%,-0.0573,0.0002,-0.3401,2.3873,+2.58%,Put,09/04/26
772.40s,27.68%,0.9270,0.0002,-0.4482,2.6247,+3.55%,Call,09/04/26,"3,715.00",14.60s,26.68%,-0.0583,0.0002,-0.3448,2.4225,+2.55%,Put,09/04/26
767.60s,27.58%,0.9263,0.0002,-0.4506,2.6470,+3.45%,Call,09/04/26,"3,720.00",14.80s,26.60%,-0.0592,0.0002,-0.3476,2.4491,+2.48%,Put,09/04/26
762.90s,27.52%,0.9254,0.0002,-0.4549,2.6769,+3.39%,Call,09/04/26,"3,725.00",15.10s,26.57%,-0.0602,0.0002,-0.3521,2.4841,+2.44%,Put,09/04/26
758.10s,27.42%,0.9247,0.0002,-0.4573,2.6993,+3.29%,Call,09/04/26,"3,730.00",15.30s,26.50%,-0.0611,0.0002,-0.3548,2.5108,+2.37%,Put,09/04/26
753.40s,27.36%,0.9237,0.0002,-0.4615,2.7292,+3.23%,Call,09/04/26,"3,735.00",15.60s,26.46%,-0.0622,0.0002,-0.3593,2.5456,+2.33%,Put,09/04/26
748.70s,27.30%,0.9227,0.0002,-0.4658,2.7591,+3.17%,Call,09/04/26,"3,740.00",15.80s,26.39%,-0.0630,0.0002,-0.3619,2.5723,+2.26%,Put,09/04/26
744.00s,27.23%,0.9218,0.0002,-0.4700,2.7890,+3.10%,Call,09/04/26,"3,745.00",16.10s,26.35%,-0.0641,0.0002,-0.3663,2.6070,+2.22%,Put,09/04/26
739.20s,27.13%,0.9210,0.0002,-0.4722,2.8116,+3.00%,Call,09/04/26,"3,750.00",16.40s,26.31%,-0.0652,0.0002,-0.3706,2.6417,+2.18%,Put,09/04/26
734.50s,27.06%,0.9200,0.0002,-0.4763,2.8415,+2.93%,Call,09/04/26,"3,755.00",16.70s,26.26%,-0.0663,0.0002,-0.3748,2.6762,+2.14%,Put,09/04/26
729.80s,26.99%,0.9190,0.0002,-0.4804,2.8714,+2.86%,Call,09/04/26,"3,760.00",17.00s,26.22%,-0.0674,0.0002,-0.3790,2.7107,+2.09%,Put,09/04/26
725.10s,26.92%,0.9181,0.0002,-0.4844,2.9013,+2.79%,Call,09/04/26,"3,765.00",17.20s,26.14%,-0.0683,0.0002,-0.3813,2.7373,+2.01%,Put,09/04/26
720.40s,26.85%,0.9171,0.0003,-0.4884,2.9313,+2.72%,Call,09/04/26,"3,770.00",17.50s,26.09%,-0.0694,0.0002,-0.3854,2.7717,+1.96%,Put,09/04/26
715.80s,26.81%,0.9158,0.0003,-0.4942,2.9682,+2.68%,Call,09/04/26,"3,775.00",17.90s,26.07%,-0.0707,0.0002,-0.3911,2.8136,+1.95%,Put,09/04/26
711.10s,26.74%,0.9148,0.0003,-0.4981,2.9981,+2.61%,Call,09/04/26,"3,780.00",18.20s,26.02%,-0.0719,0.0003,-0.3950,2.8478,+1.89%,Put,09/04/26
706.40s,26.66%,0.9138,0.0003,-0.5020,3.0280,+2.53%,Call,09/04/26,"3,785.00",18.50s,25.97%,-0.0730,0.0003,-0.3989,2.8819,+1.84%,Put,09/04/26
701.80s,26.62%,0.9125,0.0003,-0.5076,3.0647,+2.49%,Call,09/04/26,"3,790.00",18.80s,25.91%,-0.0741,0.0003,-0.4027,2.9160,+1.79%,Put,09/04/26
697.10s,26.54%,0.9115,0.0003,-0.5114,3.0946,+2.41%,Call,09/04/26,"3,795.00",19.10s,25.86%,-0.0753,0.0003,-0.4065,2.9500,+1.73%,Put,09/04/26
692.50s,26.49%,0.9103,0.0003,-0.5169,3.1312,+2.37%,Call,09/04/26,"3,800.00",19.50s,25.83%,-0.0766,0.0003,-0.4118,2.9912,+1.70%,Put,09/04/26
687.80s,26.41%,0.9092,0.0003,-0.5206,3.1611,+2.29%,Call,09/04/26,"3,805.00",19.80s,25.77%,-0.0778,0.0003,-0.4155,3.0251,+1.64%,Put,09/04/26
683.20s,26.36%,0.9080,0.0003,-0.5260,3.1976,+2.24%,Call,09/04/26,"3,810.00",20.20s,25.74%,-0.0792,0.0003,-0.4207,3.0660,+1.62%,Put,09/04/26
678.60s,26.31%,0.9067,0.0003,-0.5314,3.2340,+2.18%,Call,09/04/26,"3,815.00",20.50s,25.68%,-0.0803,0.0003,-0.4242,3.0997,+1.55%,Put,09/04/26
674.00s,26.26%,0.9054,0.0003,-0.5366,3.2703,+2.13%,Call,09/04/26,"3,820.00",20.90s,25.65%,-0.0817,0.0003,-0.4292,3.1404,+1.52%,Put,09/04/26
669.30s,26.17%,0.9043,0.0003,-0.5401,3.3002,+2.05%,Call,09/04/26,"3,825.00",21.30s,25.61%,-0.0831,0.0003,-0.4342,3.1808,+1.48%,Put,09/04/26
664.70s,26.12%,0.9031,0.0003,-0.5453,3.3365,+1.99%,Call,09/04/26,"3,830.00",21.70s,25.58%,-0.0845,0.0003,-0.4390,3.2211,+1.45%,Put,09/04/26
660.20s,26.09%,0.9015,0.0003,-0.5521,3.3789,+1.96%,Call,09/04/26,"3,835.00",22.10s,25.54%,-0.0860,0.0003,-0.4438,3.2613,+1.41%,Put,09/04/26
655.60s,26.03%,0.9002,0.0003,-0.5572,3.4150,+1.90%,Call,09/04/26,"3,840.00",22.50s,25.50%,-0.0874,0.0003,-0.4485,3.3013,+1.37%,Put,09/04/26
651.00s,25.97%,0.8989,0.0003,-0.5622,3.4510,+1.84%,Call,09/04/26,"3,845.00",22.90s,25.45%,-0.0888,0.0003,-0.4532,3.3412,+1.32%,Put,09/04/26
646.40s,25.91%,0.8976,0.0003,-0.5671,3.4870,+1.78%,Call,09/04/26,"3,850.00",23.30s,25.41%,-0.0902,0.0003,-0.4577,3.3809,+1.28%,Put,09/04/26
641.90s,25.87%,0.8961,0.0003,-0.5736,3.5289,+1.74%,Call,09/04/26,"3,855.00",23.70s,25.36%,-0.0917,0.0003,-0.4622,3.4205,+1.23%,Put,09/04/26
637.30s,25.80%,0.8948,0.0003,-0.5784,3.5647,+1.68%,Call,09/04/26,"3,860.00",24.20s,25.34%,-0.0933,0.0003,-0.4681,3.4663,+1.21%,Put,09/04/26
632.80s,25.76%,0.8932,0.0003,-0.5848,3.6063,+1.64%,Call,09/04/26,"3,865.00",24.60s,25.29%,-0.0948,0.0003,-0.4724,3.5056,+1.16%,Put,09/04/26
628.20s,25.70%,0.8919,0.0003,-0.5895,3.6421,+1.57%,Call,09/04/26,"3,870.00",25.00s,25.24%,-0.0962,0.0003,-0.4767,3.5449,+1.11%,Put,09/04/26
623.70s,25.65%,0.8903,0.0003,-0.5957,3.6835,+1.52%,Call,09/04/26,"3,875.00",25.50s,25.21%,-0.0979,0.0003,-0.4823,3.5900,+1.08%,Put,09/04/26
619.20s,25.61%,0.8887,0.0003,-0.6018,3.7247,+1.48%,Call,09/04/26,"3,880.00",26.00s,25.18%,-0.0996,0.0003,-0.4878,3.6349,+1.06%,Put,09/04/26
614.70s,25.56%,0.8872,0.0003,-0.6079,3.7658,+1.43%,Call,09/04/26,"3,885.00",26.50s,25.15%,-0.1012,0.0003,-0.4932,3.6796,+1.03%,Put,09/04/26
610.20s,25.51%,0.8856,0.0003,-0.6139,3.8068,+1.38%,Call,09/04/26,"3,890.00",26.90s,25.09%,-0.1027,0.0003,-0.4971,3.7183,+0.97%,Put,09/04/26
605.70s,25.46%,0.8840,0.0003,-0.6198,3.8476,+1.33%,Call,09/04/26,"3,895.00",27.40s,25.06%,-0.1044,0.0003,-0.5023,3.7626,+0.93%,Put,09/04/26
601.30s,25.44%,0.8822,0.0004,-0.6272,3.8936,+1.31%,Call,09/04/26,"3,900.00",28.00s,25.05%,-0.1063,0.0004,-0.5088,3.8123,+0.92%,Put,09/04/26
596.80s,25.38%,0.8806,0.0004,-0.6330,3.9342,+1.25%,Call,09/04/26,"3,905.00",28.50s,25.01%,-0.1080,0.0004,-0.5139,3.8561,+0.88%,Put,09/04/26
592.30s,25.33%,0.8790,0.0004,-0.6386,3.9746,+1.20%,Call,09/04/26,"3,910.00",29.00s,24.97%,-0.1097,0.0004,-0.5188,3.8998,+0.84%,Put,09/04/26
587.90s,25.29%,0.8772,0.0004,-0.6458,4.0201,+1.16%,Call,09/04/26,"3,915.00",29.50s,24.92%,-0.1114,0.0004,-0.5236,3.9432,+0.80%,Put,09/04/26
583.50s,25.26%,0.8754,0.0004,-0.6528,4.0653,+1.13%,Call,09/04/26,"3,920.00",30.10s,24.90%,-0.1134,0.0004,-0.5297,3.9918,+0.78%,Put,09/04/26
579.10s,25.22%,0.8736,0.0004,-0.6597,4.1103,+1.09%,Call,09/04/26,"3,925.00",30.70s,24.88%,-0.1153,0.0004,-0.5357,4.0400,+0.75%,Put,09/04/26
574.60s,25.16%,0.8719,0.0004,-0.6650,4.1501,+1.03%,Call,09/04/26,"3,930.00",31.20s,24.83%,-0.1170,0.0004,-0.5402,4.0829,+0.70%,Put,09/04/26
570.30s,25.14%,0.8699,0.0004,-0.6732,4.1996,+1.01%,Call,09/04/26,"3,935.00",31.80s,24.80%,-0.1190,0.0004,-0.5459,4.1306,+0.68%,Put,09/04/26
565.90s,25.10%,0.8680,0.0004,-0.6799,4.2439,+0.97%,Call,09/04/26,"3,940.00",32.40s,24.77%,-0.1209,0.0004,-0.5515,4.1780,+0.65%,Put,09/04/26
561.50s,25.05%,0.8662,0.0004,-0.6864,4.2881,+0.92%,Call,09/04/26,"3,945.00",33.00s,24.74%,-0.1229,0.0004,-0.5570,4.2252,+0.61%,Put,09/04/26
557.10s,25.01%,0.8643,0.0004,-0.6928,4.3321,+0.88%,Call,09/04/26,"3,950.00",30.50s,24.71%,-0.1248,0.0004,-0.5624,4.2720,+0.58%,Put,09/04/26
552.80s,24.98%,0.8623,0.0004,-0.7006,4.3804,+0.85%,Call,09/04/26,"3,955.00",34.30s,24.70%,-0.1270,0.0004,-0.5690,4.3234,+0.57%,Put,09/04/26
548.40s,24.93%,0.8604,0.0004,-0.7068,4.4240,+0.80%,Call,09/04/26,"3,960.00",34.90s,24.66%,-0.1289,0.0004,-0.5741,4.3697,+0.53%,Put,09/04/26
544.10s,24.90%,0.8584,0.0004,-0.7144,4.4718,+0.77%,Call,09/04/26,"3,965.00",35.50s,24.62%,-0.1309,0.0004,-0.5792,4.4157,+0.49%,Put,09/04/26
539.80s,24.87%,0.8563,0.0004,-0.7218,4.5192,+0.74%,Call,09/04/26,"3,970.00",36.20s,24.60%,-0.1331,0.0004,-0.5853,4.4660,+0.47%,Put,09/04/26
535.50s,24.83%,0.8542,0.0004,-0.7291,4.5665,+0.70%,Call,09/04/26,"3,975.00",36.90s,24.57%,-0.1353,0.0004,-0.5914,4.5160,+0.45%,Put,09/04/26
531.20s,24.79%,0.8521,0.0004,-0.7363,4.6134,+0.67%,Call,09/04/26,"3,980.00",37.60s,24.55%,-0.1374,0.0004,-0.5972,4.5655,+0.42%,Put,09/04/26
527.00s,24.78%,0.8498,0.0004,-0.7448,4.6642,+0.65%,Call,09/04/26,"3,985.00",38.30s,24.52%,-0.1396,0.0004,-0.6030,4.6148,+0.39%,Put,09/04/26
522.70s,24.74%,0.8477,0.0004,-0.7517,4.7105,+0.61%,Call,09/04/26,"3,990.00",39.00s,24.49%,-0.1418,0.0004,-0.6086,4.6637,+0.36%,Put,09/04/26
518.50s,24.71%,0.8455,0.0004,-0.7599,4.7605,+0.59%,Call,09/04/26,"3,995.00",39.70s,24.46%,-0.1440,0.0004,-0.6141,4.7122,+0.33%,Put,09/04/26
514.20s,24.67%,0.8434,0.0004,-0.7667,4.8063,+0.54%,Call,09/04/26,"4,000.00",39.50s,24.45%,-0.1464,0.0004,-0.6207,4.7645,+0.32%,Put,09/04/26
510.00s,24.64%,0.8411,0.0005,-0.7746,4.8557,+0.51%,Call,09/04/26,"4,005.00",41.30s,24.43%,-0.1488,0.0005,-0.6270,4.8163,+0.30%,Put,09/04/26
505.80s,24.61%,0.8388,0.0005,-0.7824,4.9047,+0.48%,Call,09/04/26,"4,010.00",42.00s,24.39%,-0.1510,0.0005,-0.6321,4.8638,+0.26%,Put,09/04/26
501.60s,24.58%,0.8365,0.0005,-0.7901,4.9534,+0.45%,Call,09/04/26,"4,015.00",42.80s,24.37%,-0.1534,0.0005,-0.6382,4.9148,+0.24%,Put,09/04/26
497.50s,24.57%,0.8340,0.0005,-0.7989,5.0053,+0.44%,Call,09/04/26,"4,020.00",43.60s,24.35%,-0.1558,0.0005,-0.6442,4.9654,+0.22%,Put,09/04/26
493.30s,24.53%,0.8317,0.0005,-0.8063,5.0532,+0.40%,Call,09/04/26,"4,025.00",44.40s,24.32%,-0.1582,0.0005,-0.6500,5.0156,+0.19%,Put,09/04/26
489.20s,24.51%,0.8292,0.0005,-0.8149,5.1043,+0.38%,Call,09/04/26,"4,030.00",45.30s,24.31%,-0.1608,0.0005,-0.6567,5.0689,+0.18%,Put,09/04/26
485.00s,24.47%,0.8268,0.0005,-0.8220,5.1515,+0.34%,Call,09/04/26,"4,035.00",46.10s,24.28%,-0.1632,0.0005,-0.6622,5.1182,+0.15%,Put,09/04/26
480.90s,24.45%,0.8243,0.0005,-0.8303,5.2018,+0.32%,Call,09/04/26,"4,040.00",47.00s,24.27%,-0.1658,0.0005,-0.6687,5.1706,+0.14%,Put,09/04/26
476.80s,24.42%,0.8218,0.0005,-0.8384,5.2516,+0.29%,Call,09/04/26,"4,045.00",47.90s,24.25%,-0.1684,0.0005,-0.6749,5.2224,+0.12%,Put,09/04/26
472.70s,24.39%,0.8193,0.0005,-0.8463,5.3010,+0.27%,Call,09/04/26,"4,050.00",48.80s,24.23%,-0.1710,0.0005,-0.6810,5.2738,+0.11%,Put,09/04/26
468.70s,24.38%,0.8166,0.0005,-0.8553,5.3531,+0.25%,Call,09/04/26,"4,055.00",49.70s,24.21%,-0.1736,0.0005,-0.6870,5.3247,+0.08%,Put,09/04/26
464.60s,24.35%,0.8141,0.0005,-0.8630,5.4017,+0.22%,Call,09/04/26,"4,060.00",50.60s,24.19%,-0.1762,0.0005,-0.6928,5.3752,+0.06%,Put,09/04/26
460.60s,24.33%,0.8114,0.0005,-0.8717,5.4529,+0.20%,Call,09/04/26,"4,065.00",51.50s,24.16%,-0.1788,0.0005,-0.6984,5.4252,+0.03%,Put,09/04/26
456.60s,24.31%,0.8087,0.0005,-0.8803,5.5035,+0.18%,Call,09/04/26,"4,070.00",52.50s,24.15%,-0.1816,0.0005,-0.7049,5.4777,+0.02%,Put,09/04/26
452.60s,24.29%,0.8060,0.0005,-0.8886,5.5537,+0.16%,Call,09/04/26,"4,075.00",53.50s,24.14%,-0.1844,0.0005,-0.7112,5.5297,+0.01%,Put,09/04/26
448.60s,24.27%,0.8033,0.0005,-0.8968,5.6034,+0.14%,Call,09/04/26,"4,080.00",54.50s,24.12%,-0.1871,0.0005,-0.7173,5.5811,unch,Put,09/04/26
444.70s,24.26%,0.8005,0.0005,-0.9061,5.6553,+0.13%,Call,09/04/26,"4,085.00",55.50s,24.11%,-0.1899,0.0005,-0.7233,5.6320,-0.02%,Put,09/04/26
440.70s,24.23%,0.7978,0.0005,-0.9139,5.7040,+0.10%,Call,09/04/26,"4,090.00",56.50s,24.09%,-0.1927,0.0005,-0.7291,5.6824,-0.04%,Put,09/04/26
436.80s,24.21%,0.7949,0.0005,-0.9228,5.7549,+0.09%,Call,09/04/26,"4,095.00",57.60s,24.08%,-0.1957,0.0005,-0.7357,5.7349,-0.05%,Put,09/04/26
432.90s,24.20%,0.7920,0.0006,-0.9315,5.8052,+0.07%,Call,09/04/26,"4,100.00",57.20s,24.05%,-0.1985,0.0006,-0.7411,5.7842,-0.07%,Put,09/04/26
429.00s,24.18%,0.7892,0.0006,-0.9400,5.8549,+0.05%,Call,09/04/26,"4,105.00",59.70s,24.04%,-0.2014,0.0006,-0.7473,5.8355,-0.08%,Put,09/04/26
425.10s,24.16%,0.7863,0.0006,-0.9483,5.9042,+0.03%,Call,09/04/26,"4,110.00",60.80s,24.03%,-0.2044,0.0006,-0.7534,5.8862,-0.10%,Put,09/04/26
421.30s,24.15%,0.7833,0.0006,-0.9576,5.9552,+0.02%,Call,09/04/26,"4,115.00",61.90s,24.01%,-0.2073,0.0006,-0.7592,5.9364,-0.11%,Put,09/04/26
417.40s,24.12%,0.7804,0.0006,-0.9656,6.0033,unch,Call,09/04/26,"4,120.00",63.10s,24.01%,-0.2104,0.0006,-0.7658,5.9882,-0.12%,Put,09/04/26
413.60s,24.11%,0.7773,0.0006,-0.9744,6.0532,-0.02%,Call,09/04/26,"4,125.00",64.20s,23.99%,-0.2134,0.0006,-0.7713,6.0372,-0.14%,Put,09/04/26
409.80s,24.10%,0.7743,0.0006,-0.9831,6.1024,-0.03%,Call,09/04/26,"4,130.00",65.40s,23.98%,-0.2165,0.0006,-0.7775,6.0878,-0.14%,Put,09/04/26
406.00s,24.08%,0.7713,0.0006,-0.9916,6.1511,-0.05%,Call,09/04/26,"4,135.00",66.60s,23.97%,-0.2196,0.0006,-0.7835,6.1377,-0.15%,Put,09/04/26
402.30s,24.07%,0.7681,0.0006,-1.0010,6.2012,-0.05%,Call,09/04/26,"4,140.00",67.80s,23.96%,-0.2227,0.0006,-0.7893,6.1870,-0.17%,Put,09/04/26
398.50s,24.05%,0.7651,0.0006,-1.0091,6.2486,-0.08%,Call,09/04/26,"4,145.00",69.00s,23.95%,-0.2258,0.0006,-0.7949,6.2357,-0.18%,Put,09/04/26
394.80s,24.04%,0.7619,0.0006,-1.0181,6.2974,-0.09%,Call,09/04/26,"4,150.00",73.00s,23.94%,-0.2290,0.0006,-0.8012,6.2857,-0.18%,Put,09/04/26
391.10s,24.03%,0.7587,0.0006,-1.0268,6.3456,-0.10%,Call,09/04/26,"4,155.00",71.60s,23.94%,-0.2323,0.0006,-0.8072,6.3350,-0.19%,Put,09/04/26
387.40s,24.02%,0.7555,0.0006,-1.0354,6.3931,-0.11%,Call,09/04/26,"4,160.00",72.90s,23.93%,-0.2355,0.0006,-0.8131,6.3836,-0.20%,Put,09/04/26
383.80s,24.01%,0.7522,0.0006,-1.0447,6.4417,-0.11%,Call,09/04/26,"4,165.00",74.20s,23.92%,-0.2387,0.0006,-0.8188,6.4315,-0.21%,Put,09/04/26
380.10s,24.00%,0.7491,0.0006,-1.0529,6.4879,-0.13%,Call,09/04/26,"4,170.00",80.10s,23.91%,-0.2420,0.0006,-0.8242,6.4787,-0.22%,Put,09/04/26
376.50s,23.99%,0.7457,0.0006,-1.0618,6.5352,-0.14%,Call,09/04/26,"4,175.00",76.90s,23.91%,-0.2454,0.0006,-0.8303,6.5269,-0.22%,Put,09/04/26
372.90s,23.98%,0.7424,0.0006,-1.0706,6.5817,-0.15%,Call,09/04/26,"4,180.00",78.20s,23.89%,-0.2486,0.0006,-0.8353,6.5728,-0.24%,Put,09/04/26
369.40s,23.98%,0.7390,0.0006,-1.0801,6.6291,-0.15%,Call,09/04/26,"4,185.00",79.60s,23.89%,-0.2520,0.0006,-0.8410,6.6196,-0.24%,Put,09/04/26
365.80s,23.97%,0.7357,0.0006,-1.0884,6.6742,-0.16%,Call,09/04/26,"4,190.00",81.00s,23.88%,-0.2554,0.0006,-0.8464,6.6657,-0.25%,Put,09/04/26
362.30s,23.96%,0.7323,0.0006,-1.0974,6.7201,-0.16%,Call,09/04/26,"4,195.00",82.50s,23.88%,-0.2588,0.0006,-0.8525,6.7125,-0.24%,Put,09/04/26
358.70s,23.95%,0.7290,0.0007,-1.1053,6.7639,-0.18%,Call,09/04/26,"4,200.00",85.00s,23.87%,-0.2622,0.0007,-0.8575,6.7571,-0.26%,Put,09/04/26
355.20s,23.94%,0.7255,0.0007,-1.1139,6.8084,-0.19%,Call,09/04/26,"4,205.00",85.40s,23.87%,-0.2657,0.0007,-0.8631,6.8024,-0.26%,Put,09/04/26
351.80s,23.94%,0.7220,0.0007,-1.1232,6.8534,-0.19%,Call,09/04/26,"4,210.00",86.90s,23.87%,-0.2692,0.0007,-0.8684,6.8469,-0.26%,Put,09/04/26
348.30s,23.93%,0.7186,0.0007,-1.1314,6.8964,-0.20%,Call,09/04/26,"4,215.00",88.40s,23.86%,-0.2727,0.0007,-0.8736,6.8907,-0.27%,Put,09/04/26
344.90s,23.93%,0.7150,0.0007,-1.1402,6.9399,-0.20%,Call,09/04/26,"4,220.00",89.90s,23.85%,-0.2761,0.0007,-0.8785,6.9337,-0.28%,Put,09/04/26
341.50s,23.92%,0.7115,0.0007,-1.1489,6.9826,-0.20%,Call,09/04/26,"4,225.00",91.50s,23.85%,-0.2797,0.0007,-0.8839,6.9771,-0.27%,Put,09/04/26
338.10s,23.92%,0.7080,0.0007,-1.1573,7.0246,-0.21%,Call,09/04/26,"4,230.00",93.10s,23.85%,-0.2833,0.0007,-0.8892,7.0197,-0.27%,Put,09/04/26
334.70s,23.91%,0.7044,0.0007,-1.1654,7.0658,-0.22%,Call,09/04/26,"4,235.00",94.70s,23.85%,-0.2869,0.0007,-0.8942,7.0616,-0.28%,Put,09/04/26
331.40s,23.91%,0.7008,0.0007,-1.1743,7.1072,-0.22%,Call,09/04/26,"4,240.00",96.30s,23.85%,-0.2905,0.0007,-0.8989,7.1026,-0.28%,Put,09/04/26
328.10s,23.91%,0.6972,0.0007,-1.1828,7.1479,-0.22%,Call,09/04/26,"4,245.00",98.00s,23.85%,-0.2941,0.0007,-0.9042,7.1439,-0.28%,Put,09/04/26
324.80s,23.91%,0.6936,0.0007,-1.1912,7.1877,-0.22%,Call,09/04/26,"4,250.00",102.40s,23.84%,-0.2977,0.0007,-0.9085,7.1834,-0.29%,Put,09/04/26
321.50s,23.90%,0.6899,0.0007,-1.1993,7.2268,-0.22%,Call,09/04/26,"4,255.00",101.30s,23.84%,-0.3014,0.0007,-0.9133,7.2230,-0.29%,Put,09/04/26
318.20s,23.90%,0.6863,0.0007,-1.2072,7.2651,-0.23%,Call,09/04/26,"4,260.00",111.50s,23.84%,-0.3051,0.0007,-0.9179,7.2618,-0.29%,Put,09/04/26
315.00s,23.90%,0.6826,0.0007,-1.2157,7.3035,-0.23%,Call,09/04/26,"4,265.00",104.80s,23.85%,-0.3088,0.0007,-0.9230,7.3006,-0.28%,Put,09/04/26
311.80s,23.90%,0.6789,0.0007,-1.2239,7.3410,-0.23%,Call,09/04/26,"4,270.00",106.50s,23.84%,-0.3125,0.0007,-0.9271,7.3379,-0.29%,Put,09/04/26
308.60s,23.90%,0.6752,0.0007,-1.2319,7.3777,-0.23%,Call,09/04/26,"4,275.00",108.30s,23.85%,-0.3162,0.0007,-0.9317,7.3750,-0.28%,Put,09/04/26
305.40s,23.89%,0.6715,0.0007,-1.2397,7.4136,-0.24%,Call,09/04/26,"4,280.00",110.10s,23.85%,-0.3200,0.0007,-0.9360,7.4113,-0.28%,Put,09/04/26
302.30s,23.90%,0.6677,0.0007,-1.2480,7.4493,-0.23%,Call,09/04/26,"4,285.00",111.90s,23.85%,-0.3237,0.0007,-0.9401,7.4468,-0.28%,Put,09/04/26
299.10s,23.89%,0.6640,0.0007,-1.2553,7.4836,-0.24%,Call,09/04/26,"4,290.00",113.80s,23.85%,-0.3275,0.0007,-0.9446,7.4821,-0.27%,Put,09/04/26
296.00s,23.89%,0.6602,0.0007,-1.2632,7.5177,-0.24%,Call,09/04/26,"4,295.00",115.60s,23.85%,-0.3313,0.0007,-0.9483,7.5160,-0.28%,Put,09/04/26
293.00s,23.90%,0.6564,0.0007,-1.2716,7.5516,-0.23%,Call,09/04/26,"4,300.00",117.50s,23.85%,-0.3351,0.0007,-0.9523,7.5496,-0.28%,Put,09/04/26
289.90s,23.90%,0.6526,0.0007,-1.2789,7.5840,-0.23%,Call,09/04/26,"4,305.00",119.40s,23.85%,-0.3389,0.0007,-0.9561,7.5824,-0.28%,Put,09/04/26
286.90s,23.90%,0.6488,0.0007,-1.2868,7.6161,-0.23%,Call,09/04/26,"4,310.00",121.40s,23.86%,-0.3428,0.0007,-0.9604,7.6148,-0.26%,Put,09/04/26
283.90s,23.91%,0.6449,0.0007,-1.2945,7.6474,-0.22%,Call,09/04/26,"4,315.00",123.30s,23.86%,-0.3466,0.0007,-0.9637,7.6459,-0.27%,Put,09/04/26
280.90s,23.91%,0.6411,0.0007,-1.3018,7.6778,-0.22%,Call,09/04/26,"4,320.00",125.30s,23.87%,-0.3504,0.0007,-0.9675,7.6766,-0.26%,Put,09/04/26
277.90s,23.90%,0.6372,0.0007,-1.3090,7.7074,-0.22%,Call,09/04/26,"4,325.00",127.30s,23.87%,-0.3543,0.0007,-0.9710,7.7064,-0.26%,Put,09/04/26
275.00s,23.91%,0.6334,0.0007,-1.3166,7.7366,-0.21%,Call,09/04/26,"4,330.00",129.30s,23.87%,-0.3582,0.0007,-0.9742,7.7354,-0.26%,Put,09/04/26
272.00s,23.91%,0.6295,0.0007,-1.3233,7.7645,-0.22%,Call,09/04/26,"4,335.00",131.40s,23.88%,-0.3621,0.0007,-0.9779,7.7639,-0.24%,Put,09/04/26
269.10s,23.91%,0.6256,0.0008,-1.3304,7.7919,-0.22%,Call,09/04/26,"4,340.00",133.40s,23.88%,-0.3659,0.0008,-0.9806,7.7912,-0.25%,Put,09/04/26
266.30s,23.92%,0.6217,0.0008,-1.3381,7.8188,-0.20%,Call,09/04/26,"4,345.00",135.50s,23.89%,-0.3698,0.0008,-0.9838,7.8180,-0.24%,Put,09/04/26
263.40s,23.92%,0.6178,0.0008,-1.3447,7.8446,-0.21%,Call,09/04/26,"4,350.00",137.60s,23.89%,-0.3737,0.0008,-0.9867,7.8439,-0.24%,Put,09/04/26
260.60s,23.93%,0.6139,0.0008,-1.3518,7.8697,-0.20%,Call,09/04/26,"4,355.00",139.80s,23.90%,-0.3777,0.0008,-0.9901,7.8692,-0.22%,Put,09/04/26
257.80s,23.94%,0.6100,0.0008,-1.3587,7.8940,-0.19%,Call,09/04/26,"4,360.00",141.90s,23.90%,-0.3816,0.0008,-0.9925,7.8934,-0.23%,Put,09/04/26
255.00s,23.94%,0.6061,0.0008,-1.3653,7.9175,-0.19%,Call,09/04/26,"4,365.00",144.10s,23.91%,-0.3855,0.0008,-0.9953,7.9170,-0.22%,Put,09/04/26
252.20s,23.94%,0.6022,0.0008,-1.3717,7.9401,-0.19%,Call,09/04/26,"4,370.00",146.30s,23.92%,-0.3895,0.0008,-0.9978,7.9397,-0.21%,Put,09/04/26
250.00s,23.95%,0.5982,0.0008,-1.3785,7.9620,-0.18%,Call,09/04/26,"4,375.00",148.60s,23.93%,-0.3934,0.0008,-1.0008,7.9618,-0.20%,Put,09/04/26
246.80s,23.96%,0.5943,0.0008,-1.3850,7.9831,-0.17%,Call,09/04/26,"4,380.00",150.80s,23.93%,-0.3973,0.0008,-1.0028,7.9828,-0.19%,Put,09/04/26
244.10s,23.96%,0.5903,0.0008,-1.3913,8.0033,-0.16%,Call,09/04/26,"4,385.00",153.10s,23.94%,-0.4013,0.0008,-1.0053,8.0031,-0.18%,Put,09/04/26
241.40s,23.97%,0.5864,0.0008,-1.3974,8.0227,-0.16%,Call,09/04/26,"4,390.00",155.40s,23.95%,-0.4053,0.0008,-1.0074,8.0225,-0.18%,Put,09/04/26
238.80s,23.98%,0.5824,0.0008,-1.4039,8.0413,-0.15%,Call,09/04/26,"4,395.00",157.70s,23.96%,-0.4092,0.0008,-1.0094,8.0411,-0.17%,Put,09/04/26
236.20s,23.99%,0.5785,0.0008,-1.4101,8.0590,-0.14%,Call,09/04/26,"4,400.00",160.10s,23.97%,-0.4132,0.0008,-1.0117,8.0589,-0.15%,Put,09/04/26
233.60s,24.00%,0.5745,0.0008,-1.4161,8.0760,-0.13%,Call,09/04/26,"4,405.00",162.40s,23.98%,-0.4171,0.0008,-1.0131,8.0758,-0.15%,Put,09/04/26
231.00s,24.00%,0.5706,0.0008,-1.4218,8.0920,-0.12%,Call,09/04/26,"4,410.00",164.80s,23.99%,-0.4211,0.0008,-1.0149,8.0919,-0.14%,Put,09/04/26
197.60s,24.01%,0.5666,0.0008,-1.4272,8.1072,-0.12%,Call,09/04/26,"4,415.00",189.00s,23.99%,-0.4250,0.0008,-1.0165,8.1072,-0.13%,Put,09/04/26
225.90s,24.02%,0.5627,0.0008,-1.4331,8.1216,-0.11%,Call,09/04/26,"4,420.00",169.70s,24.01%,-0.4290,0.0008,-1.0184,8.1216,-0.12%,Put,09/04/26
223.40s,24.03%,0.5587,0.0008,-1.4387,8.1352,-0.10%,Call,09/04/26,"4,425.00",172.10s,24.02%,-0.4330,0.0008,-1.0194,8.1352,-0.11%,Put,09/04/26
220.90s,24.04%,0.5548,0.0008,-1.4441,8.1479,-0.09%,Call,09/04/26,"4,430.00",174.60s,24.03%,-0.4369,0.0008,-1.0208,8.1479,-0.10%,Put,09/04/26
218.40s,24.04%,0.5508,0.0008,-1.4492,8.1598,-0.08%,Call,09/04/26,"4,435.00",177.10s,24.04%,-0.4409,0.0008,-1.0220,8.1598,-0.09%,Put,09/04/26
216.00s,24.06%,0.5469,0.0008,-1.4547,8.1709,-0.07%,Call,09/04/26,"4,440.00",179.70s,24.06%,-0.4448,0.0008,-1.0235,8.1709,-0.07%,Put,09/04/26
213.60s,24.07%,0.5429,0.0008,-1.4600,8.1811,-0.06%,Call,09/04/26,"4,445.00",182.20s,24.06%,-0.4488,0.0008,-1.0242,8.1811,-0.06%,Put,09/04/26
211.20s,24.08%,0.5390,0.0008,-1.4650,8.1905,-0.05%,Call,09/04/26,"4,450.00",184.80s,24.08%,-0.4527,0.0008,-1.0252,8.1905,-0.05%,Put,09/04/26
208.80s,24.09%,0.5350,0.0008,-1.4698,8.1990,-0.04%,Call,09/04/26,"4,455.00",187.40s,24.09%,-0.4567,0.0008,-1.0260,8.1990,-0.04%,Put,09/04/26
206.50s,24.11%,0.5311,0.0008,-1.4749,8.2068,-0.02%,Call,09/04/26,"4,460.00",190.00s,24.10%,-0.4606,0.0008,-1.0265,8.2068,-0.03%,Put,09/04/26
204.10s,24.11%,0.5272,0.0008,-1.4792,8.2137,-0.02%,Call,09/04/26,"4,465.00",192.60s,24.11%,-0.4645,0.0008,-1.0268,8.2137,-0.02%,Put,09/04/26
201.80s,24.12%,0.5232,0.0008,-1.4838,8.2197,-0.01%,Call,09/04/26,"4,470.00",195.20s,24.12%,-0.4685,0.0008,-1.0268,8.2198,-0.01%,Put,09/04/26
199.50s,24.13%,0.5193,0.0008,-1.4882,8.2250,+0.01%,Call,09/04/26,"4,475.00",197.90s,24.13%,-0.4724,0.0008,-1.0272,8.2250,unch,Put,09/04/26
197.20s,24.14%,0.5154,0.0008,-1.4924,8.2294,+0.01%,Call,09/04/26,"4,480.00",200.50s,24.13%,-0.4763,0.0008,-1.0268,8.2294,unch,Put,09/04/26
194.90s,24.15%,0.5115,0.0008,-1.4963,8.2331,+0.02%,Call,09/04/26,"4,485.00",203.30s,24.15%,-0.4802,0.0008,-1.0273,8.2331,+0.03%,Put,09/04/26
192.70s,24.16%,0.5076,0.0008,-1.5006,8.2359,+0.03%,Call,09/04/26,"4,490.00",206.00s,24.16%,-0.4841,0.0008,-1.0269,8.2359,+0.04%,Put,09/04/26
190.50s,24.17%,0.5037,0.0008,-1.5046,8.2379,+0.05%,Call,09/04/26,"4,495.00",208.80s,24.18%,-0.4880,0.0008,-1.0270,8.2379,+0.05%,Put,09/04/26
192.70s,24.19%,0.4998,0.0008,-1.5084,8.2391,+0.06%,Call,09/04/26,"4,500.00",211.50s,24.18%,-0.4919,0.0008,-1.0261,8.2391,+0.06%,Put,09/04/26
186.10s,24.19%,0.4959,0.0008,-1.5120,8.2395,+0.07%,Call,09/04/26,"4,505.00",214.40s,24.21%,-0.4958,0.0008,-1.0263,8.2395,+0.08%,Put,09/04/26
184.00s,24.21%,0.4920,0.0008,-1.5159,8.2391,+0.08%,Call,09/04/26,"4,510.00",217.20s,24.22%,-0.4997,0.0008,-1.0256,8.2391,+0.09%,Put,09/04/26
181.90s,24.23%,0.4882,0.0008,-1.5196,8.2379,+0.10%,Call,09/04/26,"4,515.00",220.00s,24.23%,-0.5035,0.0008,-1.0247,8.2379,+0.10%,Put,09/04/26
179.80s,24.24%,0.4843,0.0008,-1.5231,8.2360,+0.11%,Call,09/04/26,"4,520.00",222.90s,24.25%,-0.5074,0.0008,-1.0241,8.2360,+0.12%,Put,09/04/26
177.70s,24.25%,0.4805,0.0008,-1.5263,8.2332,+0.12%,Call,09/04/26,"4,525.00",225.80s,24.26%,-0.5112,0.0008,-1.0233,8.2333,+0.14%,Put,09/04/26
175.70s,24.27%,0.4766,0.0008,-1.5298,8.2298,+0.14%,Call,09/04/26,"4,530.00",228.70s,24.28%,-0.5150,0.0008,-1.0223,8.2298,+0.15%,Put,09/04/26
173.60s,24.28%,0.4728,0.0008,-1.5326,8.2255,+0.15%,Call,09/04/26,"4,535.00",231.60s,24.29%,-0.5189,0.0008,-1.0210,8.2255,+0.16%,Put,09/04/26
171.60s,24.29%,0.4690,0.0008,-1.5357,8.2205,+0.17%,Call,09/04/26,"4,540.00",234.60s,24.31%,-0.5226,0.0008,-1.0201,8.2206,+0.18%,Put,09/04/26
169.60s,24.31%,0.4652,0.0008,-1.5385,8.2147,+0.18%,Call,09/04/26,"4,545.00",237.60s,24.33%,-0.5264,0.0008,-1.0190,8.2148,+0.20%,Put,09/04/26
167.70s,24.33%,0.4614,0.0008,-1.5418,8.2083,+0.20%,Call,09/04/26,"4,550.00",240.60s,24.35%,-0.5302,0.0008,-1.0177,8.2084,+0.22%,Put,09/04/26
165.70s,24.34%,0.4576,0.0008,-1.5442,8.2011,+0.21%,Call,09/04/26,"4,555.00",243.60s,24.36%,-0.5340,0.0008,-1.0161,8.2012,+0.23%,Put,09/04/26
163.80s,24.36%,0.4539,0.0008,-1.5470,8.1931,+0.23%,Call,09/04/26,"4,560.00",246.60s,24.37%,-0.5377,0.0008,-1.0143,8.1932,+0.24%,Put,09/04/26
161.90s,24.38%,0.4502,0.0008,-1.5495,8.1845,+0.25%,Call,09/04/26,"4,565.00",249.70s,24.39%,-0.5415,0.0008,-1.0129,8.1846,+0.27%,Put,09/04/26
160.00s,24.39%,0.4464,0.0008,-1.5518,8.1751,+0.26%,Call,09/04/26,"4,570.00",252.70s,24.40%,-0.5452,0.0008,-1.0106,8.1752,+0.27%,Put,09/04/26
158.10s,24.40%,0.4427,0.0008,-1.5539,8.1650,+0.28%,Call,09/04/26,"4,575.00",255.80s,24.42%,-0.5489,0.0008,-1.0087,8.1652,+0.29%,Put,09/04/26
156.20s,24.41%,0.4390,0.0008,-1.5557,8.1542,+0.29%,Call,09/04/26,"4,580.00",259.00s,24.45%,-0.5526,0.0008,-1.0073,8.1546,+0.32%,Put,09/04/26
154.40s,24.44%,0.4353,0.0008,-1.5580,8.1428,+0.31%,Call,09/04/26,"4,585.00",262.10s,24.46%,-0.5563,0.0008,-1.0050,8.1432,+0.33%,Put,09/04/26
152.60s,24.45%,0.4316,0.0008,-1.5600,8.1307,+0.33%,Call,09/04/26,"4,590.00",265.20s,24.47%,-0.5600,0.0008,-1.0024,8.1310,+0.34%,Put,09/04/26
150.80s,24.47%,0.4280,0.0008,-1.5618,8.1179,+0.34%,Call,09/04/26,"4,595.00",268.40s,24.49%,-0.5636,0.0008,-1.0003,8.1183,+0.36%,Put,09/04/26
151.00s,24.48%,0.4243,0.0008,-1.5633,8.1045,+0.35%,Call,09/04/26,"4,600.00",271.60s,24.51%,-0.5672,0.0008,-0.9980,8.1050,+0.38%,Put,09/04/26
147.30s,24.51%,0.4207,0.0008,-1.5653,8.0905,+0.38%,Call,09/04/26,"4,605.00",274.80s,24.53%,-0.5709,0.0008,-0.9954,8.0909,+0.40%,Put,09/04/26
145.50s,24.52%,0.4171,0.0008,-1.5664,8.0756,+0.39%,Call,09/04/26,"4,610.00",278.00s,24.54%,-0.5745,0.0008,-0.9926,8.0762,+0.41%,Put,09/04/26
143.80s,24.54%,0.4135,0.0008,-1.5679,8.0604,+0.41%,Call,09/04/26,"4,615.00",281.30s,24.57%,-0.5780,0.0008,-0.9903,8.0610,+0.44%,Put,09/04/26
142.10s,24.55%,0.4099,0.0008,-1.5692,8.0444,+0.43%,Call,09/04/26,"4,620.00",284.60s,24.59%,-0.5816,0.0008,-0.9878,8.0453,+0.46%,Put,09/04/26
140.40s,24.57%,0.4064,0.0008,-1.5703,8.0278,+0.44%,Call,09/04/26,"4,625.00",287.80s,24.60%,-0.5852,0.0008,-0.9843,8.0285,+0.47%,Put,09/04/26
138.80s,24.59%,0.4029,0.0008,-1.5718,8.0108,+0.47%,Call,09/04/26,"4,630.00",291.20s,24.63%,-0.5886,0.0007,-0.9820,8.0117,+0.50%,Put,09/04/26
137.10s,24.61%,0.3993,0.0007,-1.5725,7.9929,+0.48%,Call,09/04/26,"4,635.00",294.50s,24.65%,-0.5922,0.0007,-0.9788,7.9940,+0.52%,Put,09/04/26
135.50s,24.63%,0.3958,0.0007,-1.5735,7.9746,+0.50%,Call,09/04/26,"4,640.00",297.80s,24.66%,-0.5957,0.0007,-0.9754,7.9756,+0.53%,Put,09/04/26
133.90s,24.65%,0.3923,0.0007,-1.5744,7.9558,+0.52%,Call,09/04/26,"4,645.00",301.20s,24.68%,-0.5991,0.0007,-0.9725,7.9570,+0.56%,Put,09/04/26
132.30s,24.66%,0.3888,0.0007,-1.5750,7.9363,+0.54%,Call,09/04/26,"4,650.00",304.50s,24.69%,-0.6027,0.0007,-0.9687,7.9373,+0.57%,Put,09/04/26
130.70s,24.68%,0.3854,0.0007,-1.5755,7.9162,+0.55%,Call,09/04/26,"4,655.00",307.90s,24.71%,-0.6061,0.0007,-0.9654,7.9175,+0.59%,Put,09/04/26
129.20s,24.71%,0.3820,0.0007,-1.5764,7.8959,+0.58%,Call,09/04/26,"4,660.00",311.30s,24.73%,-0.6095,0.0007,-0.9618,7.8970,+0.61%,Put,09/04/26
127.60s,24.72%,0.3785,0.0007,-1.5764,7.8745,+0.59%,Call,09/04/26,"4,665.00",314.80s,24.76%,-0.6129,0.0007,-0.9588,7.8764,+0.63%,Put,09/04/26
126.10s,24.74%,0.3752,0.0007,-1.5768,7.8530,+0.61%,Call,09/04/26,"4,670.00",318.20s,24.78%,-0.6163,0.0007,-0.9548,7.8547,+0.65%,Put,09/04/26
124.60s,24.76%,0.3718,0.0007,-1.5771,7.8310,+0.63%,Call,09/04/26,"4,675.00",321.70s,24.80%,-0.6196,0.0007,-0.9514,7.8329,+0.67%,Put,09/04/26
123.10s,24.78%,0.3684,0.0007,-1.5771,7.8083,+0.65%,Call,09/04/26,"4,680.00",325.20s,24.83%,-0.6229,0.0007,-0.9478,7.8106,+0.70%,Put,09/04/26
121.60s,24.79%,0.3651,0.0007,-1.5770,7.7850,+0.66%,Call,09/04/26,"4,685.00",328.70s,24.85%,-0.6263,0.0007,-0.9440,7.7877,+0.72%,Put,09/04/26
120.20s,24.82%,0.3618,0.0007,-1.5773,7.7618,+0.69%,Call,09/04/26,"4,690.00",332.20s,24.87%,-0.6296,0.0007,-0.9399,7.7642,+0.74%,Put,09/04/26
118.70s,24.83%,0.3584,0.0007,-1.5767,7.7374,+0.70%,Call,09/04/26,"4,695.00",335.70s,24.88%,-0.6329,0.0007,-0.9357,7.7402,+0.75%,Put,09/04/26
117.30s,24.85%,0.3552,0.0007,-1.5767,7.7130,+0.72%,Call,09/04/26,"4,700.00",339.20s,24.90%,-0.6362,0.0007,-0.9313,7.7155,+0.77%,Put,09/04/26
115.90s,24.87%,0.3519,0.0007,-1.5764,7.6881,+0.74%,Call,09/04/26,"4,705.00",342.80s,24.92%,-0.6394,0.0007,-0.9274,7.6910,+0.80%,Put,09/04/26
114.50s,24.89%,0.3487,0.0007,-1.5759,7.6627,+0.76%,Call,09/04/26,"4,710.00",346.40s,24.95%,-0.6426,0.0007,-0.9234,7.6660,+0.82%,Put,09/04/26
113.10s,24.91%,0.3454,0.0007,-1.5752,7.6367,+0.78%,Call,09/04/26,"4,715.00",350.00s,24.97%,-0.6458,0.0007,-0.9191,7.6405,+0.84%,Put,09/04/26
111.70s,24.92%,0.3422,0.0007,-1.5744,7.6101,+0.79%,Call,09/04/26,"4,720.00",353.60s,24.99%,-0.6490,0.0007,-0.9147,7.6144,+0.86%,Put,09/04/26
110.40s,24.95%,0.3391,0.0007,-1.5740,7.5838,+0.82%,Call,09/04/26,"4,725.00",357.20s,25.01%,-0.6521,0.0007,-0.9101,7.5878,+0.88%,Put,09/04/26
109.10s,24.97%,0.3359,0.0007,-1.5735,7.5570,+0.84%,Call,09/04/26,"4,730.00",360.80s,25.03%,-0.6553,0.0007,-0.9053,7.5606,+0.90%,Put,09/04/26
107.80s,24.99%,0.3328,0.0007,-1.5728,7.5297,+0.87%,Call,09/04/26,"4,735.00",364.50s,25.05%,-0.6584,0.0007,-0.9011,7.5338,+0.93%,Put,09/04/26
106.40s,25.00%,0.3296,0.0007,-1.5711,7.5009,+0.87%,Call,09/04/26,"4,740.00",368.10s,25.07%,-0.6616,0.0007,-0.8959,7.5056,+0.94%,Put,09/04/26
105.20s,25.03%,0.3266,0.0007,-1.5707,7.4736,+0.91%,Call,09/04/26,"4,745.00",371.80s,25.09%,-0.6646,0.0007,-0.8913,7.4778,+0.96%,Put,09/04/26
96.30s,25.05%,0.3235,0.0007,-1.5694,7.4447,+0.92%,Call,09/04/26,"4,750.00",375.50s,25.11%,-0.6677,0.0007,-0.8866,7.4495,+0.99%,Put,09/04/26
102.60s,25.06%,0.3204,0.0007,-1.5680,7.4153,+0.94%,Call,09/04/26,"4,755.00",379.20s,25.13%,-0.6707,0.0007,-0.8816,7.4207,+1.01%,Put,09/04/26
101.40s,25.09%,0.3174,0.0007,-1.5670,7.3865,+0.96%,Call,09/04/26,"4,760.00",383.00s,25.17%,-0.6737,0.0007,-0.8774,7.3925,+1.04%,Put,09/04/26
100.20s,25.11%,0.3144,0.0007,-1.5659,7.3572,+0.99%,Call,09/04/26,"4,765.00",386.70s,25.18%,-0.6767,0.0007,-0.8721,7.3628,+1.05%,Put,09/04/26
99.00s,25.14%,0.3115,0.0007,-1.5647,7.3275,+1.01%,Call,09/04/26,"4,770.00",390.50s,25.21%,-0.6796,0.0007,-0.8675,7.3337,+1.08%,Put,09/04/26
97.80s,25.16%,0.3085,0.0007,-1.5632,7.2972,+1.03%,Call,09/04/26,"4,775.00",394.20s,25.22%,-0.6826,0.0007,-0.8618,7.3030,+1.10%,Put,09/04/26
96.60s,25.18%,0.3055,0.0007,-1.5616,7.2666,+1.05%,Call,09/04/26,"4,780.00",398.00s,25.25%,-0.6856,0.0007,-0.8569,7.2730,+1.12%,Put,09/04/26
95.40s,25.19%,0.3026,0.0007,-1.5598,7.2354,+1.07%,Call,09/04/26,"4,785.00",401.80s,25.27%,-0.6885,0.0007,-0.8517,7.2425,+1.14%,Put,09/04/26
94.20s,25.21%,0.2996,0.0007,-1.5578,7.2037,+1.08%,Call,09/04/26,"4,790.00",405.60s,25.29%,-0.6914,0.0007,-0.8465,7.2116,+1.16%,Put,09/04/26
93.10s,25.24%,0.2968,0.0007,-1.5564,7.1729,+1.11%,Call,09/04/26,"4,795.00",409.50s,25.33%,-0.6941,0.0007,-0.8419,7.1815,+1.20%,Put,09/04/26
92.10s,25.26%,0.2939,0.0007,-1.5548,7.1417,+1.13%,Call,09/04/26,"4,800.00",413.30s,25.34%,-0.6970,0.0007,-0.8362,7.1498,+1.21%,Put,09/04/26
90.90s,25.28%,0.2911,0.0006,-1.5531,7.1100,+1.16%,Call,09/04/26,"4,805.00",417.10s,25.36%,-0.6999,0.0006,-0.8304,7.1175,+1.23%,Put,09/04/26
89.80s,25.31%,0.2883,0.0006,-1.5512,7.0780,+1.18%,Call,09/04/26,"4,810.00",421.00s,25.39%,-0.7027,0.0006,-0.8254,7.0862,+1.26%,Put,09/04/26
88.70s,25.33%,0.2855,0.0006,-1.5492,7.0454,+1.20%,Call,09/04/26,"4,815.00",424.90s,25.41%,-0.7054,0.0006,-0.8201,7.0546,+1.29%,Put,09/04/26
87.60s,25.34%,0.2827,0.0006,-1.5470,7.0125,+1.22%,Call,09/04/26,"4,820.00",428.80s,25.44%,-0.7082,0.0006,-0.8147,7.0225,+1.31%,Put,09/04/26
86.50s,25.36%,0.2799,0.0006,-1.5446,6.9791,+1.23%,Call,09/04/26,"4,825.00",432.70s,25.46%,-0.7109,0.0006,-0.8092,6.9900,+1.33%,Put,09/04/26
85.50s,25.39%,0.2772,0.0006,-1.5428,6.9469,+1.26%,Call,09/04/26,"4,830.00",436.60s,25.48%,-0.7136,0.0006,-0.8035,6.9572,+1.35%,Put,09/04/26
84.40s,25.40%,0.2744,0.0006,-1.5401,6.9127,+1.27%,Call,09/04/26,"4,835.00",440.60s,25.52%,-0.7162,0.0006,-0.7986,6.9255,+1.39%,Put,09/04/26
83.40s,25.43%,0.2718,0.0006,-1.5381,6.8797,+1.30%,Call,09/04/26,"4,840.00",444.50s,25.53%,-0.7189,0.0006,-0.7926,6.8918,+1.41%,Put,09/04/26
82.40s,25.45%,0.2691,0.0006,-1.5359,6.8463,+1.32%,Call,09/04/26,"4,845.00",448.50s,25.56%,-0.7215,0.0006,-0.7874,6.8595,+1.44%,Put,09/04/26
98.50s,25.47%,0.2665,0.0006,-1.5335,6.8125,+1.35%,Call,09/04/26,"4,850.00",452.40s,25.58%,-0.7242,0.0006,-0.7810,6.8250,+1.45%,Put,09/04/26
80.40s,25.50%,0.2638,0.0006,-1.5310,6.7784,+1.37%,Call,09/04/26,"4,855.00",456.40s,25.61%,-0.7268,0.0006,-0.7755,6.7919,+1.48%,Put,09/04/26
79.50s,25.53%,0.2613,0.0006,-1.5292,6.7457,+1.40%,Call,09/04/26,"4,860.00",460.40s,25.63%,-0.7294,0.0006,-0.7699,6.7584,+1.50%,Put,09/04/26
78.50s,25.55%,0.2587,0.0006,-1.5264,6.7108,+1.42%,Call,09/04/26,"4,865.00",464.40s,25.65%,-0.7319,0.0006,-0.7641,6.7246,+1.53%,Put,09/04/26
77.60s,25.58%,0.2562,0.0006,-1.5243,6.6775,+1.45%,Call,09/04/26,"4,870.00",468.50s,25.69%,-0.7344,0.0006,-0.7591,6.6924,+1.56%,Put,09/04/26
76.60s,25.59%,0.2536,0.0006,-1.5212,6.6418,+1.46%,Call,09/04/26,"4,875.00",472.50s,25.71%,-0.7369,0.0006,-0.7530,6.6579,+1.58%,Put,09/04/26
75.70s,25.62%,0.2511,0.0006,-1.5188,6.6078,+1.49%,Call,09/04/26,"4,880.00",476.50s,25.73%,-0.7395,0.0006,-0.7468,6.6230,+1.60%,Put,09/04/26
74.80s,25.64%,0.2487,0.0006,-1.5163,6.5734,+1.52%,Call,09/04/26,"4,885.00",480.60s,25.76%,-0.7419,0.0006,-0.7414,6.5898,+1.64%,Put,09/04/26
73.90s,25.67%,0.2462,0.0006,-1.5137,6.5387,+1.54%,Call,09/04/26,"4,890.00",484.70s,25.80%,-0.7442,0.0006,-0.7360,6.5563,+1.67%,Put,09/04/26
73.00s,25.69%,0.2437,0.0006,-1.5108,6.5037,+1.56%,Call,09/04/26,"4,895.00",488.80s,25.82%,-0.7466,0.0006,-0.7303,6.5225,+1.70%,Put,09/04/26
72.10s,25.71%,0.2413,0.0006,-1.5079,6.4683,+1.58%,Call,09/04/26,"4,900.00",492.90s,25.85%,-0.7490,0.0006,-0.7246,6.4884,+1.72%,Put,09/04/26
71.20s,25.73%,0.2388,0.0006,-1.5048,6.4326,+1.60%,Call,09/04/26,"4,905.00",497.00s,25.88%,-0.7514,0.0006,-0.7187,6.4540,+1.75%,Put,09/04/26
70.40s,25.76%,0.2365,0.0006,-1.5025,6.3988,+1.63%,Call,09/04/26,"4,910.00",501.10s,25.90%,-0.7538,0.0006,-0.7127,6.4193,+1.78%,Put,09/04/26
69.60s,25.79%,0.2342,0.0006,-1.5001,6.3647,+1.67%,Call,09/04/26,"4,915.00",505.20s,25.93%,-0.7561,0.0006,-0.7065,6.3843,+1.80%,Put,09/04/26
68.70s,25.81%,0.2318,0.0006,-1.4966,6.3280,+1.68%,Call,09/04/26,"4,920.00",509.30s,25.95%,-0.7585,0.0006,-0.7002,6.3490,+1.82%,Put,09/04/26
67.90s,25.84%,0.2295,0.0006,-1.4939,6.2934,+1.71%,Call,09/04/26,"4,925.00",513.50s,25.98%,-0.7607,0.0006,-0.6949,6.3157,+1.86%,Put,09/04/26
67.10s,25.86%,0.2273,0.0006,-1.4910,6.2584,+1.74%,Call,09/04/26,"4,930.00",517.70s,26.02%,-0.7629,0.0006,-0.6895,6.2822,+1.89%,Put,09/04/26
66.30s,25.89%,0.2250,0.0006,-1.4881,6.2232,+1.76%,Call,09/04/26,"4,935.00",521.80s,26.04%,-0.7652,0.0006,-0.6828,6.2460,+1.91%,Put,09/04/26
65.50s,25.91%,0.2227,0.0006,-1.4850,6.1877,+1.78%,Call,09/04/26,"4,940.00",526.00s,26.07%,-0.7674,0.0005,-0.6771,6.2119,+1.94%,Put,09/04/26
64.70s,25.94%,0.2205,0.0005,-1.4818,6.1519,+1.81%,Call,09/04/26,"4,945.00",530.20s,26.10%,-0.7696,0.0005,-0.6713,6.1776,+1.97%,Put,09/04/26
63.90s,25.96%,0.2182,0.0005,-1.4785,6.1158,+1.83%,Call,09/04/26,"4,950.00",534.40s,26.12%,-0.7718,0.0005,-0.6654,6.1430,+2.00%,Put,09/04/26
63.20s,25.99%,0.2161,0.0005,-1.4760,6.0821,+1.86%,Call,09/04/26,"4,955.00",538.60s,26.15%,-0.7740,0.0005,-0.6593,6.1082,+2.02%,Put,09/04/26
62.40s,26.01%,0.2139,0.0005,-1.4724,6.0454,+1.88%,Call,09/04/26,"4,960.00",542.80s,26.18%,-0.7761,0.0005,-0.6532,6.0731,+2.05%,Put,09/04/26
61.70s,26.04%,0.2118,0.0005,-1.4697,6.0112,+1.91%,Call,09/04/26,"4,965.00",547.10s,26.22%,-0.7781,0.0005,-0.6480,6.0405,+2.09%,Put,09/04/26
61.00s,26.07%,0.2097,0.0005,-1.4669,5.9768,+1.95%,Call,09/04/26,"4,970.00",551.30s,26.24%,-0.7803,0.0005,-0.6416,6.0050,+2.11%,Put,09/04/26
60.20s,26.09%,0.2075,0.0005,-1.4629,5.9393,+1.96%,Call,09/04/26,"4,975.00",555.60s,26.28%,-0.7823,0.0005,-0.6363,5.9719,+2.15%,Put,09/04/26
59.50s,26.11%,0.2054,0.0005,-1.4599,5.9044,+1.99%,Call,09/04/26,"4,980.00",559.80s,26.30%,-0.7844,0.0005,-0.6297,5.9359,+2.17%,Put,09/04/26
58.80s,26.14%,0.2034,0.0005,-1.4567,5.8692,+2.01%,Call,09/04/26,"4,985.00",564.10s,26.33%,-0.7864,0.0005,-0.6241,5.9024,+2.21%,Put,09/04/26
58.10s,26.17%,0.2013,0.0005,-1.4534,5.8338,+2.04%,Call,09/04/26,"4,990.00",568.40s,26.37%,-0.7884,0.0005,-0.6185,5.8688,+2.24%,Put,09/04/26
57.50s,26.21%,0.1994,0.0005,-1.4511,5.8012,+2.08%,Call,09/04/26,"4,995.00",572.70s,26.40%,-0.7903,0.0005,-0.6127,5.8349,+2.27%,Put,09/04/26
58.30s,26.23%,0.1974,0.0005,-1.4476,5.7654,+2.10%,Call,09/04/26,"5,000.00",576.50s,26.43%,-0.7923,0.0005,-0.6069,5.8009,+2.30%,Put,09/04/26
56.10s,26.25%,0.1953,0.0005,-1.4440,5.7293,+2.12%,Call,09/04/26,"5,005.00",581.30s,26.46%,-0.7942,0.0005,-0.6009,5.7666,+2.33%,Put,09/04/26
55.50s,26.29%,0.1935,0.0005,-1.4413,5.6962,+2.16%,Call,09/04/26,"5,010.00",585.60s,26.49%,-0.7962,0.0005,-0.5948,5.7321,+2.36%,Put,09/04/26
54.80s,26.31%,0.1914,0.0005,-1.4375,5.6596,+2.18%,Call,09/04/26,"5,015.00",589.90s,26.52%,-0.7981,0.0005,-0.5887,5.6974,+2.39%,Put,09/04/26
54.20s,26.34%,0.1896,0.0005,-1.4346,5.6260,+2.21%,Call,09/04/26,"5,020.00",594.30s,26.56%,-0.7999,0.0005,-0.5837,5.6658,+2.43%,Put,09/04/26
53.50s,26.36%,0.1876,0.0005,-1.4306,5.5890,+2.23%,Call,09/04/26,"5,025.00",598.60s,26.58%,-0.8018,0.0005,-0.5773,5.6307,+2.45%,Put,09/04/26
52.90s,26.39%,0.1857,0.0005,-1.4275,5.5551,+2.26%,Call,09/04/26,"5,030.00",602.90s,26.61%,-0.8038,0.0005,-0.5708,5.5954,+2.48%,Put,09/04/26
52.30s,26.42%,0.1839,0.0005,-1.4244,5.5209,+2.29%,Call,09/04/26,"5,035.00",607.30s,26.65%,-0.8055,0.0005,-0.5655,5.5632,+2.52%,Put,09/04/26
51.70s,26.45%,0.1821,0.0005,-1.4211,5.4866,+2.32%,Call,09/04/26,"5,040.00",611.70s,26.68%,-0.8073,0.0005,-0.5602,5.5309,+2.56%,Put,09/04/26
51.10s,26.48%,0.1802,0.0005,-1.4178,5.4522,+2.35%,Call,09/04/26,"5,045.00",616.00s,26.70%,-0.8092,0.0005,-0.5534,5.4950,+2.57%,Put,09/04/26
50.50s,26.51%,0.1784,0.0005,-1.4143,5.4175,+2.38%,Call,09/04/26,"5,050.00",620.40s,26.74%,-0.8109,0.0005,-0.5478,5.4624,+2.61%,Put,09/04/26
49.90s,26.53%,0.1766,0.0005,-1.4108,5.3826,+2.40%,Call,09/04/26,"5,055.00",624.80s,26.77%,-0.8127,0.0005,-0.5422,5.4295,+2.64%,Put,09/04/26
49.30s,26.55%,0.1748,0.0005,-1.4071,5.3475,+2.43%,Call,09/04/26,"5,060.00",629.20s,26.81%,-0.8144,0.0005,-0.5364,5.3966,+2.68%,Put,09/04/26
48.70s,26.58%,0.1729,0.0005,-1.4034,5.3122,+2.45%,Call,09/04/26,"5,065.00",633.60s,26.84%,-0.8161,0.0005,-0.5306,5.3635,+2.71%,Put,09/04/26
48.20s,26.62%,0.1713,0.0005,-1.4007,5.2805,+2.49%,Call,09/04/26,"5,070.00",638.00s,26.87%,-0.8178,0.0005,-0.5247,5.3302,+2.74%,Put,09/04/26
47.60s,26.64%,0.1695,0.0005,-1.3968,5.2448,+2.51%,Call,09/04/26,"5,075.00",642.40s,26.90%,-0.8195,0.0005,-0.5187,5.2968,+2.77%,Put,09/04/26
47.10s,26.67%,0.1679,0.0005,-1.3939,5.2128,+2.55%,Call,09/04/26,"5,080.00",646.90s,26.94%,-0.8211,0.0005,-0.5140,5.2669,+2.82%,Put,09/04/26
46.50s,26.69%,0.1661,0.0004,-1.3898,5.1768,+2.56%,Call,09/04/26,"5,085.00",651.30s,26.97%,-0.8228,0.0004,-0.5078,5.2332,+2.84%,Put,09/04/26
46.00s,26.73%,0.1645,0.0004,-1.3868,5.1445,+2.60%,Call,09/04/26,"5,090.00",655.80s,27.02%,-0.8243,0.0004,-0.5030,5.2031,+2.89%,Put,09/04/26
45.50s,26.76%,0.1629,0.0004,-1.3837,5.1121,+2.63%,Call,09/04/26,"5,095.00",660.20s,27.04%,-0.8260,0.0004,-0.4966,5.1691,+2.91%,Put,09/04/26
42.10s,26.79%,0.1613,0.0004,-1.3806,5.0795,+2.67%,Call,09/04/26,"5,100.00",664.70s,27.08%,-0.8275,0.0004,-0.4916,5.1388,+2.96%,Put,09/04/26
44.40s,26.81%,0.1595,0.0004,-1.3760,5.0427,+2.68%,Call,09/04/26,"5,105.00",669.10s,27.11%,-0.8292,0.0004,-0.4851,5.1045,+2.98%,Put,09/04/26
43.90s,26.84%,0.1579,0.0004,-1.3727,5.0098,+2.71%,Call,09/04/26,"5,110.00",673.60s,27.15%,-0.8306,0.0004,-0.4799,5.0740,+3.02%,Put,09/04/26
43.40s,26.87%,0.1563,0.0004,-1.3693,4.9768,+2.74%,Call,09/04/26,"5,115.00",678.10s,27.19%,-0.8321,0.0004,-0.4747,5.0434,+3.06%,Put,09/04/26
42.90s,26.89%,0.1548,0.0004,-1.3658,4.9436,+2.76%,Call,09/04/26,"5,120.00",682.50s,27.20%,-0.8338,0.0004,-0.4680,5.0086,+3.08%,Put,09/04/26
42.40s,26.92%,0.1532,0.0004,-1.3622,4.9103,+2.79%,Call,09/04/26,"5,125.00",687.00s,27.24%,-0.8353,0.0004,-0.4626,4.9777,+3.11%,Put,09/04/26
42.00s,26.97%,0.1518,0.0004,-1.3598,4.8811,+2.84%,Call,09/04/26,"5,130.00",691.50s,27.28%,-0.8368,0.0004,-0.4571,4.9468,+3.15%,Put,09/04/26
41.50s,26.99%,0.1502,0.0004,-1.3560,4.8475,+2.86%,Call,09/04/26,"5,135.00",696.00s,27.31%,-0.8382,0.0004,-0.4516,4.9157,+3.18%,Put,09/04/26
41.00s,27.01%,0.1487,0.0004,-1.3522,4.8138,+2.88%,Call,09/04/26,"5,140.00",700.50s,27.35%,-0.8397,0.0004,-0.4460,4.8845,+3.22%,Put,09/04/26
40.60s,27.06%,0.1473,0.0004,-1.3496,4.7844,+2.93%,Call,09/04/26,"5,145.00",705.10s,27.40%,-0.8410,0.0004,-0.4418,4.8576,+3.27%,Put,09/04/26
40.10s,27.08%,0.1458,0.0004,-1.3456,4.7504,+2.95%,Call,09/04/26,"5,150.00",709.60s,27.43%,-0.8424,0.0004,-0.4361,4.8262,+3.30%,Put,09/04/26
39.70s,27.12%,0.1444,0.0004,-1.3429,4.7208,+2.99%,Call,09/04/26,"5,155.00",714.10s,27.46%,-0.8439,0.0004,-0.4303,4.7947,+3.33%,Put,09/04/26
39.20s,27.13%,0.1428,0.0004,-1.3387,4.6864,+3.01%,Call,09/04/26,"5,160.00",718.60s,27.49%,-0.8453,0.0004,-0.4244,4.7631,+3.36%,Put,09/04/26
38.80s,27.17%,0.1415,0.0004,-1.3358,4.6566,+3.04%,Call,09/04/26,"5,165.00",723.20s,27.54%,-0.8466,0.0004,-0.4200,4.7359,+3.41%,Put,09/04/26
38.30s,27.19%,0.1400,0.0004,-1.3315,4.6220,+3.06%,Call,09/04/26,"5,170.00",727.70s,27.57%,-0.8480,0.0004,-0.4140,4.7041,+3.44%,Put,09/04/26
37.90s,27.22%,0.1386,0.0004,-1.3285,4.5920,+3.10%,Call,09/04/26,"5,175.00",732.30s,27.61%,-0.8493,0.0004,-0.4094,4.6768,+3.49%,Put,09/04/26
37.50s,27.26%,0.1373,0.0004,-1.3254,4.5619,+3.13%,Call,09/04/26,"5,180.00",736.80s,27.64%,-0.8507,0.0004,-0.4033,4.6448,+3.51%,Put,09/04/26
37.10s,27.29%,0.1360,0.0004,-1.3223,4.5317,+3.16%,Call,09/04/26,"5,185.00",741.40s,27.68%,-0.8519,0.0004,-0.3986,4.6173,+3.56%,Put,09/04/26
36.70s,27.33%,0.1346,0.0004,-1.3191,4.5014,+3.20%,Call,09/04/26,"5,190.00",746.00s,27.73%,-0.8532,0.0004,-0.3939,4.5898,+3.60%,Put,09/04/26
36.30s,27.36%,0.1333,0.0004,-1.3158,4.4710,+3.23%,Call,09/04/26,"5,195.00",750.50s,27.75%,-0.8546,0.0004,-0.3876,4.5574,+3.62%,Put,09/04/26
35.70s,27.39%,0.1320,0.0004,-1.3125,4.4405,+3.26%,Call,09/04/26,"5,200.00",755.10s,27.79%,-0.8558,0.0004,-0.3828,4.5298,+3.66%,Put,09/04/26
35.50s,27.42%,0.1307,0.0004,-1.3090,4.4099,+3.29%,Call,09/04/26,"5,205.00",759.70s,27.83%,-0.8570,0.0004,-0.3779,4.5020,+3.71%,Put,09/04/26
35.10s,27.45%,0.1294,0.0004,-1.3056,4.3792,+3.32%,Call,09/04/26,"5,210.00",764.30s,27.87%,-0.8582,0.0004,-0.3729,4.4743,+3.75%,Put,09/04/26
34.70s,27.47%,0.1280,0.0004,-1.3020,4.3484,+3.35%,Call,09/04/26,"5,215.00",768.90s,27.91%,-0.8594,0.0004,-0.3680,4.4464,+3.79%,Put,09/04/26
34.30s,27.50%,0.1267,0.0004,-1.2984,4.3175,+3.37%,Call,09/04/26,"5,220.00",773.50s,27.95%,-0.8607,0.0004,-0.3629,4.4185,+3.82%,Put,09/04/26
33.90s,27.52%,0.1254,0.0004,-1.2947,4.2865,+3.40%,Call,09/04/26,"5,225.00",778.10s,27.99%,-0.8619,0.0004,-0.3578,4.3906,+3.86%,Put,09/04/26
33.60s,27.57%,0.1243,0.0004,-1.2925,4.2607,+3.44%,Call,09/04/26,"5,230.00",782.70s,28.03%,-0.8630,0.0004,-0.3527,4.3625,+3.90%,Put,09/04/26
33.20s,27.59%,0.1230,0.0004,-1.2887,4.2294,+3.47%,Call,09/04/26,"5,235.00",787.30s,28.06%,-0.8642,0.0004,-0.3475,4.3344,+3.93%,Put,09/04/26
32.80s,27.62%,0.1217,0.0004,-1.2848,4.1981,+3.49%,Call,09/04/26,"5,240.00",792.00s,28.12%,-0.8652,0.0004,-0.3439,4.3114,+3.99%,Put,09/04/26
32.50s,27.66%,0.1207,0.0003,-1.2824,4.1721,+3.53%,Call,09/04/26,"5,245.00",796.60s,28.16%,-0.8664,0.0004,-0.3386,4.2832,+4.03%,Put,09/04/26
33.00s,27.68%,0.1194,0.0003,-1.2784,4.1406,+3.55%,Call,09/04/26,"5,250.00",801.20s,28.19%,-0.8676,0.0003,-0.3332,4.2549,+4.06%,Put,09/04/26
31.80s,27.72%,0.1183,0.0003,-1.2758,4.1145,+3.60%,Call,09/04/26,"5,255.00",805.80s,28.22%,-0.8688,0.0003,-0.3278,4.2266,+4.09%,Put,09/04/26
31.50s,27.77%,0.1172,0.0003,-1.2733,4.0884,+3.64%,Call,09/04/26,"5,260.00",810.50s,28.27%,-0.8697,0.0003,-0.3241,4.2034,+4.15%,Put,09/04/26
31.10s,27.78%,0.1160,0.0003,-1.2691,4.0565,+3.65%,Call,09/04/26,"5,265.00",815.10s,28.30%,-0.8709,0.0003,-0.3186,4.1750,+4.18%,Put,09/04/26
30.80s,27.82%,0.1149,0.0003,-1.2664,4.0303,+3.69%,Call,09/04/26,"5,270.00",819.80s,28.36%,-0.8719,0.0003,-0.3147,4.1518,+4.23%,Put,09/04/26
30.50s,27.86%,0.1138,0.0003,-1.2637,4.0040,+3.73%,Call,09/04/26,"5,275.00",824.40s,28.39%,-0.8730,0.0003,-0.3091,4.1232,+4.26%,Put,09/04/26
30.10s,27.87%,0.1126,0.0003,-1.2593,3.9718,+3.74%,Call,09/04/26,"5,280.00",829.10s,28.44%,-0.8740,0.0003,-0.3052,4.1000,+4.31%,Put,09/04/26
29.80s,27.91%,0.1115,0.0003,-1.2564,3.9454,+3.78%,Call,09/04/26,"5,285.00",833.80s,28.49%,-0.8749,0.0003,-0.3013,4.0768,+4.36%,Put,09/04/26
29.50s,27.95%,0.1105,0.0003,-1.2536,3.9189,+3.82%,Call,09/04/26,"5,290.00",838.40s,28.51%,-0.8761,0.0003,-0.2955,4.0480,+4.39%,Put,09/04/26
29.20s,27.98%,0.1094,0.0003,-1.2506,3.8923,+3.85%,Call,09/04/26,"5,295.00",843.10s,28.56%,-0.8770,0.0003,-0.2915,4.0248,+4.44%,Put,09/04/26
29.60s,28.02%,0.1084,0.0003,-1.2476,3.8657,+3.89%,Call,09/04/26,"5,300.00",847.80s,28.61%,-0.8779,0.0003,-0.2874,4.0015,+4.48%,Put,09/04/26
28.60s,28.05%,0.1074,0.0003,-1.2446,3.8391,+3.92%,Call,09/04/26,"5,305.00",852.50s,28.66%,-0.8789,0.0003,-0.2833,3.9782,+4.53%,Put,09/04/26
28.30s,28.08%,0.1063,0.0003,-1.2415,3.8124,+3.95%,Call,09/04/26,"5,310.00",857.10s,28.68%,-0.8800,0.0003,-0.2773,3.9492,+4.55%,Put,09/04/26
28.00s,28.11%,0.1053,0.0003,-1.2384,3.7856,+3.98%,Call,09/04/26,"5,315.00",861.80s,28.73%,-0.8809,0.0003,-0.2731,3.9258,+4.60%,Put,09/04/26
27.70s,28.14%,0.1043,0.0003,-1.2352,3.7587,+4.01%,Call,09/04/26,"5,320.00",866.50s,28.77%,-0.8819,0.0003,-0.2689,3.9024,+4.64%,Put,09/04/26
27.40s,28.17%,0.1032,0.0003,-1.2320,3.7318,+4.04%,Call,09/04/26,"5,325.00",871.20s,28.82%,-0.8828,0.0003,-0.2646,3.8790,+4.69%,Put,09/04/26
27.10s,28.20%,0.1022,0.0003,-1.2287,3.7049,+4.07%,Call,09/04/26,"5,330.00",875.90s,28.86%,-0.8837,0.0003,-0.2603,3.8556,+4.73%,Put,09/04/26
26.90s,28.26%,0.1014,0.0003,-1.2270,3.6841,+4.13%,Call,09/04/26,"5,335.00",880.60s,28.90%,-0.8846,0.0003,-0.2560,3.8321,+4.78%,Put,09/04/26
26.60s,28.28%,0.1004,0.0003,-1.2237,3.6571,+4.15%,Call,09/04/26,"5,340.00",885.30s,28.95%,-0.8855,0.0003,-0.2516,3.8087,+4.82%,Put,09/04/26
26.30s,28.31%,0.0994,0.0003,-1.2203,3.6299,+4.18%,Call,09/04/26,"5,345.00",890.00s,28.99%,-0.8864,0.0003,-0.2472,3.7852,+4.86%,Put,09/04/26
26.10s,28.36%,0.0986,0.0003,-1.2185,3.6092,+4.23%,Call,09/04/26,"5,350.00",894.80s,29.05%,-0.8871,0.0003,-0.2446,3.7676,+4.93%,Put,09/04/26
25.80s,28.38%,0.0976,0.0003,-1.2150,3.5819,+4.26%,Call,09/04/26,"5,355.00",899.50s,29.09%,-0.8880,0.0003,-0.2402,3.7441,+4.97%,Put,09/04/26
25.50s,28.41%,0.0966,0.0003,-1.2114,3.5546,+4.28%,Call,09/04/26,"5,360.00",904.20s,29.13%,-0.8889,0.0003,-0.2356,3.7206,+5.01%,Put,09/04/26
25.30s,28.46%,0.0958,0.0003,-1.2096,3.5338,+4.33%,Call,09/04/26,"5,365.00",908.90s,29.17%,-0.8898,0.0003,-0.2311,3.6970,+5.04%,Put,09/04/26
25.00s,28.48%,0.0948,0.0003,-1.2059,3.5064,+4.35%,Call,09/04/26,"5,370.00",913.70s,29.24%,-0.8905,0.0003,-0.2284,3.6795,+5.11%,Put,09/04/26
24.80s,28.53%,0.0940,0.0003,-1.2040,3.4855,+4.40%,Call,09/04/26,"5,375.00",918.40s,29.27%,-0.8913,0.0003,-0.2238,3.6560,+5.15%,Put,09/04/26
24.50s,28.55%,0.0930,0.0003,-1.2003,3.4580,+4.42%,Call,09/04/26,"5,380.00",923.10s,29.31%,-0.8922,0.0003,-0.2191,3.6323,+5.18%,Put,09/04/26
24.30s,28.59%,0.0923,0.0003,-1.1983,3.4371,+4.47%,Call,09/04/26,"5,385.00",927.90s,29.37%,-0.8929,0.0003,-0.2164,3.6149,+5.25%,Put,09/04/26
24.00s,28.61%,0.0912,0.0003,-1.1944,3.4094,+4.48%,Call,09/04/26,"5,390.00",932.60s,29.41%,-0.8938,0.0003,-0.2117,3.5912,+5.28%,Put,09/04/26
23.80s,28.66%,0.0905,0.0003,-1.1924,3.3885,+4.53%,Call,09/04/26,"5,395.00",937.40s,29.47%,-0.8944,0.0003,-0.2089,3.5738,+5.34%,Put,09/04/26
23.60s,28.70%,0.0897,0.0003,-1.1903,3.3675,+4.57%,Call,09/04/26,"5,400.00",942.10s,29.50%,-0.8953,0.0003,-0.2041,3.5501,+5.38%,Put,09/04/26
23.30s,28.72%,0.0887,0.0003,-1.1863,3.3397,+4.59%,Call,09/04/26,"5,405.00",946.90s,29.56%,-0.8959,0.0003,-0.2012,3.5327,+5.44%,Put,09/04/26
23.10s,28.76%,0.0880,0.0003,-1.1841,3.3187,+4.63%,Call,09/04/26,"5,410.00",951.60s,29.60%,-0.8968,0.0003,-0.1964,3.5090,+5.47%,Put,09/04/26
22.90s,28.80%,0.0872,0.0003,-1.1819,3.2977,+4.67%,Call,09/04/26,"5,415.00",956.40s,29.66%,-0.8974,0.0003,-0.1935,3.4916,+5.53%,Put,09/04/26
22.70s,28.84%,0.0865,0.0003,-1.1797,3.2767,+4.72%,Call,09/04/26,"5,420.00",961.10s,29.69%,-0.8983,0.0003,-0.1886,3.4679,+5.56%,Put,09/04/26
22.40s,28.85%,0.0855,0.0003,-1.1755,3.2486,+4.73%,Call,09/04/26,"5,425.00",965.90s,29.74%,-0.8989,0.0003,-0.1856,3.4505,+5.62%,Put,09/04/26
22.20s,28.89%,0.0848,0.0003,-1.1732,3.2275,+4.77%,Call,09/04/26,"5,430.00",970.70s,29.80%,-0.8996,0.0003,-0.1827,3.4332,+5.67%,Put,09/04/26
22.00s,28.93%,0.0840,0.0003,-1.1709,3.2064,+4.81%,Call,09/04/26,"5,435.00",975.50s,29.86%,-0.9002,0.0003,-0.1797,3.4159,+5.73%,Put,09/04/26
21.80s,28.97%,0.0833,0.0003,-1.1685,3.1853,+4.84%,Call,09/04/26,"5,440.00",980.20s,29.89%,-0.9011,0.0003,-0.1746,3.3920,+5.76%,Put,09/04/26
21.60s,29.01%,0.0826,0.0003,-1.1661,3.1642,+4.88%,Call,09/04/26,"5,445.00",985.00s,29.94%,-0.9017,0.0003,-0.1716,3.3747,+5.82%,Put,09/04/26
21.40s,29.05%,0.0818,0.0002,-1.1637,3.1430,+4.92%,Call,09/04/26,"5,450.00",989.80s,30.00%,-0.9023,0.0003,-0.1686,3.3575,+5.87%,Put,09/04/26
21.20s,29.08%,0.0811,0.0002,-1.1612,3.1219,+4.96%,Call,09/04/26,"5,455.00",994.60s,30.05%,-0.9029,0.0003,-0.1655,3.3402,+5.93%,Put,09/04/26
21.00s,29.12%,0.0804,0.0002,-1.1588,3.1007,+4.99%,Call,09/04/26,"5,460.00",999.40s,30.11%,-0.9035,0.0003,-0.1624,3.3230,+5.98%,Put,09/04/26
20.80s,29.16%,0.0796,0.0002,-1.1562,3.0795,+5.03%,Call,09/04/26,"5,465.00","1,004.10s",30.13%,-0.9044,0.0003,-0.1572,3.2990,+6.00%,Put,09/04/26
20.60s,29.19%,0.0789,0.0002,-1.1537,3.0583,+5.06%,Call,09/04/26,"5,470.00","1,008.90s",30.19%,-0.9050,0.0003,-0.1541,3.2818,+6.06%,Put,09/04/26
20.40s,29.22%,0.0782,0.0002,-1.1511,3.0371,+5.10%,Call,09/04/26,"5,475.00","1,013.70s",30.24%,-0.9056,0.0002,-0.1509,3.2646,+6.11%,Put,09/04/26
20.20s,29.26%,0.0775,0.0002,-1.1485,3.0158,+5.13%,Call,09/04/26,"5,480.00","1,018.50s",30.29%,-0.9062,0.0002,-0.1477,3.2473,+6.16%,Put,09/04/26
20.00s,29.29%,0.0768,0.0002,-1.1458,2.9945,+5.16%,Call,09/04/26,"5,485.00","1,023.30s",30.34%,-0.9068,0.0002,-0.1445,3.2301,+6.22%,Put,09/04/26
19.80s,29.32%,0.0760,0.0002,-1.1431,2.9732,+5.19%,Call,09/04/26,"5,490.00","1,028.10s",30.39%,-0.9074,0.0002,-0.1413,3.2129,+6.27%,Put,09/04/26
19.60s,29.35%,0.0753,0.0002,-1.1404,2.9518,+5.22%,Call,09/04/26,"5,495.00","1,032.90s",30.45%,-0.9080,0.0002,-0.1381,3.1958,+6.32%,Put,09/04/26
19.10s,29.41%,0.0749,0.0002,-1.1397,2.9381,+5.29%,Call,09/04/26,"5,500.00","1,037.70s",30.50%,-0.9086,0.0002,-0.1348,3.1786,+6.37%,Put,09/04/26
19.30s,29.44%,0.0741,0.0002,-1.1369,2.9168,+5.32%,Call,09/04/26,"5,505.00","1,042.60s",30.58%,-0.9090,0.0002,-0.1337,3.1683,+6.45%,Put,09/04/26
19.10s,29.47%,0.0734,0.0002,-1.1341,2.8954,+5.34%,Call,09/04/26,"5,510.00","1,047.40s",30.63%,-0.9096,0.0002,-0.1304,3.1512,+6.50%,Put,09/04/26
18.90s,29.50%,0.0727,0.0002,-1.1313,2.8739,+5.37%,Call,09/04/26,"5,515.00","1,052.20s",30.68%,-0.9102,0.0002,-0.1270,3.1341,+6.55%,Put,09/04/26
18.80s,29.56%,0.0723,0.0002,-1.1305,2.8603,+5.43%,Call,09/04/26,"5,520.00","1,057.00s",30.72%,-0.9108,0.0002,-0.1237,3.1170,+6.60%,Put,09/04/26
18.60s,29.59%,0.0716,0.0002,-1.1276,2.8388,+5.46%,Call,09/04/26,"5,525.00","1,061.80s",30.77%,-0.9113,0.0002,-0.1204,3.0999,+6.64%,Put,09/04/26
18.40s,29.61%,0.0709,0.0002,-1.1247,2.8173,+5.48%,Call,09/04/26,"5,530.00","1,066.60s",30.82%,-0.9119,0.0002,-0.1170,3.0828,+6.69%,Put,09/04/26
18.30s,29.67%,0.0704,0.0002,-1.1238,2.8037,+5.55%,Call,09/04/26,"5,535.00","1,071.50s",30.90%,-0.9123,0.0002,-0.1158,3.0727,+6.77%,Put,09/04/26
18.10s,29.70%,0.0697,0.0002,-1.1208,2.7822,+5.57%,Call,09/04/26,"5,540.00","1,076.30s",30.94%,-0.9129,0.0002,-0.1124,3.0557,+6.82%,Put,09/04/26
17.90s,29.72%,0.0690,0.0002,-1.1178,2.7606,+5.59%,Call,09/04/26,"5,545.00","1,081.10s",30.99%,-0.9134,0.0002,-0.1089,3.0386,+6.86%,Put,09/04/26
17.80s,29.78%,0.0686,0.0002,-1.1169,2.7471,+5.65%,Call,09/04/26,"5,550.00","1,085.90s",31.03%,-0.9140,0.0002,-0.1055,3.0216,+6.91%,Put,09/04/26
17.60s,29.80%,0.0679,0.0002,-1.1139,2.7255,+5.67%,Call,09/04/26,"5,555.00","1,090.80s",31.11%,-0.9144,0.0002,-0.1043,3.0117,+6.98%,Put,09/04/26
17.50s,29.86%,0.0674,0.0002,-1.1129,2.7120,+5.73%,Call,09/04/26,"5,560.00","1,095.60s",31.16%,-0.9149,0.0002,-0.1008,2.9946,+7.03%,Put,09/04/26
17.30s,29.88%,0.0667,0.0002,-1.1098,2.6903,+5.75%,Call,09/04/26,"5,565.00","1,100.50s",31.23%,-0.9153,0.0002,-0.0995,2.9848,+7.11%,Put,09/04/26
17.20s,29.93%,0.0663,0.0002,-1.1088,2.6768,+5.81%,Call,09/04/26,"5,570.00","1,105.30s",31.28%,-0.9158,0.0002,-0.0960,2.9678,+7.15%,Put,09/04/26
17.00s,29.95%,0.0656,0.0002,-1.1056,2.6551,+5.83%,Call,09/04/26,"5,575.00","1,110.10s",31.32%,-0.9164,0.0002,-0.0925,2.9508,+7.19%,Put,09/04/26
16.90s,30.01%,0.0652,0.0002,-1.1046,2.6416,+5.88%,Call,09/04/26,"5,580.00","1,115.00s",31.40%,-0.9167,0.0002,-0.0912,2.9411,+7.27%,Put,09/04/26
16.70s,30.03%,0.0645,0.0002,-1.1014,2.6199,+5.90%,Call,09/04/26,"5,585.00","1,119.80s",31.44%,-0.9173,0.0002,-0.0876,2.9241,+7.31%,Put,09/04/26
16.60s,30.08%,0.0641,0.0002,-1.1003,2.6064,+5.95%,Call,09/04/26,"5,590.00","1,124.70s",31.51%,-0.9176,0.0002,-0.0863,2.9144,+7.39%,Put,09/04/26
16.50s,30.13%,0.0636,0.0002,-1.0993,2.5930,+6.01%,Call,09/04/26,"5,595.00","1,129.50s",31.55%,-0.9182,0.0002,-0.0827,2.8975,+7.43%,Put,09/04/26
16.30s,30.15%,0.0630,0.0002,-1.0960,2.5712,+6.02%,Call,09/04/26,"5,600.00","1,134.40s",31.63%,-0.9185,0.0002,-0.0814,2.8879,+7.50%,Put,09/04/26
16.20s,30.20%,0.0625,0.0002,-1.0949,2.5578,+6.07%,Call,09/04/26,"5,605.00","1,139.30s",31.70%,-0.9188,0.0002,-0.0800,2.8783,+7.58%,Put,09/04/26
16.10s,30.26%,0.0621,0.0002,-1.0937,2.5444,+6.13%,Call,09/04/26,"5,610.00","1,144.10s",31.74%,-0.9194,0.0002,-0.0764,2.8614,+7.62%,Put,09/04/26
15.90s,30.27%,0.0614,0.0002,-1.0904,2.5225,+6.14%,Call,09/04/26,"5,615.00","1,149.00s",31.82%,-0.9197,0.0002,-0.0750,2.8519,+7.69%,Put,09/04/26
15.80s,30.32%,0.0610,0.0002,-1.0892,2.5091,+6.19%,Call,09/04/26,"5,620.00","1,153.80s",31.86%,-0.9202,0.0002,-0.0714,2.8350,+7.73%,Put,09/04/26
15.70s,30.37%,0.0606,0.0002,-1.0880,2.4958,+6.24%,Call,09/04/26,"5,625.00","1,158.70s",31.93%,-0.9206,0.0002,-0.0700,2.8255,+7.80%,Put,09/04/26
15.50s,30.38%,0.0599,0.0002,-1.0846,2.4738,+6.25%,Call,09/04/26,"5,630.00","1,163.60s",32.00%,-0.9209,0.0002,-0.0686,2.8161,+7.87%,Put,09/04/26
15.40s,30.43%,0.0595,0.0002,-1.0834,2.4605,+6.30%,Call,09/04/26,"5,635.00","1,168.40s",32.04%,-0.9214,0.0002,-0.0649,2.7993,+7.91%,Put,09/04/26
15.30s,30.48%,0.0591,0.0002,-1.0821,2.4471,+6.35%,Call,09/04/26,"5,640.00","1,173.30s",32.11%,-0.9217,0.0002,-0.0635,2.7899,+7.98%,Put,09/04/26
15.20s,30.53%,0.0587,0.0002,-1.0809,2.4338,+6.40%,Call,09/04/26,"5,645.00","1,178.20s",32.18%,-0.9220,0.0002,-0.0621,2.7806,+8.06%,Put,09/04/26
15.00s,30.54%,0.0580,0.0002,-1.0773,2.4118,+6.41%,Call,09/04/26,"5,650.00","1,183.00s",32.22%,-0.9226,0.0002,-0.0584,2.7638,+8.09%,Put,09/04/26
14.90s,30.59%,0.0576,0.0002,-1.0761,2.3984,+6.46%,Call,09/04/26,"5,655.00","1,187.90s",32.29%,-0.9229,0.0002,-0.0569,2.7545,+8.16%,Put,09/04/26
14.80s,30.63%,0.0572,0.0002,-1.0748,2.3851,+6.51%,Call,09/04/26,"5,660.00","1,192.80s",32.36%,-0.9232,0.0002,-0.0555,2.7452,+8.23%,Put,09/04/26
14.70s,30.68%,0.0568,0.0002,-1.0735,2.3718,+6.55%,Call,09/04/26,"5,665.00","1,197.60s",32.40%,-0.9237,0.0002,-0.0517,2.7285,+8.27%,Put,09/04/26
14.60s,30.73%,0.0564,0.0002,-1.0722,2.3586,+6.60%,Call,09/04/26,"5,670.00","1,202.50s",32.47%,-0.9240,0.0002,-0.0503,2.7193,+8.34%,Put,09/04/26
14.40s,30.73%,0.0557,0.0002,-1.0685,2.3364,+6.60%,Call,09/04/26,"5,675.00","1,207.40s",32.54%,-0.9243,0.0002,-0.0488,2.7101,+8.41%,Put,09/04/26
14.30s,30.78%,0.0553,0.0002,-1.0671,2.3231,+6.65%,Call,09/04/26,"5,680.00","1,212.30s",32.61%,-0.9246,0.0002,-0.0474,2.7009,+8.48%,Put,09/04/26
14.20s,30.82%,0.0549,0.0002,-1.0658,2.3098,+6.69%,Call,09/04/26,"5,685.00","1,217.10s",32.64%,-0.9251,0.0002,-0.0435,2.6842,+8.51%,Put,09/04/26
14.10s,30.87%,0.0545,0.0002,-1.0644,2.2966,+6.74%,Call,09/04/26,"5,690.00","1,222.00s",32.71%,-0.9254,0.0002,-0.0420,2.6751,+8.58%,Put,09/04/26
14.00s,30.91%,0.0541,0.0002,-1.0630,2.2833,+6.78%,Call,09/04/26,"5,695.00","1,226.90s",32.78%,-0.9257,0.0002,-0.0406,2.6660,+8.65%,Put,09/04/26
13.90s,30.95%,0.0537,0.0002,-1.0616,2.2701,+6.83%,Call,09/04/26,"5,700.00","1,231.80s",32.85%,-0.9260,0.0002,-0.0391,2.6570,+8.72%,Put,09/04/26
13.80s,31.00%,0.0533,0.0002,-1.0602,2.2568,+6.87%,Call,09/04/26,"5,705.00","1,236.60s",32.88%,-0.9265,0.0002,-0.0352,2.6404,+8.75%,Put,09/04/26
13.60s,31.00%,0.0527,0.0002,-1.0563,2.2345,+6.87%,Call,09/04/26,"5,710.00","1,241.50s",32.95%,-0.9268,0.0002,-0.0337,2.6313,+8.82%,Put,09/04/26
13.40s,31.08%,0.0519,0.0002,-1.0534,2.2080,+6.95%,Call,09/04/26,"5,720.00","1,251.30s",33.09%,-0.9274,0.0002,-0.0307,2.6134,+8.96%,Put,09/04/26
13.30s,31.12%,0.0515,0.0002,-1.0519,2.1947,+6.99%,Call,09/04/26,"5,725.00","1,256.20s",33.15%,-0.9277,0.0002,-0.0291,2.6045,+9.02%,Put,09/04/26
13.20s,31.16%,0.0511,0.0002,-1.0504,2.1815,+7.03%,Call,09/04/26,"5,730.00","1,261.10s",33.22%,-0.9280,0.0002,-0.0276,2.5956,+9.09%,Put,09/04/26
13.00s,31.24%,0.0503,0.0002,-1.0474,2.1550,+7.11%,Call,09/04/26,"5,740.00","1,270.90s",33.35%,-0.9285,0.0002,-0.0246,2.5778,+9.23%,Put,09/04/26
12.80s,31.32%,0.0495,0.0002,-1.0443,2.1286,+7.19%,Call,09/04/26,"5,750.00","1,280.70s",33.49%,-0.9291,0.0002,-0.0215,2.5602,+9.36%,Put,09/04/26
12.60s,31.39%,0.0488,0.0002,-1.0412,2.1022,+7.27%,Call,09/04/26,"5,760.00","1,290.50s",33.62%,-0.9296,0.0002,-0.0184,2.5427,+9.49%,Put,09/04/26
12.40s,31.47%,0.0480,0.0002,-1.0380,2.0758,+7.34%,Call,09/04/26,"5,770.00","1,300.30s",33.75%,-0.9302,0.0002,-0.0152,2.5252,+9.62%,Put,09/04/26
12.30s,31.50%,0.0476,0.0002,-1.0363,2.0626,+7.38%,Call,09/04/26,"5,775.00","1,305.20s",33.82%,-0.9304,0.0002,-0.0136,2.5166,+9.69%,Put,09/04/26
12.30s,31.59%,0.0475,0.0002,-1.0373,2.0589,+7.46%,Call,09/04/26,"5,780.00","1,310.10s",33.88%,-0.9307,0.0002,-0.0121,2.5079,+9.75%,Put,09/04/26
12.10s,31.66%,0.0468,0.0001,-1.0340,2.0326,+7.53%,Call,09/04/26,"5,790.00","1,319.90s",34.01%,-0.9312,0.0002,-0.0089,2.4906,+9.88%,Put,09/04/26
11.90s,31.73%,0.0460,0.0001,-1.0306,2.0063,+7.60%,Call,09/04/26,"5,800.00","1,329.70s",34.14%,-0.9318,0.0002,-0.0057,2.4735,+10.01%,Put,09/04/26
11.70s,31.79%,0.0453,0.0001,-1.0272,1.9799,+7.66%,Call,09/04/26,"5,810.00","1,339.50s",34.27%,-0.9323,0.0002,-0.0025,2.4564,+10.14%,Put,09/04/26
11.50s,31.94%,0.0444,0.0001,-1.0246,1.9502,+7.81%,Call,09/04/26,"5,825.00","1,354.30s",34.50%,-0.9328,0.0002,-0.0001,2.4387,+10.37%,Put,09/04/26
11.10s,32.14%,0.0428,0.0001,-1.0184,1.8943,+8.01%,Call,09/04/26,"5,850.00","1,378.90s",34.85%,-0.9339,0.0002,0.0055,2.4046,+10.72%,Put,09/04/26
10.80s,32.39%,0.0416,0.0001,-1.0145,1.8486,+8.26%,Call,09/04/26,"5,875.00","1,403.50s",35.19%,-0.9349,0.0002,0.0113,2.3710,+11.07%,Put,09/04/26
10.40s,32.57%,0.0400,0.0001,-1.0078,1.7931,+8.44%,Call,09/04/26,"5,900.00","1,428.10s",35.54%,-0.9359,0.0002,0.0171,2.3379,+11.41%,Put,09/04/26
10.10s,32.80%,0.0388,0.0001,-1.0036,1.7479,+8.67%,Call,09/04/26,"5,925.00","1,452.80s",35.92%,-0.9367,0.0001,0.0204,2.3131,+11.79%,Put,09/04/26
9.80s,33.01%,0.0376,0.0001,-0.9992,1.7030,+8.89%,Call,09/04/26,"5,950.00","1,477.50s",36.30%,-0.9374,0.0001,0.0237,2.2888,+12.17%,Put,09/04/26
9.50s,33.22%,0.0364,0.0001,-0.9946,1.6583,+9.10%,Call,09/04/26,"5,975.00","1,502.20s",36.67%,-0.9381,0.0001,0.0271,2.2650,+12.54%,Put,09/04/26
9.20s,33.43%,0.0352,0.0001,-0.9898,1.6138,+9.30%,Call,09/04/26,"6,000.00","1,526.90s",37.04%,-0.9388,0.0001,0.0305,2.2416,+12.91%,Put,09/04/26
9.00s,33.68%,0.0343,0.0001,-0.9878,1.5802,+9.55%,Call,09/04/26,"6,025.00","1,551.70s",37.45%,-0.9393,0.0001,0.0313,2.2265,+13.32%,Put,09/04/26
8.70s,33.87%,0.0331,0.0001,-0.9827,1.5361,+9.74%,Call,09/04/26,"6,050.00","1,576.40s",37.82%,-0.9399,0.0001,0.0348,2.2039,+13.69%,Put,09/04/26
8.40s,34.28%,0.0311,0.0001,-0.9750,1.4593,+10.15%,Call,09/04/26,"6,100.00","1,626.00s",38.63%,-0.9408,0.0001,0.0365,2.1754,+14.50%,Put,09/04/26
7.80s,34.73%,0.0295,0.0001,-0.9698,1.3943,+10.60%,Call,09/04/26,"6,150.00","1,675.50s",39.38%,-0.9418,0.0001,0.0410,2.1406,+15.25%,Put,09/04/26
7.40s,35.15%,0.0278,0.0001,-0.9642,1.3301,+11.02%,Call,09/04/26,"6,200.00","1,725.20s",40.22%,-0.9423,0.0001,0.0401,2.1222,+16.09%,Put,09/04/26
7.00s,35.55%,0.0263,0.0001,-0.9582,1.2666,+11.42%,Call,09/04/26,"6,250.00","1,774.90s",41.05%,-0.9428,0.0001,0.0393,2.1048,+16.92%,Put,09/04/26
6.70s,36.00%,0.0250,0.0001,-0.9550,1.2153,+11.87%,Call,09/04/26,"6,300.00","1,824.60s",41.87%,-0.9433,0.0001,0.0384,2.0883,+17.74%,Put,09/04/26
6.10s,36.83%,0.0226,0.0001,-0.9479,1.1147,+12.71%,Call,09/04/26,"6,400.00","1,924.10s",43.53%,-0.9440,0.0001,0.0340,2.0648,+19.40%,Put,09/04/26
5.60s,37.68%,0.0205,0.0001,-0.9431,1.0285,+13.55%,Call,09/04/26,"6,500.00","2,023.80s",45.26%,-0.9442,0.0001,0.0240,2.0578,+21.14%,Put,09/04/26
4.70s,39.83%,0.0167,0.0001,-0.9406,0.8647,+15.71%,Call,09/04/26,"6,750.00","2,273.40s",49.65%,-0.9439,0.0001,-0.0107,2.0688,+25.52%,Put,09/04/26
4.60s,40.02%,0.0163,0.0000,-0.9398,0.8477,+15.89%,Call,09/04/26,"6,775.00","2,298.40s",50.10%,-0.9438,0.0001,-0.0153,2.0727,+25.97%,Put,09/04/26
4.50s,40.20%,0.0160,0.0000,-0.9389,0.8308,+16.07%,Call,09/04/26,"6,800.00","2,323.40s",50.54%,-0.9437,0.0001,-0.0199,2.0765,+26.42%,Put,09/04/26
4.20s,40.99%,0.0148,0.0000,-0.9389,0.7765,+16.86%,Call,09/04/26,"6,900.00","2,423.40s",52.32%,-0.9432,0.0001,-0.0382,2.0918,+28.19%,Put,09/04/26
4.00s,41.87%,0.0139,0.0000,-0.9426,0.7363,+17.74%,Call,09/04/26,"7,000.00","2,523.40s",54.07%,-0.9428,0.0001,-0.0566,2.1069,+29.94%,Put,09/04/26
3.80s,42.70%,0.0130,0.0000,-0.9460,0.6973,+18.57%,Call,09/04/26,"7,100.00","2,623.40s",55.79%,-0.9423,0.0001,-0.0749,2.1220,+31.66%,Put,09/04/26
3.70s,42.83%,0.0127,0.0000,-0.9447,0.6814,+18.70%,Call,09/04/26,"7,125.00","2,648.40s",56.22%,-0.9422,0.0001,-0.0795,2.1257,+32.09%,Put,09/04/26
3.70s,42.89%,0.0127,0.0000,-0.9453,0.6808,+18.76%,Call,09/04/26,"7,130.00","2,653.40s",56.31%,-0.9422,0.0001,-0.0804,2.1265,+32.18%,Put,09/04/26
3.70s,43.10%,0.0126,0.0000,-0.9476,0.6782,+18.98%,Call,09/04/26,"7,150.00","2,673.40s",56.65%,-0.9421,0.0001,-0.0840,2.1295,+32.52%,Put,09/04/26
3.60s,43.22%,0.0123,0.0000,-0.9462,0.6625,+19.10%,Call,09/04/26,"7,175.00","2,698.40s",57.07%,-0.9420,0.0001,-0.0886,2.1332,+32.94%,Put,09/04/26
3.60s,43.49%,0.0122,0.0000,-0.9491,0.6595,+19.37%,Call,09/04/26,"7,200.00","2,723.40s",57.49%,-0.9419,0.0001,-0.0932,2.1369,+33.37%,Put,09/04/26
3.50s,43.87%,0.0118,0.0000,-0.9506,0.6409,+19.75%,Call,09/04/26,"7,250.00","2,773.40s",58.34%,-0.9417,0.0001,-0.1023,2.1443,+34.21%,Put,09/04/26
3.10s,45.79%,0.0102,0.0000,-0.9614,0.5643,+21.67%,Call,09/04/26,"7,500.00","3,023.40s",62.47%,-0.9406,0.0001,-0.1479,2.1811,+38.34%,Put,09/04/26
2.40s,49.16%,0.0076,0.0000,-0.9841,0.4364,+25.03%,Call,09/04/26,"8,000.00","3,523.40s",70.34%,-0.9385,0.0001,-0.2386,2.2529,+46.22%,Put,09/04/26
2.30s,50.05%,0.0072,0.0000,-0.9929,0.4161,+25.92%,Call,09/04/26,"8,125.00","3,648.40s",72.24%,-0.9380,0.0001,-0.2612,2.2705,+48.11%,Put,09/04/26
1.90s,52.20%,0.0058,0.0000,-1.0133,0.3454,+28.07%,Call,09/04/26,"8,500.00","4,023.40s",77.77%,-0.9364,0.0001,-0.3286,2.3225,+53.64%,Put,09/04/26
1.80s,52.97%,0.0055,0.0000,-1.0221,0.3269,+28.84%,Call,09/04/26,"8,630.00","4,153.40s",79.63%,-0.9359,0.0001,-0.3519,2.3403,+55.50%,Put,09/04/26
1.80s,53.53%,0.0054,0.0000,-1.0296,0.3243,+29.40%,Call,09/04/26,"8,700.00","4,223.40s",80.62%,-0.9356,0.0001,-0.3645,2.3498,+56.49%,Put,09/04/26
1.70s,53.41%,0.0052,0.0000,-1.0269,0.3100,+29.28%,Call,09/04/26,"8,725.00","4,248.40s",80.97%,-0.9355,0.0001,-0.3689,2.3532,+56.84%,Put,09/04/26
1.70s,53.61%,0.0052,0.0000,-1.0296,0.3091,+29.48%,Call,09/04/26,"8,750.00","4,273.40s",81.32%,-0.9354,0.0001,-0.3734,2.3566,+57.19%,Put,09/04/26
1.70s,53.81%,0.0051,0.0000,-1.0323,0.3083,+29.68%,Call,09/04/26,"8,775.00","4,298.40s",81.67%,-0.9353,0.0001,-0.3779,2.3599,+57.55%,Put,09/04/26
1.60s,55.21%,0.0048,0.0000,-1.0510,0.2876,+31.08%,Call,09/04/26,"9,000.00","4,523.40s",84.78%,-0.9343,0.0001,-0.4180,2.3901,+60.66%,Put,09/04/26
1.40s,56.33%,0.0041,0.0000,-1.0665,0.2538,+32.20%,Call,09/04/26,"9,250.00","4,773.40s",88.16%,-0.9333,0.0001,-0.4624,2.4232,+64.03%,Put,09/04/26
1.30s,57.71%,0.0038,0.0000,-1.0875,0.2344,+33.58%,Call,09/04/26,"9,500.00","5,023.40s",91.44%,-0.9323,0.0001,-0.5067,2.4558,+67.32%,Put,09/04/26
1.30s,58.41%,0.0037,0.0000,-1.0981,0.2322,+34.28%,Call,09/04/26,"9,600.00","5,123.40s",92.74%,-0.9319,0.0001,-0.5243,2.4688,+68.61%,Put,09/04/26
1.20s,58.99%,0.0034,0.0000,-1.1082,0.2157,+34.86%,Call,09/04/26,"9,750.00","5,273.40s",94.65%,-0.9313,0.0001,-0.5507,2.4880,+70.52%,Put,09/04/26
1.10s,59.51%,0.0032,0.0000,-1.1181,0.1993,+35.38%,Call,09/04/26,"9,900.00","5,423.40s",96.54%,-0.9307,0.0001,-0.5771,2.5072,+72.41%,Put,09/04/26
1.10s,60.17%,0.0031,0.0000,-1.1287,0.1976,+36.04%,Call,09/04/26,"10,000.00","5,523.40s",97.78%,-0.9303,0.0001,-0.5946,2.5198,+73.65%,Put,09/04/26
"Downloaded from Barchart.com as of 09-06-2026 04:19pm CDT"
