Latest,IV,Delta,Gamma,Theta,Vega,"IV Skew",Type,Time,Strike,Latest,IV,Delta,Gamma,Theta,Vega,"IV Skew",Type,Time
"3,058.90s",0.00%,0.9922,0.0000,0.0000,0.0000,-23.55%,Call,09/11/26,"1,350.00",0.10s,80.39%,-0.0002,0.0000,-0.0089,0.0170,+56.84%,Put,09/11/26
"3,033.90s",0.00%,0.9922,0.0000,0.0000,0.0000,-23.55%,Call,09/11/26,"1,375.00",0.10s,79.17%,-0.0002,0.0000,-0.0088,0.0172,+55.63%,Put,09/11/26
"3,008.90s",0.00%,0.9922,0.0000,0.0000,0.0000,-23.55%,Call,09/11/26,"1,400.00",0.10s,77.98%,-0.0002,0.0000,-0.0088,0.0175,+54.43%,Put,09/11/26
"2,983.90s",0.00%,0.9922,0.0000,0.0000,0.0000,-23.55%,Call,09/11/26,"1,425.00",0.10s,76.80%,-0.0002,0.0000,-0.0088,0.0177,+53.26%,Put,09/11/26
"2,958.90s",0.00%,0.9922,0.0000,0.0000,0.0000,-23.55%,Call,09/11/26,"1,450.00",0.10s,75.65%,-0.0002,0.0000,-0.0088,0.0180,+52.10%,Put,09/11/26
"2,933.90s",0.00%,0.9922,0.0000,0.0000,0.0000,-23.55%,Call,09/11/26,"1,475.00",0.10s,74.52%,-0.0003,0.0000,-0.0088,0.0183,+50.97%,Put,09/11/26
"2,908.90s",0.00%,0.9922,0.0000,0.0000,0.0000,-23.55%,Call,09/11/26,"1,500.00",0.10s,73.40%,-0.0003,0.0000,-0.0087,0.0185,+49.85%,Put,09/11/26
"2,883.90s",0.00%,0.9922,0.0000,0.0000,0.0000,-23.55%,Call,09/11/26,"1,525.00",0.10s,72.31%,-0.0003,0.0000,-0.0087,0.0188,+48.76%,Put,09/11/26
"2,878.90s",0.00%,0.9922,0.0000,0.0000,0.0000,-23.55%,Call,09/11/26,"1,530.00",0.10s,72.09%,-0.0003,0.0000,-0.0087,0.0188,+48.54%,Put,09/11/26
"2,868.90s",0.00%,0.9922,0.0000,0.0000,0.0000,-23.55%,Call,09/11/26,"1,540.00",0.10s,71.66%,-0.0003,0.0000,-0.0087,0.0189,+48.11%,Put,09/11/26
"2,858.90s",0.00%,0.9922,0.0000,0.0000,0.0000,-23.55%,Call,09/11/26,"1,550.00",0.10s,71.23%,-0.0003,0.0000,-0.0087,0.0190,+47.68%,Put,09/11/26
"2,848.90s",0.00%,0.9922,0.0000,0.0000,0.0000,-23.55%,Call,09/11/26,"1,560.00",0.10s,70.80%,-0.0003,0.0000,-0.0087,0.0192,+47.25%,Put,09/11/26
"2,838.90s",0.00%,0.9922,0.0000,0.0000,0.0000,-23.55%,Call,09/11/26,"1,570.00",0.10s,70.38%,-0.0003,0.0000,-0.0087,0.0193,+46.83%,Put,09/11/26
"2,833.90s",0.00%,0.9922,0.0000,0.0000,0.0000,-23.55%,Call,09/11/26,"1,575.00",0.10s,70.17%,-0.0003,0.0000,-0.0087,0.0193,+46.62%,Put,09/11/26
"2,828.90s",0.00%,0.9922,0.0000,0.0000,0.0000,-23.55%,Call,09/11/26,"1,580.00",0.10s,69.96%,-0.0003,0.0000,-0.0087,0.0194,+46.41%,Put,09/11/26
"2,818.90s",0.00%,0.9922,0.0000,0.0000,0.0000,-23.55%,Call,09/11/26,"1,590.00",0.10s,69.54%,-0.0003,0.0000,-0.0087,0.0195,+45.99%,Put,09/11/26
"2,808.90s",0.00%,0.9922,0.0000,0.0000,0.0000,-23.55%,Call,09/11/26,"1,600.00",0.10s,69.13%,-0.0003,0.0000,-0.0087,0.0196,+45.58%,Put,09/11/26
"2,798.90s",0.00%,0.9922,0.0000,0.0000,0.0000,-23.55%,Call,09/11/26,"1,610.00",0.10s,68.71%,-0.0003,0.0000,-0.0087,0.0197,+45.16%,Put,09/11/26
"2,788.90s",0.00%,0.9922,0.0000,0.0000,0.0000,-23.55%,Call,09/11/26,"1,620.00",0.10s,68.30%,-0.0003,0.0000,-0.0086,0.0198,+44.75%,Put,09/11/26
"2,783.90s",0.00%,0.9922,0.0000,0.0000,0.0000,-23.55%,Call,09/11/26,"1,625.00",0.10s,68.10%,-0.0003,0.0000,-0.0086,0.0199,+44.55%,Put,09/11/26
"2,778.90s",0.00%,0.9922,0.0000,0.0000,0.0000,-23.55%,Call,09/11/26,"1,630.00",0.10s,67.90%,-0.0003,0.0000,-0.0086,0.0199,+44.35%,Put,09/11/26
"2,773.90s",0.00%,0.9922,0.0000,0.0000,0.0000,-23.55%,Call,09/11/26,"1,635.00",0.10s,67.69%,-0.0003,0.0000,-0.0086,0.0200,+44.14%,Put,09/11/26
"2,768.90s",0.00%,0.9922,0.0000,0.0000,0.0000,-23.55%,Call,09/11/26,"1,640.00",0.10s,67.49%,-0.0003,0.0000,-0.0086,0.0200,+43.94%,Put,09/11/26
"2,763.90s",0.00%,0.9922,0.0000,0.0000,0.0000,-23.55%,Call,09/11/26,"1,645.00",0.10s,67.29%,-0.0003,0.0000,-0.0086,0.0201,+43.74%,Put,09/11/26
"2,758.90s",0.00%,0.9922,0.0000,0.0000,0.0000,-23.55%,Call,09/11/26,"1,650.00",0.20s,70.78%,-0.0005,0.0000,-0.0159,0.0350,+47.23%,Put,09/11/26
"2,753.90s",0.00%,0.9922,0.0000,0.0000,0.0000,-23.55%,Call,09/11/26,"1,655.00",0.20s,70.57%,-0.0005,0.0000,-0.0159,0.0351,+47.02%,Put,09/11/26
"2,748.90s",0.00%,0.9922,0.0000,0.0000,0.0000,-23.55%,Call,09/11/26,"1,660.00",0.20s,70.36%,-0.0005,0.0000,-0.0159,0.0352,+46.81%,Put,09/11/26
"2,743.90s",0.00%,0.9922,0.0000,0.0000,0.0000,-23.55%,Call,09/11/26,"1,665.00",0.20s,70.15%,-0.0005,0.0000,-0.0159,0.0353,+46.60%,Put,09/11/26
"2,738.90s",0.00%,0.9922,0.0000,0.0000,0.0000,-23.55%,Call,09/11/26,"1,670.00",0.20s,69.94%,-0.0005,0.0000,-0.0159,0.0354,+46.39%,Put,09/11/26
"2,733.90s",0.00%,0.9922,0.0000,0.0000,0.0000,-23.55%,Call,09/11/26,"1,675.00",0.20s,69.73%,-0.0005,0.0000,-0.0159,0.0355,+46.18%,Put,09/11/26
"2,728.90s",0.00%,0.9922,0.0000,0.0000,0.0000,-23.55%,Call,09/11/26,"1,680.00",0.20s,69.53%,-0.0005,0.0000,-0.0159,0.0356,+45.98%,Put,09/11/26
"2,723.90s",0.00%,0.9922,0.0000,0.0000,0.0000,-23.55%,Call,09/11/26,"1,685.00",0.20s,69.32%,-0.0005,0.0000,-0.0159,0.0357,+45.77%,Put,09/11/26
"2,718.90s",0.00%,0.9922,0.0000,0.0000,0.0000,-23.55%,Call,09/11/26,"1,690.00",0.20s,69.11%,-0.0005,0.0000,-0.0159,0.0358,+45.56%,Put,09/11/26
"2,713.90s",0.00%,0.9922,0.0000,0.0000,0.0000,-23.55%,Call,09/11/26,"1,695.00",0.20s,68.91%,-0.0005,0.0000,-0.0159,0.0359,+45.36%,Put,09/11/26
"2,708.90s",0.00%,0.9922,0.0000,0.0000,0.0000,-23.55%,Call,09/11/26,"1,700.00",0.20s,68.70%,-0.0005,0.0000,-0.0159,0.0360,+45.15%,Put,09/11/26
"2,703.90s",0.00%,0.9922,0.0000,0.0000,0.0000,-23.55%,Call,09/11/26,"1,705.00",0.20s,68.50%,-0.0005,0.0000,-0.0159,0.0361,+44.95%,Put,09/11/26
"2,698.90s",0.00%,0.9922,0.0000,0.0000,0.0000,-23.55%,Call,09/11/26,"1,710.00",0.20s,68.29%,-0.0005,0.0000,-0.0158,0.0362,+44.74%,Put,09/11/26
"2,693.90s",0.00%,0.9922,0.0000,0.0000,0.0000,-23.55%,Call,09/11/26,"1,715.00",0.20s,68.09%,-0.0005,0.0000,-0.0158,0.0363,+44.54%,Put,09/11/26
"2,688.90s",0.00%,0.9922,0.0000,0.0000,0.0000,-23.55%,Call,09/11/26,"1,720.00",0.20s,67.89%,-0.0005,0.0000,-0.0158,0.0364,+44.34%,Put,09/11/26
"2,683.90s",0.00%,0.9922,0.0000,0.0000,0.0000,-23.55%,Call,09/11/26,"1,725.00",0.20s,67.69%,-0.0005,0.0000,-0.0158,0.0365,+44.14%,Put,09/11/26
"2,678.90s",0.00%,0.9922,0.0000,0.0000,0.0000,-23.55%,Call,09/11/26,"1,730.00",0.20s,67.48%,-0.0005,0.0000,-0.0158,0.0366,+43.93%,Put,09/11/26
"2,673.90s",0.00%,0.9922,0.0000,0.0000,0.0000,-23.55%,Call,09/11/26,"1,735.00",0.20s,67.28%,-0.0005,0.0000,-0.0158,0.0367,+43.73%,Put,09/11/26
"2,668.90s",0.00%,0.9922,0.0000,0.0000,0.0000,-23.55%,Call,09/11/26,"1,740.00",0.20s,67.08%,-0.0005,0.0000,-0.0158,0.0368,+43.53%,Put,09/11/26
"2,663.90s",0.00%,0.9922,0.0000,0.0000,0.0000,-23.55%,Call,09/11/26,"1,745.00",0.20s,66.88%,-0.0005,0.0000,-0.0158,0.0369,+43.33%,Put,09/11/26
"2,658.90s",0.00%,0.9922,0.0000,0.0000,0.0000,-23.55%,Call,09/11/26,"1,750.00",0.20s,66.68%,-0.0005,0.0000,-0.0158,0.0370,+43.13%,Put,09/11/26
"2,653.90s",0.00%,0.9922,0.0000,0.0000,0.0000,-23.55%,Call,09/11/26,"1,755.00",0.20s,66.48%,-0.0005,0.0000,-0.0158,0.0371,+42.94%,Put,09/11/26
"2,648.90s",0.00%,0.9922,0.0000,0.0000,0.0000,-23.55%,Call,09/11/26,"1,760.00",0.20s,66.29%,-0.0005,0.0000,-0.0158,0.0372,+42.74%,Put,09/11/26
"2,643.90s",0.00%,0.9922,0.0000,0.0000,0.0000,-23.55%,Call,09/11/26,"1,765.00",0.20s,66.09%,-0.0005,0.0000,-0.0158,0.0373,+42.54%,Put,09/11/26
"2,638.90s",0.00%,0.9922,0.0000,0.0000,0.0000,-23.55%,Call,09/11/26,"1,770.00",0.20s,65.89%,-0.0005,0.0000,-0.0158,0.0374,+42.34%,Put,09/11/26
"2,633.90s",0.00%,0.9922,0.0000,0.0000,0.0000,-23.55%,Call,09/11/26,"1,775.00",0.20s,65.70%,-0.0006,0.0000,-0.0157,0.0375,+42.15%,Put,09/11/26
"2,628.90s",0.00%,0.9922,0.0000,0.0000,0.0000,-23.55%,Call,09/11/26,"1,780.00",0.20s,65.50%,-0.0006,0.0000,-0.0157,0.0376,+41.95%,Put,09/11/26
"2,623.90s",0.00%,0.9922,0.0000,0.0000,0.0000,-23.55%,Call,09/11/26,"1,785.00",0.20s,65.30%,-0.0006,0.0000,-0.0157,0.0377,+41.76%,Put,09/11/26
"2,618.90s",0.00%,0.9922,0.0000,0.0000,0.0000,-23.55%,Call,09/11/26,"1,790.00",0.20s,65.11%,-0.0006,0.0000,-0.0157,0.0378,+41.56%,Put,09/11/26
"2,613.90s",0.00%,0.9922,0.0000,0.0000,0.0000,-23.55%,Call,09/11/26,"1,795.00",0.20s,64.92%,-0.0006,0.0000,-0.0157,0.0379,+41.37%,Put,09/11/26
"2,608.90s",0.00%,0.9922,0.0000,0.0000,0.0000,-23.55%,Call,09/11/26,"1,800.00",0.20s,64.72%,-0.0006,0.0000,-0.0157,0.0380,+41.17%,Put,09/11/26
"2,603.90s",0.00%,0.9922,0.0000,0.0000,0.0000,-23.55%,Call,09/11/26,"1,805.00",0.20s,64.53%,-0.0006,0.0000,-0.0157,0.0381,+40.98%,Put,09/11/26
"2,598.90s",0.00%,0.9922,0.0000,0.0000,0.0000,-23.55%,Call,09/11/26,"1,810.00",0.20s,64.34%,-0.0006,0.0000,-0.0157,0.0382,+40.79%,Put,09/11/26
"2,593.90s",0.00%,0.9922,0.0000,0.0000,0.0000,-23.55%,Call,09/11/26,"1,815.00",0.20s,64.14%,-0.0006,0.0000,-0.0157,0.0383,+40.60%,Put,09/11/26
"2,588.90s",0.00%,0.9922,0.0000,0.0000,0.0000,-23.55%,Call,09/11/26,"1,820.00",0.20s,63.95%,-0.0006,0.0000,-0.0157,0.0385,+40.40%,Put,09/11/26
"2,583.90s",0.00%,0.9922,0.0000,0.0000,0.0000,-23.55%,Call,09/11/26,"1,825.00",0.20s,63.76%,-0.0006,0.0000,-0.0157,0.0386,+40.21%,Put,09/11/26
"2,578.90s",0.00%,0.9922,0.0000,0.0000,0.0000,-23.55%,Call,09/11/26,"1,830.00",0.20s,63.57%,-0.0006,0.0000,-0.0157,0.0387,+40.02%,Put,09/11/26
"2,573.90s",0.00%,0.9922,0.0000,0.0000,0.0000,-23.55%,Call,09/11/26,"1,835.00",0.20s,63.38%,-0.0006,0.0000,-0.0157,0.0388,+39.83%,Put,09/11/26
"2,568.90s",0.00%,0.9922,0.0000,0.0000,0.0000,-23.55%,Call,09/11/26,"1,840.00",0.20s,63.19%,-0.0006,0.0000,-0.0156,0.0389,+39.64%,Put,09/11/26
"2,563.90s",0.00%,0.9922,0.0000,0.0000,0.0000,-23.55%,Call,09/11/26,"1,845.00",0.20s,63.00%,-0.0006,0.0000,-0.0156,0.0390,+39.45%,Put,09/11/26
"2,558.90s",0.00%,0.9922,0.0000,0.0000,0.0000,-23.55%,Call,09/11/26,"1,850.00",0.20s,62.81%,-0.0006,0.0000,-0.0156,0.0391,+39.27%,Put,09/11/26
"2,553.90s",0.00%,0.9922,0.0000,0.0000,0.0000,-23.55%,Call,09/11/26,"1,855.00",0.20s,62.63%,-0.0006,0.0000,-0.0156,0.0392,+39.08%,Put,09/11/26
"2,548.90s",0.00%,0.9922,0.0000,0.0000,0.0000,-23.55%,Call,09/11/26,"1,860.00",0.20s,62.44%,-0.0006,0.0000,-0.0156,0.0393,+38.89%,Put,09/11/26
"2,543.90s",0.00%,0.9922,0.0000,0.0000,0.0000,-23.55%,Call,09/11/26,"1,865.00",0.20s,62.25%,-0.0006,0.0000,-0.0156,0.0394,+38.70%,Put,09/11/26
"2,538.90s",0.00%,0.9922,0.0000,0.0000,0.0000,-23.55%,Call,09/11/26,"1,870.00",0.20s,62.07%,-0.0006,0.0000,-0.0156,0.0395,+38.52%,Put,09/11/26
"2,533.90s",0.00%,0.9922,0.0000,0.0000,0.0000,-23.55%,Call,09/11/26,"1,875.00",0.20s,61.88%,-0.0006,0.0000,-0.0156,0.0396,+38.33%,Put,09/11/26
"2,528.90s",0.00%,0.9922,0.0000,0.0000,0.0000,-23.55%,Call,09/11/26,"1,880.00",0.20s,61.69%,-0.0006,0.0000,-0.0156,0.0398,+38.15%,Put,09/11/26
"2,523.90s",0.00%,0.9922,0.0000,0.0000,0.0000,-23.55%,Call,09/11/26,"1,885.00",0.20s,61.51%,-0.0006,0.0000,-0.0156,0.0399,+37.96%,Put,09/11/26
"2,518.90s",0.00%,0.9922,0.0000,0.0000,0.0000,-23.55%,Call,09/11/26,"1,890.00",0.20s,61.32%,-0.0006,0.0000,-0.0156,0.0400,+37.78%,Put,09/11/26
"2,513.90s",0.00%,0.9922,0.0000,0.0000,0.0000,-23.55%,Call,09/11/26,"1,895.00",0.20s,61.14%,-0.0006,0.0000,-0.0156,0.0401,+37.59%,Put,09/11/26
"2,508.90s",0.00%,0.9922,0.0000,0.0000,0.0000,-23.55%,Call,09/11/26,"1,900.00",0.20s,60.96%,-0.0006,0.0000,-0.0155,0.0402,+37.41%,Put,09/11/26
"2,503.90s",0.00%,0.9922,0.0000,0.0000,0.0000,-23.55%,Call,09/11/26,"1,905.00",0.20s,60.77%,-0.0006,0.0000,-0.0155,0.0403,+37.23%,Put,09/11/26
"2,498.90s",0.00%,0.9922,0.0000,0.0000,0.0000,-23.55%,Call,09/11/26,"1,910.00",0.20s,60.59%,-0.0006,0.0000,-0.0155,0.0404,+37.04%,Put,09/11/26
"2,493.90s",0.00%,0.9922,0.0000,0.0000,0.0000,-23.55%,Call,09/11/26,"1,915.00",0.30s,62.50%,-0.0008,0.0000,-0.0222,0.0556,+38.95%,Put,09/11/26
"2,488.90s",0.00%,0.9922,0.0000,0.0000,0.0000,-23.55%,Call,09/11/26,"1,920.00",0.30s,62.31%,-0.0008,0.0000,-0.0222,0.0558,+38.77%,Put,09/11/26
"2,483.90s",0.00%,0.9922,0.0000,0.0000,0.0000,-23.55%,Call,09/11/26,"1,925.00",0.30s,62.13%,-0.0008,0.0000,-0.0221,0.0559,+38.58%,Put,09/11/26
"2,478.90s",0.00%,0.9922,0.0000,0.0000,0.0000,-23.55%,Call,09/11/26,"1,930.00",0.30s,61.94%,-0.0009,0.0000,-0.0221,0.0561,+38.39%,Put,09/11/26
"2,473.90s",0.00%,0.9922,0.0000,0.0000,0.0000,-23.55%,Call,09/11/26,"1,935.00",0.30s,61.76%,-0.0009,0.0000,-0.0221,0.0562,+38.21%,Put,09/11/26
"2,468.90s",0.00%,0.9922,0.0000,0.0000,0.0000,-23.55%,Call,09/11/26,"1,940.00",0.30s,61.57%,-0.0009,0.0000,-0.0221,0.0564,+38.02%,Put,09/11/26
"2,463.90s",0.00%,0.9922,0.0000,0.0000,0.0000,-23.55%,Call,09/11/26,"1,945.00",0.30s,61.38%,-0.0009,0.0000,-0.0221,0.0566,+37.84%,Put,09/11/26
"2,458.90s",0.00%,0.9922,0.0000,0.0000,0.0000,-23.55%,Call,09/11/26,"1,950.00",0.30s,61.20%,-0.0009,0.0000,-0.0221,0.0567,+37.65%,Put,09/11/26
"2,453.90s",0.00%,0.9922,0.0000,0.0000,0.0000,-23.55%,Call,09/11/26,"1,955.00",0.30s,61.02%,-0.0009,0.0000,-0.0221,0.0569,+37.47%,Put,09/11/26
"2,448.90s",0.00%,0.9922,0.0000,0.0000,0.0000,-23.55%,Call,09/11/26,"1,960.00",0.30s,60.83%,-0.0009,0.0000,-0.0221,0.0570,+37.28%,Put,09/11/26
"2,443.90s",0.00%,0.9922,0.0000,0.0000,0.0000,-23.55%,Call,09/11/26,"1,965.00",0.30s,60.65%,-0.0009,0.0000,-0.0220,0.0572,+37.10%,Put,09/11/26
"2,438.90s",0.00%,0.9922,0.0000,0.0000,0.0000,-23.55%,Call,09/11/26,"1,970.00",0.30s,60.47%,-0.0009,0.0000,-0.0220,0.0573,+36.92%,Put,09/11/26
"2,433.90s",0.00%,0.9922,0.0000,0.0000,0.0000,-23.55%,Call,09/11/26,"1,975.00",0.30s,60.28%,-0.0009,0.0000,-0.0220,0.0575,+36.74%,Put,09/11/26
"2,428.90s",0.00%,0.9922,0.0000,0.0000,0.0000,-23.55%,Call,09/11/26,"1,980.00",0.30s,60.10%,-0.0009,0.0000,-0.0220,0.0577,+36.55%,Put,09/11/26
"2,423.90s",0.00%,0.9922,0.0000,0.0000,0.0000,-23.55%,Call,09/11/26,"1,985.00",0.30s,59.92%,-0.0009,0.0000,-0.0220,0.0578,+36.37%,Put,09/11/26
"2,418.90s",0.00%,0.9922,0.0000,0.0000,0.0000,-23.55%,Call,09/11/26,"1,990.00",0.30s,59.74%,-0.0009,0.0000,-0.0220,0.0580,+36.19%,Put,09/11/26
"2,413.90s",0.00%,0.9922,0.0000,0.0000,0.0000,-23.55%,Call,09/11/26,"1,995.00",0.30s,59.56%,-0.0009,0.0000,-0.0220,0.0581,+36.01%,Put,09/11/26
"2,408.90s",0.00%,0.9922,0.0000,0.0000,0.0000,-23.55%,Call,09/11/26,"2,000.00",0.30s,59.38%,-0.0009,0.0000,-0.0220,0.0583,+35.83%,Put,09/11/26
"2,403.90s",0.00%,0.9922,0.0000,0.0000,0.0000,-23.55%,Call,09/11/26,"2,005.00",0.30s,59.20%,-0.0009,0.0000,-0.0219,0.0585,+35.65%,Put,09/11/26
"2,398.90s",0.00%,0.9922,0.0000,0.0000,0.0000,-23.55%,Call,09/11/26,"2,010.00",0.30s,59.02%,-0.0009,0.0000,-0.0219,0.0586,+35.47%,Put,09/11/26
"2,393.90s",0.00%,0.9922,0.0000,0.0000,0.0000,-23.55%,Call,09/11/26,"2,015.00",0.30s,58.84%,-0.0009,0.0000,-0.0219,0.0588,+35.29%,Put,09/11/26
"2,388.90s",0.00%,0.9922,0.0000,0.0000,0.0000,-23.55%,Call,09/11/26,"2,020.00",0.30s,58.67%,-0.0009,0.0000,-0.0219,0.0590,+35.12%,Put,09/11/26
"2,383.90s",0.00%,0.9922,0.0000,0.0000,0.0000,-23.55%,Call,09/11/26,"2,025.00",0.30s,58.49%,-0.0009,0.0000,-0.0219,0.0591,+34.94%,Put,09/11/26
"2,378.90s",0.00%,0.9922,0.0000,0.0000,0.0000,-23.55%,Call,09/11/26,"2,030.00",0.30s,58.31%,-0.0009,0.0000,-0.0219,0.0593,+34.76%,Put,09/11/26
"2,373.90s",0.00%,0.9922,0.0000,0.0000,0.0000,-23.55%,Call,09/11/26,"2,035.00",0.30s,58.13%,-0.0009,0.0000,-0.0219,0.0594,+34.58%,Put,09/11/26
"2,368.90s",0.00%,0.9922,0.0000,0.0000,0.0000,-23.55%,Call,09/11/26,"2,040.00",0.30s,57.96%,-0.0009,0.0000,-0.0219,0.0596,+34.41%,Put,09/11/26
"2,363.90s",0.00%,0.9922,0.0000,0.0000,0.0000,-23.55%,Call,09/11/26,"2,045.00",0.30s,57.78%,-0.0009,0.0000,-0.0218,0.0598,+34.23%,Put,09/11/26
"2,358.90s",0.00%,0.9922,0.0000,0.0000,0.0000,-23.55%,Call,09/11/26,"2,050.00",0.30s,57.60%,-0.0009,0.0000,-0.0218,0.0599,+34.06%,Put,09/11/26
"2,353.90s",0.00%,0.9922,0.0000,0.0000,0.0000,-23.55%,Call,09/11/26,"2,055.00",0.30s,57.43%,-0.0009,0.0000,-0.0218,0.0601,+33.88%,Put,09/11/26
"2,348.90s",0.00%,0.9922,0.0000,0.0000,0.0000,-23.55%,Call,09/11/26,"2,060.00",0.30s,57.26%,-0.0009,0.0000,-0.0218,0.0603,+33.71%,Put,09/11/26
"2,343.90s",0.00%,0.9922,0.0000,0.0000,0.0000,-23.55%,Call,09/11/26,"2,065.00",0.30s,57.08%,-0.0009,0.0000,-0.0218,0.0604,+33.53%,Put,09/11/26
"2,338.90s",0.00%,0.9922,0.0000,0.0000,0.0000,-23.55%,Call,09/11/26,"2,070.00",0.30s,56.91%,-0.0009,0.0000,-0.0218,0.0606,+33.36%,Put,09/11/26
"2,333.90s",0.00%,0.9922,0.0000,0.0000,0.0000,-23.55%,Call,09/11/26,"2,075.00",0.30s,56.73%,-0.0009,0.0000,-0.0218,0.0608,+33.18%,Put,09/11/26
"2,328.90s",0.00%,0.9922,0.0000,0.0000,0.0000,-23.55%,Call,09/11/26,"2,080.00",0.30s,56.56%,-0.0009,0.0000,-0.0218,0.0610,+33.01%,Put,09/11/26
"2,323.90s",0.00%,0.9922,0.0000,0.0000,0.0000,-23.55%,Call,09/11/26,"2,085.00",0.30s,56.39%,-0.0009,0.0000,-0.0217,0.0611,+32.84%,Put,09/11/26
"2,318.90s",0.00%,0.9922,0.0000,0.0000,0.0000,-23.55%,Call,09/11/26,"2,090.00",0.30s,56.22%,-0.0009,0.0000,-0.0217,0.0613,+32.67%,Put,09/11/26
"2,313.90s",0.00%,0.9922,0.0000,0.0000,0.0000,-23.55%,Call,09/11/26,"2,095.00",0.30s,56.04%,-0.0009,0.0000,-0.0217,0.0615,+32.49%,Put,09/11/26
"2,308.90s",0.00%,0.9922,0.0000,0.0000,0.0000,-23.55%,Call,09/11/26,"2,100.00",0.30s,55.87%,-0.0009,0.0000,-0.0217,0.0616,+32.32%,Put,09/11/26
"2,303.90s",0.00%,0.9922,0.0000,0.0000,0.0000,-23.55%,Call,09/11/26,"2,105.00",0.30s,55.70%,-0.0009,0.0000,-0.0217,0.0618,+32.15%,Put,09/11/26
"2,298.90s",0.00%,0.9922,0.0000,0.0000,0.0000,-23.55%,Call,09/11/26,"2,110.00",0.30s,55.53%,-0.0009,0.0000,-0.0217,0.0620,+31.98%,Put,09/11/26
"2,293.90s",0.00%,0.9922,0.0000,0.0000,0.0000,-23.55%,Call,09/11/26,"2,115.00",0.30s,55.36%,-0.0010,0.0000,-0.0217,0.0622,+31.81%,Put,09/11/26
"2,288.90s",0.00%,0.9922,0.0000,0.0000,0.0000,-23.55%,Call,09/11/26,"2,120.00",0.40s,56.62%,-0.0012,0.0000,-0.0278,0.0778,+33.07%,Put,09/11/26
"2,283.90s",0.00%,0.9922,0.0000,0.0000,0.0000,-23.55%,Call,09/11/26,"2,125.00",0.40s,56.45%,-0.0012,0.0000,-0.0278,0.0780,+32.90%,Put,09/11/26
"2,278.90s",0.00%,0.9922,0.0000,0.0000,0.0000,-23.55%,Call,09/11/26,"2,130.00",0.40s,56.28%,-0.0012,0.0000,-0.0278,0.0782,+32.73%,Put,09/11/26
"2,273.90s",0.00%,0.9922,0.0000,0.0000,0.0000,-23.55%,Call,09/11/26,"2,135.00",0.40s,56.10%,-0.0012,0.0000,-0.0278,0.0784,+32.55%,Put,09/11/26
"2,268.90s",0.00%,0.9922,0.0000,0.0000,0.0000,-23.55%,Call,09/11/26,"2,140.00",0.40s,55.93%,-0.0012,0.0000,-0.0278,0.0786,+32.38%,Put,09/11/26
"2,263.90s",0.00%,0.9922,0.0000,0.0000,0.0000,-23.55%,Call,09/11/26,"2,145.00",0.40s,55.76%,-0.0012,0.0000,-0.0278,0.0789,+32.21%,Put,09/11/26
"2,258.90s",0.00%,0.9922,0.0000,0.0000,0.0000,-23.55%,Call,09/11/26,"2,150.00",0.40s,55.59%,-0.0012,0.0000,-0.0277,0.0791,+32.04%,Put,09/11/26
"2,253.90s",0.00%,0.9922,0.0000,0.0000,0.0000,-23.55%,Call,09/11/26,"2,155.00",0.40s,55.42%,-0.0012,0.0000,-0.0277,0.0793,+31.87%,Put,09/11/26
"2,248.90s",0.00%,0.9922,0.0000,0.0000,0.0000,-23.55%,Call,09/11/26,"2,160.00",0.40s,55.25%,-0.0012,0.0000,-0.0277,0.0795,+31.70%,Put,09/11/26
"2,243.90s",0.00%,0.9922,0.0000,0.0000,0.0000,-23.55%,Call,09/11/26,"2,165.00",0.40s,55.07%,-0.0013,0.0000,-0.0277,0.0797,+31.53%,Put,09/11/26
"2,238.90s",0.00%,0.9922,0.0000,0.0000,0.0000,-23.55%,Call,09/11/26,"2,170.00",0.40s,54.90%,-0.0013,0.0000,-0.0277,0.0800,+31.36%,Put,09/11/26
"2,233.90s",0.00%,0.9922,0.0000,0.0000,0.0000,-23.55%,Call,09/11/26,"2,175.00",0.40s,54.74%,-0.0013,0.0000,-0.0277,0.0802,+31.19%,Put,09/11/26
"2,228.90s",0.00%,0.9922,0.0000,0.0000,0.0000,-23.55%,Call,09/11/26,"2,180.00",0.40s,54.57%,-0.0013,0.0000,-0.0276,0.0804,+31.02%,Put,09/11/26
"2,223.90s",0.00%,0.9922,0.0000,0.0000,0.0000,-23.55%,Call,09/11/26,"2,185.00",0.40s,54.40%,-0.0013,0.0000,-0.0276,0.0806,+30.85%,Put,09/11/26
"2,218.90s",0.00%,0.9922,0.0000,0.0000,0.0000,-23.55%,Call,09/11/26,"2,190.00",0.40s,54.23%,-0.0013,0.0000,-0.0276,0.0809,+30.68%,Put,09/11/26
"2,213.90s",0.00%,0.9922,0.0000,0.0000,0.0000,-23.55%,Call,09/11/26,"2,195.00",0.40s,54.06%,-0.0013,0.0000,-0.0276,0.0811,+30.51%,Put,09/11/26
"2,208.90s",0.00%,0.9922,0.0000,0.0000,0.0000,-23.55%,Call,09/11/26,"2,200.00",0.40s,53.89%,-0.0013,0.0000,-0.0276,0.0813,+30.34%,Put,09/11/26
"2,203.90s",0.00%,0.9922,0.0000,0.0000,0.0000,-23.55%,Call,09/11/26,"2,205.00",0.40s,53.73%,-0.0013,0.0000,-0.0275,0.0815,+30.18%,Put,09/11/26
"2,198.90s",0.00%,0.9922,0.0000,0.0000,0.0000,-23.55%,Call,09/11/26,"2,210.00",0.40s,53.56%,-0.0013,0.0000,-0.0275,0.0818,+30.01%,Put,09/11/26
"2,193.90s",0.00%,0.9922,0.0000,0.0000,0.0000,-23.55%,Call,09/11/26,"2,215.00",0.40s,53.39%,-0.0013,0.0000,-0.0275,0.0820,+29.84%,Put,09/11/26
"2,188.90s",0.00%,0.9922,0.0000,0.0000,0.0000,-23.55%,Call,09/11/26,"2,220.00",0.40s,53.23%,-0.0013,0.0000,-0.0275,0.0822,+29.68%,Put,09/11/26
"2,183.90s",0.00%,0.9922,0.0000,0.0000,0.0000,-23.55%,Call,09/11/26,"2,225.00",0.40s,53.06%,-0.0013,0.0000,-0.0275,0.0825,+29.51%,Put,09/11/26
"2,178.90s",0.00%,0.9922,0.0000,0.0000,0.0000,-23.55%,Call,09/11/26,"2,230.00",0.40s,52.89%,-0.0013,0.0000,-0.0275,0.0827,+29.35%,Put,09/11/26
"2,173.90s",0.00%,0.9922,0.0000,0.0000,0.0000,-23.55%,Call,09/11/26,"2,235.00",0.40s,52.73%,-0.0013,0.0000,-0.0274,0.0829,+29.18%,Put,09/11/26
"2,168.90s",0.00%,0.9922,0.0000,0.0000,0.0000,-23.55%,Call,09/11/26,"2,240.00",0.40s,52.56%,-0.0013,0.0000,-0.0274,0.0832,+29.02%,Put,09/11/26
"2,163.90s",0.00%,0.9922,0.0000,0.0000,0.0000,-23.55%,Call,09/11/26,"2,245.00",0.40s,52.40%,-0.0013,0.0000,-0.0274,0.0834,+28.85%,Put,09/11/26
"2,158.90s",0.00%,0.9922,0.0000,0.0000,0.0000,-23.55%,Call,09/11/26,"2,250.00",0.40s,52.24%,-0.0013,0.0000,-0.0274,0.0836,+28.69%,Put,09/11/26
"2,153.90s",0.00%,0.9922,0.0000,0.0000,0.0000,-23.55%,Call,09/11/26,"2,255.00",0.40s,52.07%,-0.0013,0.0000,-0.0274,0.0839,+28.52%,Put,09/11/26
"2,148.90s",0.00%,0.9922,0.0000,0.0000,0.0000,-23.55%,Call,09/11/26,"2,260.00",0.40s,51.91%,-0.0013,0.0000,-0.0273,0.0841,+28.36%,Put,09/11/26
"2,143.90s",0.00%,0.9922,0.0000,0.0000,0.0000,-23.55%,Call,09/11/26,"2,265.00",0.40s,51.75%,-0.0013,0.0000,-0.0273,0.0844,+28.20%,Put,09/11/26
"2,138.90s",0.00%,0.9922,0.0000,0.0000,0.0000,-23.55%,Call,09/11/26,"2,270.00",0.40s,51.58%,-0.0013,0.0000,-0.0273,0.0846,+28.03%,Put,09/11/26
"2,133.90s",0.00%,0.9922,0.0000,0.0000,0.0000,-23.55%,Call,09/11/26,"2,275.00",0.40s,51.42%,-0.0013,0.0000,-0.0273,0.0848,+27.87%,Put,09/11/26
"2,128.90s",0.00%,0.9922,0.0000,0.0000,0.0000,-23.55%,Call,09/11/26,"2,280.00",0.40s,51.26%,-0.0013,0.0000,-0.0273,0.0851,+27.71%,Put,09/11/26
"2,123.90s",0.00%,0.9922,0.0000,0.0000,0.0000,-23.55%,Call,09/11/26,"2,285.00",0.40s,51.10%,-0.0013,0.0000,-0.0273,0.0853,+27.55%,Put,09/11/26
"2,118.90s",0.00%,0.9922,0.0000,0.0000,0.0000,-23.55%,Call,09/11/26,"2,290.00",0.40s,50.94%,-0.0014,0.0000,-0.0272,0.0856,+27.39%,Put,09/11/26
"2,113.90s",0.00%,0.9922,0.0000,0.0000,0.0000,-23.55%,Call,09/11/26,"2,295.00",0.50s,51.84%,-0.0016,0.0000,-0.0331,0.1017,+28.29%,Put,09/11/26
"2,108.90s",0.00%,0.9922,0.0000,0.0000,0.0000,-23.55%,Call,09/11/26,"2,300.00",0.50s,51.68%,-0.0016,0.0000,-0.0330,0.1019,+28.13%,Put,09/11/26
"2,103.90s",0.00%,0.9922,0.0000,0.0000,0.0000,-23.55%,Call,09/11/26,"2,305.00",0.50s,51.52%,-0.0016,0.0000,-0.0330,0.1022,+27.97%,Put,09/11/26
"2,098.90s",0.00%,0.9922,0.0000,0.0000,0.0000,-23.55%,Call,09/11/26,"2,310.00",0.50s,51.35%,-0.0016,0.0000,-0.0330,0.1025,+27.80%,Put,09/11/26
"2,093.90s",0.00%,0.9922,0.0000,0.0000,0.0000,-23.55%,Call,09/11/26,"2,315.00",0.50s,51.19%,-0.0017,0.0000,-0.0330,0.1028,+27.64%,Put,09/11/26
"2,088.90s",0.00%,0.9922,0.0000,0.0000,0.0000,-23.55%,Call,09/11/26,"2,320.00",0.50s,51.03%,-0.0017,0.0000,-0.0329,0.1031,+27.48%,Put,09/11/26
"2,083.90s",99.91%,0.9438,0.0001,-1.3614,1.9374,+76.36%,Call,09/11/26,"2,325.00",0.50s,50.87%,-0.0017,0.0000,-0.0329,0.1034,+27.32%,Put,09/11/26
"2,078.90s",99.60%,0.9437,0.0001,-1.3598,1.9411,+76.05%,Call,09/11/26,"2,330.00",0.50s,50.71%,-0.0017,0.0000,-0.0329,0.1037,+27.16%,Put,09/11/26
"2,073.90s",99.30%,0.9436,0.0001,-1.3582,1.9448,+75.75%,Call,09/11/26,"2,335.00",0.50s,50.54%,-0.0017,0.0000,-0.0329,0.1040,+27.00%,Put,09/11/26
"2,068.90s",98.99%,0.9435,0.0001,-1.3566,1.9485,+75.44%,Call,09/11/26,"2,340.00",0.50s,50.38%,-0.0017,0.0000,-0.0328,0.1043,+26.83%,Put,09/11/26
"2,063.90s",98.69%,0.9434,0.0001,-1.3550,1.9522,+75.14%,Call,09/11/26,"2,345.00",0.50s,50.22%,-0.0017,0.0000,-0.0328,0.1046,+26.67%,Put,09/11/26
"2,058.90s",98.38%,0.9433,0.0001,-1.3533,1.9559,+74.83%,Call,09/11/26,"2,350.00",0.50s,50.06%,-0.0017,0.0000,-0.0328,0.1049,+26.51%,Put,09/11/26
"2,053.90s",98.08%,0.9431,0.0001,-1.3517,1.9596,+74.53%,Call,09/11/26,"2,355.00",0.50s,49.90%,-0.0017,0.0000,-0.0328,0.1052,+26.35%,Put,09/11/26
"2,048.90s",97.78%,0.9430,0.0001,-1.3501,1.9634,+74.23%,Call,09/11/26,"2,360.00",0.50s,49.74%,-0.0017,0.0000,-0.0328,0.1055,+26.19%,Put,09/11/26
"2,043.90s",97.47%,0.9429,0.0001,-1.3485,1.9671,+73.93%,Call,09/11/26,"2,365.00",0.50s,49.58%,-0.0017,0.0000,-0.0327,0.1058,+26.03%,Put,09/11/26
"2,038.90s",97.17%,0.9428,0.0001,-1.3469,1.9708,+73.62%,Call,09/11/26,"2,370.00",0.50s,49.42%,-0.0017,0.0000,-0.0327,0.1061,+25.88%,Put,09/11/26
"2,033.90s",96.87%,0.9427,0.0001,-1.3452,1.9746,+73.32%,Call,09/11/26,"2,375.00",0.50s,49.27%,-0.0017,0.0000,-0.0327,0.1064,+25.72%,Put,09/11/26
"2,028.90s",96.57%,0.9425,0.0001,-1.3436,1.9783,+73.02%,Call,09/11/26,"2,380.00",0.50s,49.11%,-0.0017,0.0000,-0.0327,0.1067,+25.56%,Put,09/11/26
"2,023.90s",96.27%,0.9424,0.0001,-1.3420,1.9821,+72.73%,Call,09/11/26,"2,385.00",0.50s,48.95%,-0.0017,0.0000,-0.0326,0.1070,+25.40%,Put,09/11/26
"2,018.90s",95.98%,0.9423,0.0001,-1.3403,1.9859,+72.43%,Call,09/11/26,"2,390.00",0.50s,48.79%,-0.0017,0.0000,-0.0326,0.1073,+25.24%,Put,09/11/26
"2,013.90s",95.68%,0.9422,0.0001,-1.3387,1.9896,+72.13%,Call,09/11/26,"2,395.00",0.50s,48.63%,-0.0017,0.0000,-0.0326,0.1076,+25.09%,Put,09/11/26
"2,008.90s",95.38%,0.9421,0.0001,-1.3371,1.9934,+71.83%,Call,09/11/26,"2,400.00",0.50s,48.48%,-0.0017,0.0000,-0.0326,0.1079,+24.93%,Put,09/11/26
"2,003.90s",95.08%,0.9420,0.0001,-1.3354,1.9972,+71.54%,Call,09/11/26,"2,405.00",0.50s,48.32%,-0.0017,0.0000,-0.0325,0.1082,+24.77%,Put,09/11/26
"1,998.90s",94.79%,0.9418,0.0001,-1.3338,2.0010,+71.24%,Call,09/11/26,"2,410.00",0.50s,48.16%,-0.0018,0.0000,-0.0325,0.1086,+24.62%,Put,09/11/26
"1,993.90s",94.49%,0.9417,0.0001,-1.3322,2.0048,+70.94%,Call,09/11/26,"2,415.00",0.50s,48.01%,-0.0018,0.0000,-0.0325,0.1089,+24.46%,Put,09/11/26
"1,988.90s",94.20%,0.9416,0.0001,-1.3305,2.0086,+70.65%,Call,09/11/26,"2,420.00",0.60s,48.71%,-0.0021,0.0000,-0.0380,0.1252,+25.16%,Put,09/11/26
"1,983.90s",93.90%,0.9415,0.0001,-1.3289,2.0125,+70.36%,Call,09/11/26,"2,425.00",0.60s,48.55%,-0.0021,0.0000,-0.0380,0.1256,+25.00%,Put,09/11/26
"1,978.90s",93.61%,0.9413,0.0001,-1.3272,2.0163,+70.06%,Call,09/11/26,"2,430.00",0.60s,48.39%,-0.0021,0.0000,-0.0380,0.1259,+24.84%,Put,09/11/26
"1,973.90s",93.32%,0.9412,0.0001,-1.3256,2.0201,+69.77%,Call,09/11/26,"2,435.00",0.60s,48.23%,-0.0021,0.0000,-0.0379,0.1263,+24.68%,Put,09/11/26
"1,968.90s",93.03%,0.9411,0.0001,-1.3239,2.0240,+69.48%,Call,09/11/26,"2,440.00",0.60s,48.08%,-0.0021,0.0000,-0.0379,0.1267,+24.53%,Put,09/11/26
"1,963.90s",92.73%,0.9410,0.0001,-1.3223,2.0278,+69.19%,Call,09/11/26,"2,445.00",0.60s,47.92%,-0.0021,0.0000,-0.0379,0.1270,+24.37%,Put,09/11/26
"1,958.90s",92.44%,0.9409,0.0001,-1.3206,2.0317,+68.89%,Call,09/11/26,"2,450.00",0.60s,47.76%,-0.0021,0.0000,-0.0379,0.1274,+24.21%,Put,09/11/26
"1,953.90s",92.15%,0.9407,0.0001,-1.3190,2.0356,+68.60%,Call,09/11/26,"2,455.00",0.60s,47.61%,-0.0021,0.0000,-0.0378,0.1278,+24.06%,Put,09/11/26
"1,948.90s",91.86%,0.9406,0.0001,-1.3173,2.0394,+68.31%,Call,09/11/26,"2,460.00",0.60s,47.45%,-0.0021,0.0000,-0.0378,0.1282,+23.90%,Put,09/11/26
"1,943.90s",91.57%,0.9405,0.0001,-1.3157,2.0433,+68.03%,Call,09/11/26,"2,465.00",0.60s,47.30%,-0.0021,0.0000,-0.0378,0.1285,+23.75%,Put,09/11/26
"1,938.90s",91.29%,0.9404,0.0001,-1.3140,2.0472,+67.74%,Call,09/11/26,"2,470.00",0.60s,47.14%,-0.0021,0.0000,-0.0377,0.1289,+23.59%,Put,09/11/26
"1,933.90s",91.00%,0.9402,0.0001,-1.3124,2.0511,+67.45%,Call,09/11/26,"2,475.00",0.60s,46.99%,-0.0021,0.0000,-0.0377,0.1293,+23.44%,Put,09/11/26
"1,928.90s",90.71%,0.9401,0.0001,-1.3107,2.0550,+67.16%,Call,09/11/26,"2,480.00",0.60s,46.83%,-0.0021,0.0000,-0.0377,0.1297,+23.28%,Put,09/11/26
"1,923.90s",90.42%,0.9400,0.0001,-1.3090,2.0590,+66.88%,Call,09/11/26,"2,485.00",0.60s,46.68%,-0.0021,0.0000,-0.0377,0.1300,+23.13%,Put,09/11/26
"1,918.90s",90.14%,0.9399,0.0001,-1.3074,2.0629,+66.59%,Call,09/11/26,"2,490.00",0.60s,46.52%,-0.0021,0.0000,-0.0376,0.1304,+22.97%,Put,09/11/26
"1,913.90s",89.85%,0.9397,0.0001,-1.3057,2.0668,+66.30%,Call,09/11/26,"2,495.00",0.60s,46.37%,-0.0022,0.0000,-0.0376,0.1308,+22.82%,Put,09/11/26
"1,908.90s",89.57%,0.9396,0.0001,-1.3040,2.0708,+66.02%,Call,09/11/26,"2,500.00",0.70s,46.93%,-0.0025,0.0000,-0.0429,0.1471,+23.39%,Put,09/11/26
"1,903.90s",89.28%,0.9395,0.0001,-1.3024,2.0747,+65.73%,Call,09/11/26,"2,505.00",0.70s,46.78%,-0.0025,0.0000,-0.0429,0.1476,+23.23%,Put,09/11/26
"1,898.90s",89.00%,0.9394,0.0001,-1.3007,2.0787,+65.45%,Call,09/11/26,"2,510.00",0.70s,46.62%,-0.0025,0.0000,-0.0429,0.1480,+23.08%,Put,09/11/26
"1,893.90s",88.72%,0.9392,0.0001,-1.2990,2.0827,+65.17%,Call,09/11/26,"2,515.00",0.70s,46.47%,-0.0025,0.0000,-0.0428,0.1484,+22.92%,Put,09/11/26
"1,888.90s",88.43%,0.9391,0.0001,-1.2973,2.0867,+64.88%,Call,09/11/26,"2,520.00",0.70s,46.31%,-0.0025,0.0000,-0.0428,0.1489,+22.77%,Put,09/11/26
"1,883.90s",88.15%,0.9390,0.0001,-1.2957,2.0907,+64.60%,Call,09/11/26,"2,525.00",0.70s,46.16%,-0.0025,0.0000,-0.0428,0.1493,+22.61%,Put,09/11/26
"1,878.90s",87.87%,0.9388,0.0001,-1.2940,2.0947,+64.32%,Call,09/11/26,"2,530.00",0.70s,46.01%,-0.0025,0.0000,-0.0427,0.1497,+22.46%,Put,09/11/26
"1,873.90s",87.59%,0.9387,0.0001,-1.2923,2.0987,+64.04%,Call,09/11/26,"2,535.00",0.70s,45.85%,-0.0025,0.0000,-0.0427,0.1502,+22.30%,Put,09/11/26
"1,868.90s",87.31%,0.9386,0.0001,-1.2906,2.1027,+63.76%,Call,09/11/26,"2,540.00",0.70s,45.70%,-0.0025,0.0000,-0.0427,0.1506,+22.15%,Put,09/11/26
"1,863.90s",87.03%,0.9385,0.0001,-1.2889,2.1067,+63.48%,Call,09/11/26,"2,545.00",0.70s,45.55%,-0.0025,0.0000,-0.0426,0.1511,+22.00%,Put,09/11/26
"1,858.90s",86.75%,0.9383,0.0001,-1.2873,2.1108,+63.20%,Call,09/11/26,"2,550.00",0.70s,45.39%,-0.0025,0.0000,-0.0426,0.1515,+21.85%,Put,09/11/26
"1,853.90s",86.47%,0.9382,0.0001,-1.2856,2.1148,+62.92%,Call,09/11/26,"2,555.00",0.70s,45.24%,-0.0025,0.0000,-0.0425,0.1520,+21.69%,Put,09/11/26
"1,848.90s",86.19%,0.9381,0.0001,-1.2839,2.1189,+62.64%,Call,09/11/26,"2,560.00",0.80s,45.71%,-0.0028,0.0000,-0.0477,0.1682,+22.17%,Put,09/11/26
"1,843.90s",85.91%,0.9379,0.0001,-1.2822,2.1229,+62.36%,Call,09/11/26,"2,565.00",0.80s,45.56%,-0.0029,0.0000,-0.0477,0.1687,+22.01%,Put,09/11/26
"1,838.90s",85.64%,0.9378,0.0001,-1.2805,2.1270,+62.09%,Call,09/11/26,"2,570.00",0.80s,45.41%,-0.0029,0.0000,-0.0476,0.1692,+21.86%,Put,09/11/26
"1,833.90s",85.36%,0.9377,0.0001,-1.2788,2.1311,+61.81%,Call,09/11/26,"2,575.00",0.80s,45.25%,-0.0029,0.0000,-0.0476,0.1697,+21.70%,Put,09/11/26
"1,828.90s",85.08%,0.9375,0.0001,-1.2771,2.1352,+61.53%,Call,09/11/26,"2,580.00",0.80s,45.10%,-0.0029,0.0000,-0.0475,0.1702,+21.55%,Put,09/11/26
"1,823.90s",84.81%,0.9374,0.0001,-1.2754,2.1393,+61.26%,Call,09/11/26,"2,585.00",0.80s,44.95%,-0.0029,0.0000,-0.0475,0.1707,+21.40%,Put,09/11/26
"1,818.90s",84.53%,0.9373,0.0001,-1.2737,2.1434,+60.98%,Call,09/11/26,"2,590.00",0.80s,44.80%,-0.0029,0.0000,-0.0475,0.1712,+21.25%,Put,09/11/26
"1,813.90s",84.26%,0.9371,0.0001,-1.2720,2.1476,+60.71%,Call,09/11/26,"2,595.00",0.80s,44.64%,-0.0029,0.0000,-0.0474,0.1717,+21.09%,Put,09/11/26
"1,808.90s",83.98%,0.9370,0.0001,-1.2703,2.1517,+60.44%,Call,09/11/26,"2,600.00",0.80s,44.49%,-0.0029,0.0000,-0.0474,0.1723,+20.94%,Put,09/11/26
"1,803.90s",83.71%,0.9369,0.0001,-1.2686,2.1558,+60.16%,Call,09/11/26,"2,605.00",0.80s,44.34%,-0.0029,0.0000,-0.0473,0.1728,+20.79%,Put,09/11/26
"1,798.90s",83.44%,0.9367,0.0001,-1.2669,2.1600,+59.89%,Call,09/11/26,"2,610.00",0.90s,44.74%,-0.0032,0.0000,-0.0524,0.1889,+21.19%,Put,09/11/26
"1,793.90s",83.17%,0.9366,0.0001,-1.2652,2.1642,+59.62%,Call,09/11/26,"2,615.00",0.90s,44.59%,-0.0032,0.0000,-0.0523,0.1895,+21.04%,Put,09/11/26
"1,788.90s",82.89%,0.9365,0.0001,-1.2635,2.1684,+59.34%,Call,09/11/26,"2,620.00",0.90s,44.44%,-0.0033,0.0000,-0.0523,0.1900,+20.89%,Put,09/11/26
"1,783.90s",82.62%,0.9363,0.0001,-1.2618,2.1725,+59.07%,Call,09/11/26,"2,625.00",0.90s,44.28%,-0.0033,0.0000,-0.0522,0.1906,+20.74%,Put,09/11/26
"1,778.90s",82.35%,0.9362,0.0001,-1.2600,2.1767,+58.80%,Call,09/11/26,"2,630.00",0.90s,44.13%,-0.0033,0.0000,-0.0522,0.1912,+20.58%,Put,09/11/26
"1,773.90s",82.08%,0.9360,0.0001,-1.2583,2.1810,+58.53%,Call,09/11/26,"2,635.00",0.90s,43.98%,-0.0033,0.0000,-0.0521,0.1918,+20.43%,Put,09/11/26
"1,768.90s",81.81%,0.9359,0.0001,-1.2566,2.1852,+58.26%,Call,09/11/26,"2,640.00",0.90s,43.83%,-0.0033,0.0000,-0.0521,0.1923,+20.28%,Put,09/11/26
"1,763.90s",81.54%,0.9358,0.0001,-1.2549,2.1894,+57.99%,Call,09/11/26,"2,645.00",0.90s,43.68%,-0.0033,0.0000,-0.0520,0.1929,+20.13%,Put,09/11/26
"1,758.90s",81.27%,0.9356,0.0001,-1.2532,2.1937,+57.72%,Call,09/11/26,"2,650.00",0.90s,43.53%,-0.0033,0.0000,-0.0520,0.1935,+19.98%,Put,09/11/26
"1,753.90s",81.00%,0.9355,0.0001,-1.2515,2.1979,+57.46%,Call,09/11/26,"2,655.00",1.00s,43.87%,-0.0036,0.0000,-0.0569,0.2096,+20.32%,Put,09/11/26
"1,748.90s",80.74%,0.9353,0.0001,-1.2497,2.2022,+57.19%,Call,09/11/26,"2,660.00",1.00s,43.72%,-0.0036,0.0000,-0.0568,0.2102,+20.17%,Put,09/11/26
"1,743.90s",80.47%,0.9352,0.0001,-1.2480,2.2065,+56.92%,Call,09/11/26,"2,665.00",1.00s,43.57%,-0.0037,0.0000,-0.0568,0.2108,+20.02%,Put,09/11/26
"1,738.90s",80.20%,0.9351,0.0001,-1.2463,2.2108,+56.65%,Call,09/11/26,"2,670.00",1.00s,43.42%,-0.0037,0.0000,-0.0567,0.2115,+19.87%,Put,09/11/26
"1,733.90s",79.94%,0.9349,0.0001,-1.2445,2.2151,+56.39%,Call,09/11/26,"2,675.00",1.00s,43.27%,-0.0037,0.0000,-0.0567,0.2121,+19.72%,Put,09/11/26
"1,728.90s",79.67%,0.9348,0.0001,-1.2428,2.2194,+56.12%,Call,09/11/26,"2,680.00",1.00s,43.12%,-0.0037,0.0000,-0.0566,0.2127,+19.57%,Put,09/11/26
"1,723.90s",79.41%,0.9346,0.0001,-1.2411,2.2237,+55.86%,Call,09/11/26,"2,685.00",1.00s,42.97%,-0.0037,0.0000,-0.0566,0.2134,+19.42%,Put,09/11/26
"1,718.90s",79.14%,0.9345,0.0001,-1.2394,2.2281,+55.59%,Call,09/11/26,"2,690.00",1.10s,43.27%,-0.0040,0.0000,-0.0613,0.2293,+19.72%,Put,09/11/26
"1,713.90s",78.88%,0.9344,0.0001,-1.2376,2.2324,+55.33%,Call,09/11/26,"2,695.00",1.10s,43.12%,-0.0040,0.0000,-0.0613,0.2300,+19.57%,Put,09/11/26
"1,708.90s",78.61%,0.9342,0.0001,-1.2359,2.2368,+55.06%,Call,09/11/26,"2,700.00",1.10s,42.97%,-0.0040,0.0000,-0.0612,0.2307,+19.42%,Put,09/11/26
"1,703.90s",78.35%,0.9341,0.0001,-1.2341,2.2411,+54.80%,Call,09/11/26,"2,705.00",1.10s,42.82%,-0.0041,0.0000,-0.0611,0.2314,+19.27%,Put,09/11/26
"1,698.90s",78.09%,0.9339,0.0001,-1.2324,2.2455,+54.54%,Call,09/11/26,"2,710.00",1.10s,42.66%,-0.0041,0.0000,-0.0611,0.2321,+19.12%,Put,09/11/26
"1,693.90s",77.82%,0.9338,0.0001,-1.2307,2.2499,+54.27%,Call,09/11/26,"2,715.00",1.10s,42.51%,-0.0041,0.0000,-0.0610,0.2328,+18.97%,Put,09/11/26
"1,688.90s",77.56%,0.9336,0.0001,-1.2289,2.2543,+54.01%,Call,09/11/26,"2,720.00",1.10s,42.36%,-0.0041,0.0000,-0.0610,0.2335,+18.82%,Put,09/11/26
"1,683.90s",77.30%,0.9335,0.0001,-1.2272,2.2588,+53.75%,Call,09/11/26,"2,725.00",1.20s,42.63%,-0.0044,0.0000,-0.0656,0.2494,+19.08%,Put,09/11/26
"1,678.90s",77.04%,0.9333,0.0001,-1.2254,2.2632,+53.49%,Call,09/11/26,"2,730.00",1.20s,42.48%,-0.0044,0.0000,-0.0656,0.2501,+18.93%,Put,09/11/26
"1,673.90s",76.78%,0.9332,0.0001,-1.2237,2.2677,+53.23%,Call,09/11/26,"2,735.00",1.20s,42.33%,-0.0044,0.0000,-0.0655,0.2509,+18.78%,Put,09/11/26
"1,668.90s",76.52%,0.9330,0.0001,-1.2219,2.2721,+52.97%,Call,09/11/26,"2,740.00",1.20s,42.18%,-0.0045,0.0000,-0.0654,0.2517,+18.63%,Put,09/11/26
"1,663.90s",76.26%,0.9329,0.0001,-1.2202,2.2766,+52.71%,Call,09/11/26,"2,745.00",1.20s,42.03%,-0.0045,0.0000,-0.0654,0.2524,+18.48%,Put,09/11/26
"1,658.90s",79.39%,0.9256,0.0001,-1.3904,2.4853,+55.30%,Call,09/11/26,"2,750.00",1.20s,41.88%,-0.0045,0.0000,-0.0653,0.2532,+18.33%,Put,09/11/26
"1,653.90s",75.74%,0.9326,0.0001,-1.2166,2.2856,+52.19%,Call,09/11/26,"2,755.00",1.30s,42.11%,-0.0048,0.0000,-0.0699,0.2689,+18.56%,Put,09/11/26
"1,648.90s",75.48%,0.9324,0.0001,-1.2149,2.2901,+51.93%,Call,09/11/26,"2,760.00",1.30s,41.96%,-0.0048,0.0000,-0.0698,0.2698,+18.41%,Put,09/11/26
"1,643.90s",75.22%,0.9323,0.0001,-1.2131,2.2946,+51.68%,Call,09/11/26,"2,765.00",1.30s,41.81%,-0.0048,0.0000,-0.0697,0.2706,+18.26%,Put,09/11/26
"1,638.90s",74.97%,0.9321,0.0001,-1.2114,2.2992,+51.42%,Call,09/11/26,"2,770.00",1.30s,41.66%,-0.0048,0.0000,-0.0696,0.2714,+18.11%,Put,09/11/26
"1,633.90s",74.71%,0.9320,0.0001,-1.2096,2.3037,+51.16%,Call,09/11/26,"2,775.00",1.30s,41.51%,-0.0049,0.0000,-0.0696,0.2723,+17.96%,Put,09/11/26
"1,628.90s",74.45%,0.9318,0.0001,-1.2078,2.3083,+50.90%,Call,09/11/26,"2,780.00",1.30s,41.36%,-0.0049,0.0000,-0.0695,0.2731,+17.81%,Put,09/11/26
"1,623.90s",74.20%,0.9317,0.0001,-1.2061,2.3129,+50.65%,Call,09/11/26,"2,785.00",1.40s,41.57%,-0.0052,0.0000,-0.0740,0.2888,+18.02%,Put,09/11/26
"1,618.90s",73.94%,0.9315,0.0001,-1.2043,2.3175,+50.39%,Call,09/11/26,"2,790.00",1.40s,41.42%,-0.0052,0.0000,-0.0739,0.2897,+17.87%,Put,09/11/26
"1,613.90s",73.69%,0.9314,0.0001,-1.2025,2.3221,+50.14%,Call,09/11/26,"2,795.00",1.40s,41.27%,-0.0052,0.0000,-0.0738,0.2906,+17.72%,Put,09/11/26
"1,608.90s",73.43%,0.9312,0.0001,-1.2007,2.3267,+49.88%,Call,09/11/26,"2,800.00",1.40s,41.12%,-0.0053,0.0000,-0.0737,0.2915,+17.57%,Put,09/11/26
"1,603.90s",73.18%,0.9311,0.0001,-1.1990,2.3314,+49.63%,Call,09/11/26,"2,805.00",1.40s,40.97%,-0.0053,0.0000,-0.0737,0.2924,+17.42%,Put,09/11/26
"1,598.90s",72.92%,0.9309,0.0001,-1.1972,2.3360,+49.38%,Call,09/11/26,"2,810.00",1.40s,40.82%,-0.0053,0.0000,-0.0736,0.2933,+17.27%,Put,09/11/26
"1,593.90s",72.67%,0.9307,0.0001,-1.1954,2.3407,+49.12%,Call,09/11/26,"2,815.00",1.50s,41.00%,-0.0056,0.0000,-0.0780,0.3089,+17.45%,Put,09/11/26
"1,588.90s",72.42%,0.9306,0.0001,-1.1936,2.3454,+48.87%,Call,09/11/26,"2,820.00",1.50s,40.85%,-0.0056,0.0000,-0.0779,0.3099,+17.30%,Put,09/11/26
"1,583.90s",72.17%,0.9304,0.0001,-1.1918,2.3501,+48.62%,Call,09/11/26,"2,825.00",1.50s,40.70%,-0.0056,0.0000,-0.0778,0.3109,+17.15%,Put,09/11/26
"1,578.90s",71.91%,0.9303,0.0001,-1.1900,2.3548,+48.36%,Call,09/11/26,"2,830.00",1.50s,40.55%,-0.0057,0.0000,-0.0777,0.3118,+17.00%,Put,09/11/26
"1,573.90s",71.66%,0.9301,0.0001,-1.1883,2.3595,+48.11%,Call,09/11/26,"2,835.00",1.50s,40.40%,-0.0057,0.0000,-0.0776,0.3128,+16.86%,Put,09/11/26
"1,568.90s",71.41%,0.9300,0.0001,-1.1865,2.3642,+47.86%,Call,09/11/26,"2,840.00",1.60s,40.57%,-0.0060,0.0000,-0.0819,0.3284,+17.02%,Put,09/11/26
"1,563.90s",71.16%,0.9298,0.0001,-1.1847,2.3690,+47.61%,Call,09/11/26,"2,845.00",1.60s,40.42%,-0.0060,0.0000,-0.0819,0.3294,+16.87%,Put,09/11/26
"1,558.90s",70.91%,0.9296,0.0001,-1.1829,2.3738,+47.36%,Call,09/11/26,"2,850.00",1.60s,40.27%,-0.0060,0.0000,-0.0818,0.3304,+16.72%,Put,09/11/26
"1,553.90s",70.66%,0.9295,0.0001,-1.1811,2.3786,+47.11%,Call,09/11/26,"2,855.00",1.60s,40.12%,-0.0061,0.0000,-0.0817,0.3315,+16.57%,Put,09/11/26
"1,548.90s",70.41%,0.9293,0.0001,-1.1793,2.3834,+46.86%,Call,09/11/26,"2,860.00",1.60s,39.97%,-0.0061,0.0000,-0.0816,0.3325,+16.42%,Put,09/11/26
"1,543.90s",70.16%,0.9291,0.0001,-1.1775,2.3882,+46.61%,Call,09/11/26,"2,865.00",1.70s,40.12%,-0.0064,0.0000,-0.0858,0.3480,+16.57%,Put,09/11/26
"1,538.90s",69.91%,0.9290,0.0001,-1.1757,2.3930,+46.36%,Call,09/11/26,"2,870.00",1.70s,39.97%,-0.0064,0.0000,-0.0857,0.3491,+16.42%,Put,09/11/26
"1,533.90s",69.66%,0.9288,0.0001,-1.1739,2.3979,+46.11%,Call,09/11/26,"2,875.00",1.70s,39.82%,-0.0065,0.0000,-0.0856,0.3502,+16.27%,Put,09/11/26
"1,528.90s",69.42%,0.9286,0.0001,-1.1721,2.4027,+45.87%,Call,09/11/26,"2,880.00",1.70s,39.67%,-0.0065,0.0000,-0.0855,0.3514,+16.12%,Put,09/11/26
"1,523.90s",69.17%,0.9285,0.0001,-1.1703,2.4076,+45.62%,Call,09/11/26,"2,885.00",1.70s,39.52%,-0.0065,0.0000,-0.0854,0.3525,+15.97%,Put,09/11/26
"1,518.90s",68.92%,0.9283,0.0001,-1.1685,2.4125,+45.37%,Call,09/11/26,"2,890.00",1.80s,39.65%,-0.0068,0.0000,-0.0896,0.3680,+16.10%,Put,09/11/26
"1,513.90s",68.67%,0.9281,0.0001,-1.1667,2.4175,+45.13%,Call,09/11/26,"2,895.00",1.80s,39.50%,-0.0069,0.0000,-0.0895,0.3691,+15.95%,Put,09/11/26
"1,508.90s",68.43%,0.9280,0.0001,-1.1648,2.4224,+44.88%,Call,09/11/26,"2,900.00",1.80s,39.35%,-0.0069,0.0000,-0.0894,0.3703,+15.80%,Put,09/11/26
"1,503.90s",68.18%,0.9278,0.0001,-1.1630,2.4273,+44.63%,Call,09/11/26,"2,905.00",1.80s,39.20%,-0.0069,0.0000,-0.0893,0.3715,+15.65%,Put,09/11/26
"1,498.90s",67.94%,0.9276,0.0001,-1.1612,2.4323,+44.39%,Call,09/11/26,"2,910.00",1.80s,39.05%,-0.0069,0.0000,-0.0892,0.3727,+15.51%,Put,09/11/26
"1,493.90s",67.69%,0.9275,0.0001,-1.1594,2.4373,+44.14%,Call,09/11/26,"2,915.00",1.90s,39.17%,-0.0073,0.0000,-0.0933,0.3882,+15.62%,Put,09/11/26
"1,488.90s",67.45%,0.9273,0.0001,-1.1576,2.4423,+43.90%,Call,09/11/26,"2,920.00",1.90s,39.02%,-0.0073,0.0000,-0.0931,0.3894,+15.47%,Put,09/11/26
"1,483.90s",67.20%,0.9271,0.0001,-1.1557,2.4473,+43.65%,Call,09/11/26,"2,925.00",1.90s,38.87%,-0.0073,0.0000,-0.0930,0.3907,+15.32%,Put,09/11/26
"1,478.90s",66.96%,0.9269,0.0001,-1.1539,2.4524,+43.41%,Call,09/11/26,"2,930.00",1.90s,38.72%,-0.0073,0.0000,-0.0929,0.3919,+15.17%,Put,09/11/26
"1,473.90s",66.71%,0.9268,0.0001,-1.1521,2.4574,+43.17%,Call,09/11/26,"2,935.00",2.00s,38.82%,-0.0077,0.0000,-0.0969,0.4073,+15.28%,Put,09/11/26
"1,468.90s",66.47%,0.9266,0.0001,-1.1503,2.4625,+42.92%,Call,09/11/26,"2,940.00",2.00s,38.68%,-0.0077,0.0000,-0.0968,0.4087,+15.13%,Put,09/11/26
"1,463.90s",66.23%,0.9264,0.0001,-1.1484,2.4676,+42.68%,Call,09/11/26,"2,945.00",2.00s,38.53%,-0.0077,0.0000,-0.0967,0.4100,+14.98%,Put,09/11/26
"1,458.90s",65.99%,0.9262,0.0001,-1.1466,2.4727,+42.44%,Call,09/11/26,"2,950.00",2.00s,38.38%,-0.0078,0.0000,-0.0966,0.4113,+14.83%,Put,09/11/26
"1,453.90s",65.74%,0.9261,0.0001,-1.1448,2.4778,+42.20%,Call,09/11/26,"2,955.00",2.10s,38.47%,-0.0081,0.0000,-0.1006,0.4267,+14.92%,Put,09/11/26
"1,448.90s",65.50%,0.9259,0.0001,-1.1429,2.4830,+41.95%,Call,09/11/26,"2,960.00",2.10s,38.32%,-0.0081,0.0000,-0.1004,0.4281,+14.77%,Put,09/11/26
"1,443.90s",65.26%,0.9257,0.0001,-1.1411,2.4881,+41.71%,Call,09/11/26,"2,965.00",2.10s,38.17%,-0.0081,0.0000,-0.1003,0.4295,+14.62%,Put,09/11/26
"1,438.90s",65.02%,0.9255,0.0001,-1.1393,2.4933,+41.47%,Call,09/11/26,"2,970.00",2.10s,38.02%,-0.0082,0.0000,-0.1002,0.4309,+14.48%,Put,09/11/26
"1,433.90s",64.78%,0.9254,0.0001,-1.1374,2.4985,+41.23%,Call,09/11/26,"2,975.00",2.10s,37.88%,-0.0082,0.0000,-0.1001,0.4323,+14.33%,Put,09/11/26
"1,428.90s",64.54%,0.9252,0.0001,-1.1356,2.5037,+40.99%,Call,09/11/26,"2,980.00",2.20s,37.96%,-0.0085,0.0000,-0.1040,0.4477,+14.41%,Put,09/11/26
"1,423.90s",64.30%,0.9250,0.0001,-1.1337,2.5090,+40.75%,Call,09/11/26,"2,985.00",2.20s,37.81%,-0.0086,0.0000,-0.1038,0.4492,+14.26%,Put,09/11/26
"1,418.90s",64.06%,0.9248,0.0001,-1.1319,2.5142,+40.51%,Call,09/11/26,"2,990.00",2.20s,37.66%,-0.0086,0.0000,-0.1037,0.4507,+14.11%,Put,09/11/26
"1,413.90s",63.82%,0.9246,0.0001,-1.1300,2.5195,+40.27%,Call,09/11/26,"2,995.00",2.20s,37.51%,-0.0086,0.0000,-0.1036,0.4521,+13.96%,Put,09/11/26
"1,408.90s",63.58%,0.9244,0.0001,-1.1282,2.5248,+40.03%,Call,09/11/26,"3,000.00",2.30s,37.58%,-0.0090,0.0000,-0.1074,0.4676,+14.03%,Put,09/11/26
"1,403.90s",63.35%,0.9243,0.0001,-1.1263,2.5301,+39.80%,Call,09/11/26,"3,005.00",2.30s,37.43%,-0.0090,0.0000,-0.1073,0.4691,+13.88%,Put,09/11/26
"1,398.90s",63.11%,0.9241,0.0001,-1.1244,2.5355,+39.56%,Call,09/11/26,"3,010.00",2.30s,37.29%,-0.0090,0.0000,-0.1071,0.4706,+13.74%,Put,09/11/26
"1,393.90s",62.87%,0.9239,0.0001,-1.1226,2.5408,+39.32%,Call,09/11/26,"3,015.00",2.40s,37.35%,-0.0094,0.0000,-0.1109,0.4860,+13.80%,Put,09/11/26
"1,388.90s",62.63%,0.9237,0.0001,-1.1207,2.5462,+39.08%,Call,09/11/26,"3,020.00",2.40s,37.20%,-0.0094,0.0000,-0.1108,0.4876,+13.65%,Put,09/11/26
"1,383.90s",62.40%,0.9235,0.0001,-1.1189,2.5516,+38.85%,Call,09/11/26,"3,025.00",2.40s,37.05%,-0.0094,0.0000,-0.1106,0.4893,+13.50%,Put,09/11/26
"1,378.90s",62.16%,0.9233,0.0001,-1.1170,2.5570,+38.61%,Call,09/11/26,"3,030.00",2.40s,36.90%,-0.0095,0.0000,-0.1105,0.4909,+13.35%,Put,09/11/26
"1,373.90s",61.92%,0.9231,0.0001,-1.1151,2.5625,+38.37%,Call,09/11/26,"3,035.00",2.50s,36.96%,-0.0098,0.0000,-0.1142,0.5063,+13.41%,Put,09/11/26
"1,368.90s",61.69%,0.9229,0.0001,-1.1132,2.5679,+38.14%,Call,09/11/26,"3,040.00",2.50s,36.81%,-0.0099,0.0000,-0.1141,0.5080,+13.26%,Put,09/11/26
"1,363.90s",61.45%,0.9227,0.0001,-1.1114,2.5734,+37.90%,Call,09/11/26,"3,045.00",2.50s,36.66%,-0.0099,0.0000,-0.1139,0.5097,+13.11%,Put,09/11/26
"1,358.90s",61.22%,0.9226,0.0001,-1.1095,2.5789,+37.67%,Call,09/11/26,"3,050.00",2.50s,36.51%,-0.0099,0.0000,-0.1138,0.5114,+12.96%,Put,09/11/26
"1,353.90s",60.98%,0.9224,0.0001,-1.1076,2.5845,+37.43%,Call,09/11/26,"3,055.00",2.60s,36.56%,-0.0103,0.0000,-0.1174,0.5268,+13.01%,Put,09/11/26
"1,348.90s",60.75%,0.9222,0.0001,-1.1057,2.5900,+37.20%,Call,09/11/26,"3,060.00",2.40s,36.02%,-0.0097,0.0000,-0.1097,0.5008,+12.47%,Put,09/11/26
"1,343.90s",60.51%,0.9220,0.0001,-1.1039,2.5956,+36.97%,Call,09/11/26,"3,065.00",2.60s,36.26%,-0.0104,0.0000,-0.1171,0.5303,+12.71%,Put,09/11/26
"1,338.90s",60.28%,0.9218,0.0001,-1.1020,2.6012,+36.73%,Call,09/11/26,"3,070.00",2.70s,36.30%,-0.0107,0.0000,-0.1207,0.5457,+12.75%,Put,09/11/26
"1,333.90s",60.05%,0.9216,0.0001,-1.1001,2.6068,+36.50%,Call,09/11/26,"3,075.00",2.70s,36.15%,-0.0107,0.0000,-0.1206,0.5476,+12.60%,Put,09/11/26
"1,328.90s",59.81%,0.9214,0.0001,-1.0982,2.6124,+36.26%,Call,09/11/26,"3,080.00",2.70s,36.00%,-0.0108,0.0000,-0.1204,0.5494,+12.46%,Put,09/11/26
"1,323.90s",59.58%,0.9212,0.0001,-1.0963,2.6181,+36.03%,Call,09/11/26,"3,085.00",2.80s,36.04%,-0.0111,0.0000,-0.1240,0.5648,+12.49%,Put,09/11/26
"1,319.00s",59.39%,0.9209,0.0001,-1.0964,2.6268,+35.84%,Call,09/11/26,"3,090.00",2.80s,35.89%,-0.0112,0.0000,-0.1238,0.5667,+12.34%,Put,09/11/26
"1,314.00s",59.15%,0.9207,0.0001,-1.0945,2.6325,+35.61%,Call,09/11/26,"3,095.00",2.80s,35.74%,-0.0112,0.0000,-0.1237,0.5687,+12.19%,Put,09/11/26
"1,309.00s",58.92%,0.9205,0.0001,-1.0926,2.6382,+35.37%,Call,09/11/26,"3,100.00",2.90s,35.77%,-0.0116,0.0000,-0.1272,0.5841,+12.22%,Put,09/11/26
"1,304.00s",58.69%,0.9203,0.0001,-1.0907,2.6440,+35.14%,Call,09/11/26,"3,105.00",2.90s,35.62%,-0.0116,0.0000,-0.1270,0.5861,+12.07%,Put,09/11/26
"1,299.00s",58.46%,0.9200,0.0001,-1.0888,2.6498,+34.91%,Call,09/11/26,"3,110.00",2.90s,35.47%,-0.0117,0.0000,-0.1268,0.5881,+11.92%,Put,09/11/26
"1,294.00s",58.23%,0.9198,0.0001,-1.0869,2.6556,+34.68%,Call,09/11/26,"3,115.00",3.00s,35.49%,-0.0120,0.0000,-0.1303,0.6035,+11.94%,Put,09/11/26
"1,289.00s",58.00%,0.9196,0.0001,-1.0850,2.6614,+34.45%,Call,09/11/26,"3,120.00",3.00s,35.34%,-0.0121,0.0000,-0.1301,0.6055,+11.79%,Put,09/11/26
"1,284.00s",57.77%,0.9194,0.0001,-1.0831,2.6673,+34.22%,Call,09/11/26,"3,125.00",3.00s,35.19%,-0.0121,0.0000,-0.1299,0.6076,+11.65%,Put,09/11/26
"1,279.10s",57.58%,0.9191,0.0001,-1.0831,2.6762,+34.03%,Call,09/11/26,"3,130.00",3.10s,35.21%,-0.0125,0.0000,-0.1333,0.6230,+11.66%,Put,09/11/26
"1,274.10s",57.35%,0.9189,0.0001,-1.0812,2.6821,+33.80%,Call,09/11/26,"3,135.00",3.10s,35.06%,-0.0125,0.0000,-0.1332,0.6252,+11.51%,Put,09/11/26
"1,269.10s",57.12%,0.9187,0.0001,-1.0793,2.6881,+33.57%,Call,09/11/26,"3,140.00",3.10s,34.91%,-0.0126,0.0000,-0.1330,0.6273,+11.36%,Put,09/11/26
"1,264.10s",56.89%,0.9185,0.0001,-1.0773,2.6940,+33.34%,Call,09/11/26,"3,145.00",3.20s,34.92%,-0.0129,0.0000,-0.1363,0.6428,+11.37%,Put,09/11/26
"1,259.10s",56.66%,0.9183,0.0001,-1.0754,2.7000,+33.11%,Call,09/11/26,"3,150.00",3.10s,34.62%,-0.0127,0.0000,-0.1326,0.6317,+11.07%,Put,09/11/26
"1,254.10s",56.43%,0.9180,0.0001,-1.0735,2.7061,+32.88%,Call,09/11/26,"3,155.00",3.20s,34.63%,-0.0130,0.0001,-0.1360,0.6472,+11.08%,Put,09/11/26
"1,249.20s",56.24%,0.9177,0.0001,-1.0735,2.7152,+32.69%,Call,09/11/26,"3,160.00",3.30s,34.63%,-0.0134,0.0001,-0.1393,0.6627,+11.08%,Put,09/11/26
"1,244.20s",56.01%,0.9175,0.0001,-1.0716,2.7212,+32.46%,Call,09/11/26,"3,165.00",3.30s,34.49%,-0.0134,0.0001,-0.1391,0.6650,+10.94%,Put,09/11/26
"1,239.20s",55.79%,0.9173,0.0001,-1.0696,2.7273,+32.24%,Call,09/11/26,"3,170.00",3.40s,34.49%,-0.0138,0.0001,-0.1424,0.6805,+10.94%,Put,09/11/26
"1,234.20s",55.56%,0.9170,0.0001,-1.0677,2.7335,+32.01%,Call,09/11/26,"3,175.00",3.40s,34.34%,-0.0139,0.0001,-0.1422,0.6828,+10.79%,Put,09/11/26
"1,229.20s",55.33%,0.9168,0.0001,-1.0658,2.7397,+31.78%,Call,09/11/26,"3,180.00",3.40s,34.19%,-0.0139,0.0001,-0.1420,0.6852,+10.64%,Put,09/11/26
"1,224.30s",55.14%,0.9165,0.0001,-1.0658,2.7489,+31.59%,Call,09/11/26,"3,185.00",3.50s,34.19%,-0.0143,0.0001,-0.1452,0.7007,+10.64%,Put,09/11/26
"1,219.30s",54.92%,0.9163,0.0001,-1.0638,2.7552,+31.37%,Call,09/11/26,"3,190.00",3.50s,34.04%,-0.0143,0.0001,-0.1450,0.7032,+10.49%,Put,09/11/26
"1,214.30s",54.69%,0.9160,0.0001,-1.0619,2.7614,+31.14%,Call,09/11/26,"3,195.00",3.60s,34.03%,-0.0147,0.0001,-0.1482,0.7187,+10.48%,Put,09/11/26
"1,209.30s",54.46%,0.9158,0.0001,-1.0599,2.7677,+30.92%,Call,09/11/26,"3,200.00",3.60s,33.88%,-0.0148,0.0001,-0.1480,0.7212,+10.33%,Put,09/11/26
"1,204.40s",54.28%,0.9155,0.0001,-1.0599,2.7771,+30.73%,Call,09/11/26,"3,205.00",3.60s,33.74%,-0.0148,0.0001,-0.1478,0.7237,+10.19%,Put,09/11/26
"1,199.40s",54.05%,0.9152,0.0001,-1.0579,2.7835,+30.50%,Call,09/11/26,"3,210.00",3.70s,33.72%,-0.0152,0.0001,-0.1510,0.7393,+10.18%,Put,09/11/26
"1,194.40s",53.83%,0.9150,0.0001,-1.0560,2.7899,+30.28%,Call,09/11/26,"3,215.00",3.70s,33.58%,-0.0153,0.0001,-0.1507,0.7419,+10.03%,Put,09/11/26
"1,189.40s",53.60%,0.9148,0.0001,-1.0540,2.7963,+30.05%,Call,09/11/26,"3,220.00",3.80s,33.56%,-0.0156,0.0001,-0.1539,0.7574,+10.01%,Put,09/11/26
"1,184.50s",53.41%,0.9144,0.0001,-1.0539,2.8059,+29.86%,Call,09/11/26,"3,225.00",3.80s,33.41%,-0.0157,0.0001,-0.1536,0.7601,+9.86%,Put,09/11/26
"1,179.50s",53.19%,0.9142,0.0001,-1.0520,2.8123,+29.64%,Call,09/11/26,"3,230.00",3.90s,33.40%,-0.0161,0.0001,-0.1567,0.7757,+9.85%,Put,09/11/26
"1,174.50s",52.96%,0.9139,0.0001,-1.0500,2.8189,+29.42%,Call,09/11/26,"3,235.00",3.90s,33.25%,-0.0162,0.0001,-0.1565,0.7784,+9.70%,Put,09/11/26
"1,169.60s",52.78%,0.9136,0.0001,-1.0499,2.8285,+29.23%,Call,09/11/26,"3,240.00",3.90s,33.10%,-0.0162,0.0001,-0.1562,0.7812,+9.55%,Put,09/11/26
"1,164.60s",52.55%,0.9133,0.0001,-1.0480,2.8351,+29.00%,Call,09/11/26,"3,245.00",4.00s,33.08%,-0.0166,0.0001,-0.1593,0.7968,+9.53%,Put,09/11/26
"1,159.60s",52.33%,0.9131,0.0001,-1.0460,2.8417,+28.78%,Call,09/11/26,"3,250.00",4.00s,32.93%,-0.0167,0.0001,-0.1590,0.7997,+9.38%,Put,09/11/26
"1,154.70s",52.14%,0.9127,0.0001,-1.0459,2.8516,+28.59%,Call,09/11/26,"3,255.00",4.10s,32.90%,-0.0171,0.0001,-0.1621,0.8153,+9.36%,Put,09/11/26
"1,149.70s",51.92%,0.9125,0.0001,-1.0439,2.8582,+28.37%,Call,09/11/26,"3,260.00",4.10s,32.76%,-0.0171,0.0001,-0.1618,0.8182,+9.21%,Put,09/11/26
"1,144.70s",51.70%,0.9122,0.0001,-1.0419,2.8650,+28.15%,Call,09/11/26,"3,265.00",4.20s,32.73%,-0.0175,0.0001,-0.1648,0.8339,+9.18%,Put,09/11/26
"1,139.80s",51.51%,0.9119,0.0001,-1.0418,2.8749,+27.96%,Call,09/11/26,"3,270.00",4.20s,32.58%,-0.0176,0.0001,-0.1645,0.8369,+9.03%,Put,09/11/26
"1,134.80s",51.29%,0.9116,0.0002,-1.0398,2.8817,+27.74%,Call,09/11/26,"3,275.00",4.30s,32.55%,-0.0180,0.0001,-0.1675,0.8526,+9.00%,Put,09/11/26
"1,129.90s",51.10%,0.9113,0.0002,-1.0397,2.8917,+27.55%,Call,09/11/26,"3,280.00",4.30s,32.40%,-0.0180,0.0001,-0.1672,0.8557,+8.85%,Put,09/11/26
"1,124.90s",50.88%,0.9110,0.0002,-1.0377,2.8986,+27.33%,Call,09/11/26,"3,285.00",4.40s,32.37%,-0.0184,0.0001,-0.1701,0.8713,+8.82%,Put,09/11/26
"1,119.90s",50.66%,0.9107,0.0002,-1.0357,2.9055,+27.11%,Call,09/11/26,"3,290.00",4.40s,32.22%,-0.0185,0.0001,-0.1699,0.8745,+8.67%,Put,09/11/26
"1,115.00s",50.47%,0.9104,0.0002,-1.0355,2.9156,+26.92%,Call,09/11/26,"3,295.00",4.50s,32.19%,-0.0189,0.0001,-0.1727,0.8902,+8.64%,Put,09/11/26
"1,110.00s",50.25%,0.9101,0.0002,-1.0335,2.9226,+26.70%,Call,09/11/26,"3,300.00",4.50s,32.04%,-0.0190,0.0001,-0.1725,0.8935,+8.49%,Put,09/11/26
"1,105.10s",50.07%,0.9097,0.0002,-1.0334,2.9328,+26.52%,Call,09/11/26,"3,305.00",4.60s,32.00%,-0.0194,0.0001,-0.1753,0.9092,+8.45%,Put,09/11/26
"1,100.10s",49.85%,0.9095,0.0002,-1.0313,2.9399,+26.30%,Call,09/11/26,"3,310.00",4.60s,31.85%,-0.0195,0.0001,-0.1750,0.9126,+8.30%,Put,09/11/26
"1,095.20s",49.66%,0.9091,0.0002,-1.0312,2.9502,+26.11%,Call,09/11/26,"3,315.00",4.70s,31.81%,-0.0199,0.0001,-0.1778,0.9284,+8.26%,Put,09/11/26
"1,090.20s",49.44%,0.9088,0.0002,-1.0291,2.9574,+25.89%,Call,09/11/26,"3,320.00",4.80s,31.77%,-0.0203,0.0001,-0.1806,0.9441,+8.22%,Put,09/11/26
"1,085.30s",49.26%,0.9084,0.0002,-1.0290,2.9678,+25.71%,Call,09/11/26,"3,325.00",4.80s,31.62%,-0.0203,0.0001,-0.1803,0.9476,+8.07%,Put,09/11/26
"1,080.30s",49.04%,0.9081,0.0002,-1.0269,2.9750,+25.49%,Call,09/11/26,"3,330.00",4.90s,31.57%,-0.0207,0.0001,-0.1831,0.9634,+8.03%,Put,09/11/26
"1,075.40s",48.85%,0.9077,0.0002,-1.0267,2.9855,+25.30%,Call,09/11/26,"3,335.00",4.90s,31.43%,-0.0208,0.0001,-0.1828,0.9670,+7.88%,Put,09/11/26
"1,070.40s",48.63%,0.9075,0.0002,-1.0247,2.9928,+25.08%,Call,09/11/26,"3,340.00",5.00s,31.38%,-0.0212,0.0001,-0.1855,0.9829,+7.83%,Put,09/11/26
"1,065.50s",48.45%,0.9071,0.0002,-1.0245,3.0034,+24.90%,Call,09/11/26,"3,345.00",5.10s,31.33%,-0.0216,0.0001,-0.1882,0.9987,+7.78%,Put,09/11/26
"1,060.50s",48.23%,0.9068,0.0002,-1.0224,3.0108,+24.68%,Call,09/11/26,"3,350.00",5.10s,31.18%,-0.0217,0.0001,-0.1879,1.0024,+7.63%,Put,09/11/26
"1,055.60s",48.04%,0.9064,0.0002,-1.0222,3.0215,+24.49%,Call,09/11/26,"3,355.00",5.20s,31.13%,-0.0222,0.0001,-0.1905,1.0183,+7.58%,Put,09/11/26
"1,050.60s",47.83%,0.9061,0.0002,-1.0201,3.0290,+24.28%,Call,09/11/26,"3,360.00",5.30s,31.08%,-0.0226,0.0001,-0.1932,1.0342,+7.53%,Put,09/11/26
"1,045.70s",47.64%,0.9057,0.0002,-1.0199,3.0398,+24.09%,Call,09/11/26,"3,365.00",5.30s,30.93%,-0.0227,0.0001,-0.1928,1.0381,+7.38%,Put,09/11/26
"1,040.80s",47.46%,0.9053,0.0002,-1.0197,3.0506,+23.91%,Call,09/11/26,"3,370.00",5.40s,30.87%,-0.0231,0.0001,-0.1955,1.0540,+7.33%,Put,09/11/26
"1,035.80s",47.24%,0.9050,0.0002,-1.0176,3.0582,+23.69%,Call,09/11/26,"3,375.00",5.50s,30.82%,-0.0235,0.0001,-0.1980,1.0700,+7.27%,Put,09/11/26
"1,030.90s",47.05%,0.9046,0.0002,-1.0173,3.0692,+23.51%,Call,09/11/26,"3,380.00",5.50s,30.67%,-0.0236,0.0001,-0.1977,1.0740,+7.12%,Put,09/11/26
"1,026.00s",46.87%,0.9041,0.0002,-1.0171,3.0802,+23.32%,Call,09/11/26,"3,385.00",5.60s,30.61%,-0.0240,0.0001,-0.2002,1.0900,+7.06%,Put,09/11/26
"1,021.00s",46.65%,0.9038,0.0002,-1.0150,3.0879,+23.10%,Call,09/11/26,"3,390.00",5.70s,30.55%,-0.0244,0.0001,-0.2028,1.1060,+7.00%,Put,09/11/26
"1,016.10s",46.47%,0.9034,0.0002,-1.0147,3.0990,+22.92%,Call,09/11/26,"3,395.00",5.70s,30.40%,-0.0246,0.0001,-0.2024,1.1102,+6.85%,Put,09/11/26
"1,011.20s",46.29%,0.9030,0.0002,-1.0144,3.1102,+22.74%,Call,09/11/26,"3,400.00",5.80s,30.34%,-0.0250,0.0001,-0.2049,1.1263,+6.79%,Put,09/11/26
"1,006.20s",46.07%,0.9027,0.0002,-1.0123,3.1181,+22.52%,Call,09/11/26,"3,405.00",5.90s,30.28%,-0.0254,0.0001,-0.2074,1.1424,+6.73%,Put,09/11/26
"1,001.30s",45.88%,0.9022,0.0002,-1.0120,3.1294,+22.34%,Call,09/11/26,"3,410.00",6.00s,30.21%,-0.0258,0.0001,-0.2098,1.1584,+6.67%,Put,09/11/26
996.40s,45.70%,0.9018,0.0002,-1.0117,3.1407,+22.15%,Call,09/11/26,"3,415.00",6.10s,30.15%,-0.0263,0.0001,-0.2123,1.1745,+6.60%,Put,09/11/26
991.50s,45.52%,0.9014,0.0002,-1.0114,3.1520,+21.97%,Call,09/11/26,"3,420.00",6.10s,30.00%,-0.0264,0.0001,-0.2119,1.1791,+6.45%,Put,09/11/26
986.60s,45.33%,0.9009,0.0002,-1.0111,3.1635,+21.78%,Call,09/11/26,"3,425.00",6.20s,29.93%,-0.0268,0.0001,-0.2143,1.1952,+6.38%,Put,09/11/26
981.60s,45.12%,0.9006,0.0002,-1.0089,3.1716,+21.57%,Call,09/11/26,"3,430.00",6.30s,29.86%,-0.0272,0.0001,-0.2167,1.2114,+6.32%,Put,09/11/26
976.70s,44.93%,0.9001,0.0002,-1.0086,3.1832,+21.39%,Call,09/11/26,"3,435.00",6.40s,29.79%,-0.0277,0.0001,-0.2190,1.2276,+6.25%,Put,09/11/26
971.80s,44.75%,0.8997,0.0002,-1.0082,3.1947,+21.20%,Call,09/11/26,"3,440.00",6.50s,29.72%,-0.0281,0.0001,-0.2213,1.2438,+6.18%,Put,09/11/26
966.90s,44.57%,0.8992,0.0002,-1.0079,3.2064,+21.02%,Call,09/11/26,"3,445.00",6.60s,29.65%,-0.0286,0.0001,-0.2237,1.2600,+6.10%,Put,09/11/26
962.00s,44.38%,0.8988,0.0002,-1.0075,3.2181,+20.83%,Call,09/11/26,"3,450.00",6.70s,29.58%,-0.0290,0.0001,-0.2259,1.2763,+6.03%,Put,09/11/26
957.10s,44.20%,0.8983,0.0002,-1.0071,3.2298,+20.65%,Call,09/11/26,"3,455.00",6.80s,29.51%,-0.0295,0.0001,-0.2282,1.2925,+5.96%,Put,09/11/26
952.20s,44.02%,0.8978,0.0002,-1.0067,3.2417,+20.47%,Call,09/11/26,"3,460.00",6.90s,29.43%,-0.0299,0.0001,-0.2305,1.3088,+5.88%,Put,09/11/26
947.30s,43.83%,0.8974,0.0002,-1.0063,3.2535,+20.28%,Call,09/11/26,"3,465.00",6.90s,29.28%,-0.0300,0.0001,-0.2300,1.3140,+5.73%,Put,09/11/26
942.40s,43.65%,0.8969,0.0002,-1.0059,3.2655,+20.10%,Call,09/11/26,"3,470.00",7.00s,29.20%,-0.0305,0.0001,-0.2322,1.3304,+5.65%,Put,09/11/26
937.40s,43.43%,0.8966,0.0002,-1.0037,3.2742,+19.89%,Call,09/11/26,"3,475.00",7.10s,29.12%,-0.0310,0.0001,-0.2344,1.3468,+5.58%,Put,09/11/26
932.60s,43.28%,0.8959,0.0002,-1.0050,3.2895,+19.73%,Call,09/11/26,"3,480.00",7.20s,29.05%,-0.0314,0.0001,-0.2366,1.3632,+5.50%,Put,09/11/26
927.70s,43.10%,0.8955,0.0002,-1.0046,3.3017,+19.55%,Call,09/11/26,"3,485.00",7.40s,29.04%,-0.0322,0.0001,-0.2413,1.3907,+5.49%,Put,09/11/26
922.80s,42.91%,0.8950,0.0002,-1.0041,3.3139,+19.37%,Call,09/11/26,"3,490.00",7.50s,28.96%,-0.0326,0.0001,-0.2435,1.4071,+5.41%,Put,09/11/26
917.90s,42.73%,0.8945,0.0002,-1.0037,3.3261,+19.18%,Call,09/11/26,"3,495.00",7.60s,28.87%,-0.0331,0.0001,-0.2455,1.4236,+5.32%,Put,09/11/26
913.00s,42.55%,0.8940,0.0002,-1.0032,3.3384,+19.00%,Call,09/11/26,"3,500.00",8.30s,29.20%,-0.0354,0.0001,-0.2630,1.5035,+5.65%,Put,09/11/26
908.10s,42.36%,0.8935,0.0002,-1.0027,3.3508,+18.82%,Call,09/11/26,"3,505.00",7.80s,28.71%,-0.0340,0.0001,-0.2497,1.4567,+5.16%,Put,09/11/26
903.20s,42.18%,0.8930,0.0002,-1.0022,3.3632,+18.63%,Call,09/11/26,"3,510.00",7.90s,28.62%,-0.0345,0.0001,-0.2517,1.4733,+5.07%,Put,09/11/26
898.30s,42.00%,0.8925,0.0002,-1.0017,3.3757,+18.45%,Call,09/11/26,"3,515.00",8.00s,28.53%,-0.0350,0.0001,-0.2537,1.4900,+4.99%,Put,09/11/26
893.40s,41.81%,0.8920,0.0002,-1.0012,3.3883,+18.27%,Call,09/11/26,"3,520.00",8.10s,28.45%,-0.0355,0.0001,-0.2557,1.5066,+4.90%,Put,09/11/26
888.60s,41.66%,0.8913,0.0002,-1.0024,3.4043,+18.11%,Call,09/11/26,"3,525.00",8.30s,28.42%,-0.0363,0.0001,-0.2601,1.5339,+4.88%,Put,09/11/26
883.70s,41.48%,0.8908,0.0002,-1.0019,3.4170,+17.93%,Call,09/11/26,"3,530.00",8.40s,28.33%,-0.0367,0.0001,-0.2621,1.5506,+4.79%,Put,09/11/26
878.80s,41.29%,0.8903,0.0002,-1.0013,3.4297,+17.74%,Call,09/11/26,"3,535.00",8.50s,28.24%,-0.0372,0.0001,-0.2640,1.5674,+4.69%,Put,09/11/26
873.90s,41.11%,0.8898,0.0002,-1.0007,3.4426,+17.56%,Call,09/11/26,"3,540.00",8.60s,28.15%,-0.0377,0.0002,-0.2658,1.5842,+4.60%,Put,09/11/26
869.10s,40.96%,0.8891,0.0002,-1.0019,3.4588,+17.41%,Call,09/11/26,"3,545.00",8.80s,28.12%,-0.0385,0.0002,-0.2702,1.6115,+4.57%,Put,09/11/26
864.20s,40.77%,0.8886,0.0002,-1.0013,3.4718,+17.22%,Call,09/11/26,"3,550.00",8.90s,28.03%,-0.0390,0.0002,-0.2720,1.6283,+4.48%,Put,09/11/26
859.40s,40.62%,0.8879,0.0002,-1.0024,3.4881,+17.07%,Call,09/11/26,"3,555.00",9.00s,27.93%,-0.0395,0.0002,-0.2738,1.6453,+4.39%,Put,09/11/26
854.50s,40.43%,0.8873,0.0002,-1.0018,3.5013,+16.88%,Call,09/11/26,"3,560.00",9.20s,27.90%,-0.0403,0.0002,-0.2780,1.6724,+4.35%,Put,09/11/26
849.60s,40.25%,0.8868,0.0002,-1.0011,3.5145,+16.70%,Call,09/11/26,"3,565.00",9.30s,27.80%,-0.0408,0.0002,-0.2797,1.6895,+4.25%,Put,09/11/26
844.80s,40.09%,0.8861,0.0002,-1.0022,3.5310,+16.54%,Call,09/11/26,"3,570.00",9.50s,27.76%,-0.0416,0.0002,-0.2839,1.7166,+4.21%,Put,09/11/26
839.90s,39.91%,0.8855,0.0002,-1.0015,3.5444,+16.36%,Call,09/11/26,"3,575.00",9.60s,27.67%,-0.0421,0.0002,-0.2856,1.7337,+4.12%,Put,09/11/26
835.10s,39.75%,0.8848,0.0002,-1.0026,3.5611,+16.20%,Call,09/11/26,"3,580.00",9.80s,27.62%,-0.0430,0.0002,-0.2896,1.7607,+4.07%,Put,09/11/26
830.20s,39.57%,0.8843,0.0002,-1.0019,3.5746,+16.02%,Call,09/11/26,"3,585.00",10.10s,27.63%,-0.0441,0.0002,-0.2959,1.7975,+4.09%,Put,09/11/26
825.40s,39.41%,0.8836,0.0002,-1.0029,3.5914,+15.86%,Call,09/11/26,"3,590.00",10.10s,27.48%,-0.0443,0.0002,-0.2952,1.8050,+3.93%,Put,09/11/26
820.60s,39.26%,0.8829,0.0002,-1.0038,3.6084,+15.71%,Call,09/11/26,"3,595.00",10.20s,27.37%,-0.0448,0.0002,-0.2968,1.8223,+3.83%,Put,09/11/26
815.70s,39.07%,0.8823,0.0002,-1.0031,3.6221,+15.52%,Call,09/11/26,"3,600.00",10.70s,27.49%,-0.0465,0.0002,-0.3075,1.8780,+3.94%,Put,09/11/26
810.90s,38.92%,0.8815,0.0003,-1.0040,3.6391,+15.37%,Call,09/11/26,"3,605.00",10.60s,27.27%,-0.0465,0.0002,-0.3044,1.8763,+3.73%,Put,09/11/26
806.10s,38.76%,0.8808,0.0003,-1.0049,3.6563,+15.21%,Call,09/11/26,"3,610.00",10.70s,27.17%,-0.0470,0.0002,-0.3059,1.8938,+3.62%,Put,09/11/26
801.30s,38.60%,0.8801,0.0003,-1.0058,3.6735,+15.05%,Call,09/11/26,"3,615.00",10.90s,27.12%,-0.0479,0.0002,-0.3097,1.9208,+3.57%,Put,09/11/26
796.40s,38.42%,0.8795,0.0003,-1.0050,3.6875,+14.87%,Call,09/11/26,"3,620.00",11.10s,27.06%,-0.0487,0.0002,-0.3134,1.9478,+3.51%,Put,09/11/26
791.60s,38.26%,0.8787,0.0003,-1.0058,3.7049,+14.71%,Call,09/11/26,"3,625.00",11.40s,27.05%,-0.0499,0.0002,-0.3192,1.9840,+3.50%,Put,09/11/26
786.80s,38.10%,0.8780,0.0003,-1.0066,3.7224,+14.55%,Call,09/11/26,"3,630.00",11.40s,26.89%,-0.0501,0.0002,-0.3184,1.9924,+3.34%,Put,09/11/26
782.00s,37.94%,0.8772,0.0003,-1.0074,3.7399,+14.39%,Call,09/11/26,"3,635.00",11.60s,26.83%,-0.0510,0.0002,-0.3220,2.0194,+3.28%,Put,09/11/26
777.20s,37.78%,0.8765,0.0003,-1.0082,3.7575,+14.24%,Call,09/11/26,"3,640.00",11.80s,26.77%,-0.0518,0.0002,-0.3255,2.0464,+3.22%,Put,09/11/26
772.40s,37.63%,0.8757,0.0003,-1.0090,3.7751,+14.08%,Call,09/11/26,"3,645.00",12.00s,26.71%,-0.0527,0.0002,-0.3289,2.0733,+3.16%,Put,09/11/26
767.60s,37.47%,0.8749,0.0003,-1.0097,3.7929,+13.92%,Call,09/11/26,"3,650.00",12.10s,26.60%,-0.0533,0.0002,-0.3302,2.0913,+3.05%,Put,09/11/26
762.80s,37.31%,0.8741,0.0003,-1.0104,3.8107,+13.76%,Call,09/11/26,"3,655.00",12.40s,26.58%,-0.0544,0.0002,-0.3357,2.1272,+3.03%,Put,09/11/26
758.10s,37.17%,0.8732,0.0003,-1.0127,3.8318,+13.62%,Call,09/11/26,"3,660.00",12.60s,26.51%,-0.0553,0.0002,-0.3390,2.1542,+2.96%,Put,09/11/26
753.30s,37.01%,0.8724,0.0003,-1.0134,3.8498,+13.46%,Call,09/11/26,"3,665.00",12.80s,26.44%,-0.0562,0.0002,-0.3423,2.1812,+2.89%,Put,09/11/26
748.50s,36.85%,0.8716,0.0003,-1.0140,3.8679,+13.30%,Call,09/11/26,"3,670.00",13.00s,26.37%,-0.0571,0.0002,-0.3456,2.2081,+2.82%,Put,09/11/26
743.70s,36.69%,0.8708,0.0003,-1.0146,3.8860,+13.14%,Call,09/11/26,"3,675.00",13.30s,26.34%,-0.0582,0.0002,-0.3508,2.2437,+2.79%,Put,09/11/26
739.00s,36.56%,0.8699,0.0003,-1.0168,3.9074,+13.01%,Call,09/11/26,"3,680.00",13.50s,26.27%,-0.0591,0.0002,-0.3539,2.2707,+2.72%,Put,09/11/26
734.20s,36.40%,0.8690,0.0003,-1.0173,3.9257,+12.85%,Call,09/11/26,"3,685.00",13.70s,26.19%,-0.0600,0.0002,-0.3570,2.2976,+2.64%,Put,09/11/26
729.50s,36.26%,0.8681,0.0003,-1.0194,3.9472,+12.71%,Call,09/11/26,"3,690.00",14.00s,26.16%,-0.0612,0.0002,-0.3621,2.3330,+2.61%,Put,09/11/26
724.70s,36.10%,0.8672,0.0003,-1.0199,3.9657,+12.55%,Call,09/11/26,"3,695.00",14.20s,26.08%,-0.0621,0.0002,-0.3651,2.3599,+2.53%,Put,09/11/26
720.00s,35.96%,0.8663,0.0003,-1.0220,3.9874,+12.41%,Call,09/11/26,"3,700.00",14.50s,26.04%,-0.0633,0.0002,-0.3700,2.3952,+2.49%,Put,09/11/26
715.20s,35.80%,0.8654,0.0003,-1.0224,4.0060,+12.25%,Call,09/11/26,"3,705.00",14.70s,25.96%,-0.0642,0.0003,-0.3729,2.4221,+2.41%,Put,09/11/26
710.50s,35.66%,0.8644,0.0003,-1.0244,4.0278,+12.11%,Call,09/11/26,"3,710.00",15.00s,25.92%,-0.0654,0.0003,-0.3777,2.4572,+2.37%,Put,09/11/26
705.80s,35.52%,0.8634,0.0003,-1.0264,4.0497,+11.97%,Call,09/11/26,"3,715.00",15.20s,25.83%,-0.0664,0.0003,-0.3804,2.4842,+2.28%,Put,09/11/26
701.00s,35.36%,0.8625,0.0003,-1.0267,4.0686,+11.81%,Call,09/11/26,"3,720.00",15.50s,25.79%,-0.0676,0.0003,-0.3851,2.5191,+2.24%,Put,09/11/26
696.30s,35.22%,0.8615,0.0003,-1.0286,4.0906,+11.67%,Call,09/11/26,"3,725.00",16.40s,25.97%,-0.0704,0.0003,-0.4012,2.6006,+2.42%,Put,09/11/26
691.60s,35.08%,0.8605,0.0003,-1.0304,4.1127,+11.53%,Call,09/11/26,"3,730.00",16.60s,25.88%,-0.0714,0.0003,-0.4037,2.6273,+2.33%,Put,09/11/26
686.90s,34.94%,0.8595,0.0003,-1.0323,4.1348,+11.39%,Call,09/11/26,"3,735.00",16.30s,25.60%,-0.0710,0.0003,-0.3968,2.6158,+2.05%,Put,09/11/26
682.20s,34.80%,0.8584,0.0003,-1.0340,4.1571,+11.25%,Call,09/11/26,"3,740.00",16.60s,25.54%,-0.0722,0.0003,-0.4012,2.6506,+1.99%,Put,09/11/26
677.50s,34.66%,0.8574,0.0003,-1.0358,4.1794,+11.11%,Call,09/11/26,"3,745.00",17.60s,25.75%,-0.0753,0.0003,-0.4185,2.7374,+2.20%,Put,09/11/26
672.90s,34.54%,0.8562,0.0003,-1.0390,4.2047,+10.99%,Call,09/11/26,"3,750.00",17.20s,25.43%,-0.0747,0.0003,-0.4098,2.7198,+1.88%,Put,09/11/26
668.20s,34.40%,0.8551,0.0003,-1.0406,4.2272,+10.85%,Call,09/11/26,"3,755.00",17.60s,25.41%,-0.0762,0.0003,-0.4158,2.7618,+1.86%,Put,09/11/26
663.50s,34.25%,0.8540,0.0003,-1.0422,4.2497,+10.70%,Call,09/11/26,"3,760.00",17.90s,25.35%,-0.0775,0.0003,-0.4199,2.7962,+1.80%,Put,09/11/26
658.90s,34.13%,0.8528,0.0003,-1.0453,4.2752,+10.58%,Call,09/11/26,"3,765.00",18.20s,25.28%,-0.0787,0.0003,-0.4239,2.8306,+1.73%,Put,09/11/26
654.20s,33.99%,0.8517,0.0003,-1.0468,4.2979,+10.44%,Call,09/11/26,"3,770.00",18.50s,25.22%,-0.0800,0.0003,-0.4279,2.8649,+1.67%,Put,09/11/26
649.60s,33.87%,0.8505,0.0003,-1.0498,4.3235,+10.32%,Call,09/11/26,"3,775.00",18.90s,25.18%,-0.0815,0.0003,-0.4335,2.9063,+1.64%,Put,09/11/26
644.90s,33.72%,0.8494,0.0003,-1.0512,4.3463,+10.17%,Call,09/11/26,"3,780.00",19.20s,25.12%,-0.0828,0.0003,-0.4373,2.9405,+1.57%,Put,09/11/26
640.30s,33.60%,0.8481,0.0003,-1.0541,4.3720,+10.05%,Call,09/11/26,"3,785.00",19.60s,25.08%,-0.0843,0.0003,-0.4428,2.9816,+1.53%,Put,09/11/26
635.70s,33.47%,0.8469,0.0004,-1.0569,4.3978,+9.92%,Call,09/11/26,"3,790.00",20.00s,25.04%,-0.0859,0.0003,-0.4482,3.0225,+1.49%,Put,09/11/26
631.10s,33.35%,0.8456,0.0004,-1.0597,4.4236,+9.80%,Call,09/11/26,"3,795.00",20.30s,24.96%,-0.0872,0.0003,-0.4518,3.0566,+1.42%,Put,09/11/26
626.50s,33.22%,0.8443,0.0004,-1.0624,4.4495,+9.67%,Call,09/11/26,"3,800.00",20.90s,24.99%,-0.0893,0.0003,-0.4604,3.1105,+1.44%,Put,09/11/26
621.90s,33.10%,0.8430,0.0004,-1.0651,4.4754,+9.55%,Call,09/11/26,"3,805.00",21.10s,24.88%,-0.0903,0.0003,-0.4621,3.1378,+1.33%,Put,09/11/26
617.30s,32.97%,0.8417,0.0004,-1.0677,4.5013,+9.42%,Call,09/11/26,"3,810.00",21.50s,24.83%,-0.0919,0.0003,-0.4671,3.1782,+1.28%,Put,09/11/26
612.70s,32.84%,0.8404,0.0004,-1.0703,4.5273,+9.29%,Call,09/11/26,"3,815.00",21.90s,24.78%,-0.0935,0.0003,-0.4720,3.2185,+1.23%,Put,09/11/26
608.10s,32.71%,0.8391,0.0004,-1.0728,4.5534,+9.16%,Call,09/11/26,"3,820.00",22.30s,24.72%,-0.0951,0.0004,-0.4768,3.2586,+1.18%,Put,09/11/26
603.60s,32.61%,0.8376,0.0004,-1.0766,4.5822,+9.06%,Call,09/11/26,"3,825.00",22.70s,24.67%,-0.0966,0.0004,-0.4816,3.2986,+1.12%,Put,09/11/26
599.00s,32.48%,0.8363,0.0004,-1.0790,4.6083,+8.93%,Call,09/11/26,"3,830.00",23.20s,24.64%,-0.0985,0.0004,-0.4878,3.3447,+1.10%,Put,09/11/26
594.50s,32.37%,0.8348,0.0004,-1.0828,4.6372,+8.82%,Call,09/11/26,"3,835.00",23.60s,24.59%,-0.1001,0.0004,-0.4924,3.3844,+1.04%,Put,09/11/26
590.00s,32.26%,0.8333,0.0004,-1.0864,4.6660,+8.71%,Call,09/11/26,"3,840.00",24.10s,24.55%,-0.1020,0.0004,-0.4984,3.4301,+1.00%,Put,09/11/26
585.40s,32.12%,0.8319,0.0004,-1.0886,4.6923,+8.57%,Call,09/11/26,"3,845.00",24.50s,24.49%,-0.1036,0.0004,-0.5027,3.4695,+0.94%,Put,09/11/26
580.90s,32.01%,0.8304,0.0004,-1.0922,4.7212,+8.46%,Call,09/11/26,"3,850.00",25.00s,24.45%,-0.1055,0.0004,-0.5085,3.5147,+0.91%,Put,09/11/26
576.40s,31.90%,0.8288,0.0004,-1.0956,4.7501,+8.35%,Call,09/11/26,"3,855.00",25.50s,24.42%,-0.1073,0.0004,-0.5142,3.5597,+0.87%,Put,09/11/26
572.00s,31.80%,0.8272,0.0004,-1.1004,4.7816,+8.26%,Call,09/11/26,"3,860.00",26.00s,24.37%,-0.1092,0.0004,-0.5198,3.6045,+0.83%,Put,09/11/26
567.50s,31.69%,0.8256,0.0004,-1.1037,4.8105,+8.14%,Call,09/11/26,"3,865.00",26.50s,24.33%,-0.1111,0.0004,-0.5252,3.6490,+0.78%,Put,09/11/26
563.00s,31.57%,0.8241,0.0004,-1.1070,4.8394,+8.02%,Call,09/11/26,"3,870.00",30.00s,25.08%,-0.1198,0.0004,-0.5748,3.8493,+1.53%,Put,09/11/26
558.60s,31.48%,0.8223,0.0004,-1.1115,4.8708,+7.93%,Call,09/11/26,"3,875.00",27.50s,24.24%,-0.1149,0.0004,-0.5358,3.7375,+0.69%,Put,09/11/26
554.10s,31.36%,0.8208,0.0004,-1.1146,4.8997,+7.81%,Call,09/11/26,"3,880.00",28.10s,24.21%,-0.1170,0.0004,-0.5424,3.7867,+0.66%,Put,09/11/26
549.70s,31.26%,0.8190,0.0004,-1.1190,4.9311,+7.71%,Call,09/11/26,"3,885.00",28.60s,24.16%,-0.1190,0.0004,-0.5473,3.8304,+0.61%,Put,09/11/26
545.30s,31.16%,0.8173,0.0004,-1.1232,4.9624,+7.61%,Call,09/11/26,"3,890.00",29.20s,24.13%,-0.1211,0.0004,-0.5536,3.8791,+0.58%,Put,09/11/26
540.80s,31.04%,0.8157,0.0004,-1.1261,4.9914,+7.49%,Call,09/11/26,"3,895.00",29.80s,24.10%,-0.1233,0.0004,-0.5598,3.9274,+0.55%,Put,09/11/26
536.50s,30.95%,0.8138,0.0004,-1.1315,5.0249,+7.40%,Call,09/11/26,"3,900.00",31.60s,24.36%,-0.1281,0.0004,-0.5827,4.0335,+0.81%,Put,09/11/26
532.10s,30.85%,0.8120,0.0004,-1.1356,5.0562,+7.30%,Call,09/11/26,"3,905.00",32.90s,24.49%,-0.1317,0.0005,-0.5981,4.1125,+0.94%,Put,09/11/26
527.70s,30.74%,0.8102,0.0004,-1.1395,5.0874,+7.19%,Call,09/11/26,"3,910.00",31.50s,23.96%,-0.1296,0.0005,-0.5760,4.0658,+0.41%,Put,09/11/26
523.30s,30.64%,0.8084,0.0004,-1.1433,5.1185,+7.09%,Call,09/11/26,"3,915.00",33.00s,24.14%,-0.1337,0.0005,-0.5940,4.1547,+0.59%,Put,09/11/26
519.00s,30.55%,0.8065,0.0005,-1.1484,5.1519,+7.00%,Call,09/11/26,"3,920.00",32.80s,23.90%,-0.1342,0.0005,-0.5885,4.1646,+0.35%,Put,09/11/26
514.70s,30.46%,0.8046,0.0005,-1.1533,5.1851,+6.91%,Call,09/11/26,"3,925.00",33.40s,23.85%,-0.1364,0.0005,-0.5938,4.2112,+0.30%,Put,09/11/26
510.30s,30.35%,0.8027,0.0005,-1.1569,5.2162,+6.80%,Call,09/11/26,"3,930.00",34.10s,23.83%,-0.1388,0.0005,-0.6004,4.2620,+0.28%,Put,09/11/26
506.00s,30.26%,0.8008,0.0005,-1.1616,5.2493,+6.71%,Call,09/11/26,"3,935.00",34.80s,23.80%,-0.1412,0.0005,-0.6067,4.3125,+0.25%,Put,09/11/26
501.80s,30.18%,0.7987,0.0005,-1.1675,5.2844,+6.63%,Call,09/11/26,"3,940.00",35.50s,23.77%,-0.1436,0.0005,-0.6130,4.3625,+0.22%,Put,09/11/26
497.50s,30.09%,0.7967,0.0005,-1.1720,5.3173,+6.54%,Call,09/11/26,"3,945.00",36.20s,23.73%,-0.1461,0.0005,-0.6190,4.4122,+0.18%,Put,09/11/26
493.20s,29.99%,0.7947,0.0005,-1.1764,5.3502,+6.44%,Call,09/11/26,"3,950.00",38.20s,23.98%,-0.1511,0.0005,-0.6415,4.5136,+0.44%,Put,09/11/26
489.00s,29.91%,0.7925,0.0005,-1.1820,5.3849,+6.36%,Call,09/11/26,"3,955.00",37.60s,23.66%,-0.1510,0.0005,-0.6306,4.5104,+0.11%,Put,09/11/26
484.70s,29.81%,0.7905,0.0005,-1.1862,5.4176,+6.26%,Call,09/11/26,"3,960.00",39.20s,23.81%,-0.1552,0.0005,-0.6475,4.5940,+0.26%,Put,09/11/26
480.50s,29.73%,0.7883,0.0005,-1.1915,5.4521,+6.18%,Call,09/11/26,"3,965.00",39.00s,23.57%,-0.1559,0.0005,-0.6416,4.6074,+0.02%,Put,09/11/26
476.30s,29.65%,0.7861,0.0005,-1.1967,5.4865,+6.10%,Call,09/11/26,"3,970.00",39.90s,23.57%,-0.1588,0.0005,-0.6494,4.6629,+0.02%,Put,09/11/26
472.10s,29.56%,0.7840,0.0005,-1.2017,5.5207,+6.01%,Call,09/11/26,"3,975.00",40.70s,23.54%,-0.1615,0.0005,-0.6557,4.7141,-0.01%,Put,09/11/26
468.00s,29.49%,0.7816,0.0005,-1.2079,5.5567,+5.94%,Call,09/11/26,"3,980.00",41.50s,23.51%,-0.1642,0.0005,-0.6618,4.7649,-0.04%,Put,09/11/26
463.80s,29.40%,0.7794,0.0005,-1.2127,5.5906,+5.85%,Call,09/11/26,"3,985.00",42.30s,23.47%,-0.1669,0.0006,-0.6678,4.8153,-0.08%,Put,09/11/26
459.70s,29.33%,0.7771,0.0005,-1.2185,5.6262,+5.78%,Call,09/11/26,"3,990.00",44.20s,23.66%,-0.1716,0.0006,-0.6865,4.9025,+0.11%,Put,09/11/26
455.50s,29.24%,0.7748,0.0005,-1.2231,5.6599,+5.69%,Call,09/11/26,"3,995.00",44.00s,23.42%,-0.1725,0.0006,-0.6803,4.9181,-0.13%,Put,09/11/26
451.40s,29.16%,0.7725,0.0005,-1.2287,5.6951,+5.61%,Call,09/11/26,"4,000.00",47.00,23.81%,-0.1791,0.0006,-0.7110,5.0373,+0.27%,Put,"18:38 CT"
447.30s,29.09%,0.7701,0.0005,-1.2342,5.7301,+5.54%,Call,09/11/26,"4,005.00",62.40s,26.53%,-0.2044,0.0006,-0.8747,5.4594,+2.98%,Put,09/11/26
443.30s,29.02%,0.7676,0.0005,-1.2407,5.7666,+5.47%,Call,09/11/26,"4,010.00",61.90s,26.22%,-0.2051,0.0006,-0.8646,5.4704,+2.67%,Put,09/11/26
439.20s,28.94%,0.7652,0.0005,-1.2459,5.8012,+5.39%,Call,09/11/26,"4,015.00",47.60s,23.31%,-0.1841,0.0006,-0.7055,5.1243,-0.24%,Put,09/11/26
435.20s,28.88%,0.7627,0.0005,-1.2520,5.8372,+5.33%,Call,09/11/26,"4,020.00",56.30s,24.76%,-0.1997,0.0006,-0.7960,5.3852,+1.21%,Put,09/11/26
431.20s,28.81%,0.7601,0.0005,-1.2580,5.8730,+5.26%,Call,09/11/26,"4,025.00",50.70s,23.49%,-0.1922,0.0006,-0.7311,5.2615,-0.06%,Put,09/11/26
427.20s,28.74%,0.7576,0.0006,-1.2639,5.9085,+5.19%,Call,09/11/26,"4,030.00",62.90s,25.52%,-0.2122,0.0006,-0.8551,5.5815,+1.97%,Put,09/11/26
423.20s,28.67%,0.7550,0.0006,-1.2696,5.9438,+5.12%,Call,09/11/26,"4,035.00",62.50s,25.23%,-0.2131,0.0006,-0.8458,5.5959,+1.68%,Put,09/11/26
419.20s,28.60%,0.7525,0.0006,-1.2752,5.9788,+5.05%,Call,09/11/26,"4,040.00",52.50s,23.19%,-0.1995,0.0006,-0.7368,5.3820,-0.36%,Put,09/11/26
415.30s,28.54%,0.7498,0.0006,-1.2817,6.0150,+4.99%,Call,09/11/26,"4,045.00",53.50s,23.16%,-0.2027,0.0006,-0.7427,5.4323,-0.38%,Put,09/11/26
411.30s,28.46%,0.7472,0.0006,-1.2870,6.0495,+4.91%,Call,09/11/26,"4,050.00",54.40s,23.12%,-0.2056,0.0006,-0.7473,5.4797,-0.43%,Put,09/11/26
407.40s,28.40%,0.7445,0.0006,-1.2932,6.0851,+4.85%,Call,09/11/26,"4,055.00",55.20s,23.05%,-0.2085,0.0006,-0.7507,5.5241,-0.50%,Put,09/11/26
403.50s,28.34%,0.7417,0.0006,-1.2992,6.1204,+4.79%,Call,09/11/26,"4,060.00",56.70s,23.10%,-0.2124,0.0006,-0.7611,5.5850,-0.45%,Put,09/11/26
399.70s,28.29%,0.7389,0.0006,-1.3061,6.1566,+4.74%,Call,09/11/26,"4,065.00",57.80s,23.08%,-0.2158,0.0007,-0.7671,5.6355,-0.47%,Put,09/11/26
395.80s,28.22%,0.7362,0.0006,-1.3117,6.1913,+4.67%,Call,09/11/26,"4,070.00",60.60s,23.35%,-0.2216,0.0007,-0.7898,5.7224,-0.20%,Put,09/11/26
392.00s,28.16%,0.7333,0.0006,-1.3183,6.2269,+4.62%,Call,09/11/26,"4,075.00",59.80s,22.99%,-0.2221,0.0007,-0.7765,5.7301,-0.56%,Put,09/11/26
388.20s,28.11%,0.7304,0.0006,-1.3246,6.2621,+4.56%,Call,09/11/26,"4,080.00",61.50s,23.06%,-0.2263,0.0007,-0.7877,5.7914,-0.49%,Put,09/11/26
384.40s,28.05%,0.7276,0.0006,-1.3308,6.2969,+4.50%,Call,09/11/26,"4,085.00",62.20s,22.96%,-0.2291,0.0007,-0.7889,5.8311,-0.59%,Put,09/11/26
380.60s,27.99%,0.7247,0.0006,-1.3368,6.3314,+4.44%,Call,09/11/26,"4,090.00",63.60s,22.97%,-0.2329,0.0007,-0.7967,5.8844,-0.58%,Put,09/11/26
376.80s,27.93%,0.7218,0.0006,-1.3427,6.3656,+4.38%,Call,09/11/26,"4,095.00",64.80s,22.95%,-0.2364,0.0007,-0.8023,5.9330,-0.60%,Put,09/11/26
373.10s,27.88%,0.7188,0.0006,-1.3493,6.4004,+4.33%,Call,09/11/26,"4,100.00",71.30,23.80%,-0.2468,0.0007,-0.8572,6.0726,+0.26%,Put,"23:25 CT"
369.40s,27.83%,0.7157,0.0006,-1.3558,6.4349,+4.28%,Call,09/11/26,"4,105.00",69.00s,23.19%,-0.2458,0.0007,-0.8296,6.0594,-0.35%,Put,09/11/26
365.70s,27.78%,0.7127,0.0006,-1.3620,6.4689,+4.23%,Call,09/11/26,"4,110.00",68.00s,22.80%,-0.2464,0.0007,-0.8140,6.0678,-0.75%,Put,09/11/26
362.00s,27.72%,0.7097,0.0006,-1.3681,6.5025,+4.17%,Call,09/11/26,"4,115.00",73.40s,23.45%,-0.2552,0.0007,-0.8570,6.1810,-0.10%,Put,09/11/26
358.40s,27.68%,0.7066,0.0006,-1.3749,6.5366,+4.13%,Call,09/11/26,"4,120.00",71.20s,22.86%,-0.2546,0.0007,-0.8304,6.1724,-0.69%,Put,09/11/26
354.70s,27.62%,0.7035,0.0006,-1.3806,6.5694,+4.07%,Call,09/11/26,"4,125.00",72.50s,22.84%,-0.2582,0.0007,-0.8355,6.2184,-0.71%,Put,09/11/26
351.10s,27.57%,0.7003,0.0006,-1.3871,6.6026,+4.03%,Call,09/11/26,"4,130.00",73.90s,22.82%,-0.2620,0.0007,-0.8412,6.2652,-0.72%,Put,09/11/26
347.50s,27.53%,0.6972,0.0006,-1.3933,6.6354,+3.98%,Call,09/11/26,"4,135.00",75.30s,22.81%,-0.2659,0.0007,-0.8466,6.3112,-0.74%,Put,09/11/26
344.00s,27.49%,0.6939,0.0007,-1.4003,6.6685,+3.94%,Call,09/11/26,"4,140.00",76.70s,22.79%,-0.2697,0.0007,-0.8518,6.3563,-0.76%,Put,09/11/26
340.40s,27.44%,0.6907,0.0007,-1.4061,6.7003,+3.89%,Call,09/11/26,"4,145.00",75.20s,22.32%,-0.2702,0.0008,-0.8315,6.3620,-1.23%,Put,09/11/26
336.90s,27.40%,0.6875,0.0007,-1.4126,6.7324,+3.85%,Call,09/11/26,"4,150.00",79.90s,22.81%,-0.2778,0.0008,-0.8648,6.4493,-0.74%,Put,09/11/26
333.40s,27.35%,0.6842,0.0007,-1.4189,6.7641,+3.81%,Call,09/11/26,"4,155.00",81.40s,22.80%,-0.2817,0.0008,-0.8700,6.4932,-0.75%,Put,09/11/26
329.90s,27.31%,0.6809,0.0007,-1.4251,6.7952,+3.76%,Call,09/11/26,"4,160.00",79.70s,22.30%,-0.2822,0.0008,-0.8478,6.4989,-1.25%,Put,09/11/26
326.50s,27.28%,0.6775,0.0007,-1.4319,6.8264,+3.73%,Call,09/11/26,"4,165.00",84.00s,22.71%,-0.2892,0.0008,-0.8762,6.5740,-0.84%,Put,09/11/26
323.00s,27.23%,0.6742,0.0007,-1.4375,6.8565,+3.68%,Call,09/11/26,"4,170.00",97.90s,24.55%,-0.3045,0.0007,-0.9822,6.7297,+1.00%,Put,09/11/26
319.60s,27.19%,0.6708,0.0007,-1.4439,6.8867,+3.64%,Call,09/11/26,"4,175.00",88.90s,22.95%,-0.2989,0.0008,-0.9003,6.6748,-0.60%,Put,09/11/26
316.20s,27.15%,0.6674,0.0007,-1.4500,6.9164,+3.60%,Call,09/11/26,"4,180.00",104.20s,24.96%,-0.3144,0.0007,-1.0150,6.8239,+1.41%,Put,09/11/26
312.90s,27.12%,0.6640,0.0007,-1.4568,6.9460,+3.57%,Call,09/11/26,"4,185.00",90.30s,22.66%,-0.3053,0.0008,-0.8946,6.7381,-0.89%,Put,09/11/26
309.50s,27.08%,0.6606,0.0007,-1.4625,6.9746,+3.53%,Call,09/11/26,"4,190.00",92.80s,22.77%,-0.3102,0.0008,-0.9059,6.7848,-0.78%,Put,09/11/26
306.20s,27.05%,0.6571,0.0007,-1.4688,7.0030,+3.50%,Call,09/11/26,"4,195.00",93.60s,22.63%,-0.3136,0.0008,-0.9034,6.8163,-0.92%,Put,09/11/26
299.00s,26.46%,0.6558,0.0007,-1.4417,7.0133,+2.91%,Call,09/11/26,"4,200.00",104.80,24.00%,-0.3252,0.0008,-0.9822,6.9202,+0.45%,Put,"23:43 CT"
299.70s,26.99%,0.6500,0.0007,-1.4816,7.0587,+3.44%,Call,09/11/26,"4,205.00",97.00s,22.61%,-0.3219,0.0008,-0.9117,6.8916,-0.94%,Put,09/11/26
296.40s,26.95%,0.6465,0.0007,-1.4872,7.0854,+3.40%,Call,09/11/26,"4,210.00",98.70s,22.60%,-0.3261,0.0008,-0.9155,6.9279,-0.95%,Put,09/11/26
293.20s,26.92%,0.6430,0.0007,-1.4934,7.1120,+3.37%,Call,09/11/26,"4,215.00",95.60s,21.89%,-0.3265,0.0008,-0.8817,6.9313,-1.66%,Put,09/11/26
290.00s,26.89%,0.6394,0.0007,-1.4994,7.1379,+3.34%,Call,09/11/26,"4,220.00",98.60s,22.06%,-0.3319,0.0008,-0.8951,6.9762,-1.49%,Put,09/11/26
286.80s,26.86%,0.6358,0.0007,-1.5051,7.1632,+3.31%,Call,09/11/26,"4,225.00",99.20s,21.88%,-0.3353,0.0009,-0.8898,7.0045,-1.67%,Put,09/11/26
283.70s,26.83%,0.6321,0.0007,-1.5114,7.1882,+3.29%,Call,09/11/26,"4,230.00",106.70s,22.68%,-0.3437,0.0008,-0.9366,7.0705,-0.87%,Put,09/11/26
280.50s,26.80%,0.6285,0.0007,-1.5167,7.2123,+3.25%,Call,09/11/26,"4,235.00",107.70s,22.55%,-0.3475,0.0008,-0.9336,7.0987,-1.00%,Put,09/11/26
277.40s,26.77%,0.6249,0.0007,-1.5225,7.2360,+3.22%,Call,09/11/26,"4,240.00",107.00s,22.18%,-0.3502,0.0009,-0.9176,7.1184,-1.37%,Put,09/11/26
274.40s,26.76%,0.6212,0.0007,-1.5289,7.2593,+3.21%,Call,09/11/26,"4,245.00",111.50s,22.54%,-0.3562,0.0009,-0.9402,7.1614,-1.01%,Put,09/11/26
271.30s,26.72%,0.6175,0.0007,-1.5342,7.2818,+3.17%,Call,09/11/26,"4,250.00",122.00,23.01%,-0.3625,0.0008,-0.9689,7.2044,-0.54%,Put,"00:56 CT"
268.30s,26.70%,0.6138,0.0007,-1.5401,7.3038,+3.15%,Call,09/11/26,"4,255.00",118.00s,22.89%,-0.3663,0.0008,-0.9654,7.2296,-0.66%,Put,09/11/26
265.30s,26.68%,0.6101,0.0007,-1.5457,7.3251,+3.13%,Call,09/11/26,"4,260.00",117.30s,22.51%,-0.3693,0.0009,-0.9486,7.2485,-1.04%,Put,09/11/26
262.30s,26.66%,0.6063,0.0007,-1.5510,7.3458,+3.11%,Call,09/11/26,"4,265.00",114.00s,21.77%,-0.3710,0.0009,-0.9127,7.2591,-1.78%,Put,09/11/26
259.40s,26.64%,0.6026,0.0007,-1.5569,7.3659,+3.09%,Call,09/11/26,"4,270.00",121.30s,22.49%,-0.3782,0.0009,-0.9536,7.3022,-1.06%,Put,09/11/26
256.40s,26.61%,0.5988,0.0007,-1.5617,7.3853,+3.06%,Call,09/11/26,"4,275.00",124.10s,22.59%,-0.3829,0.0009,-0.9614,7.3295,-0.96%,Put,09/11/26
253.50s,26.59%,0.5951,0.0007,-1.5671,7.4040,+3.04%,Call,09/11/26,"4,280.00",125.40s,22.48%,-0.3871,0.0009,-0.9581,7.3522,-1.07%,Put,09/11/26
250.60s,26.57%,0.5913,0.0007,-1.5722,7.4221,+3.02%,Call,09/11/26,"4,285.00",127.50s,22.47%,-0.3915,0.0009,-0.9602,7.3758,-1.08%,Put,09/11/26
247.80s,26.56%,0.5875,0.0008,-1.5778,7.4396,+3.01%,Call,09/11/26,"4,290.00",140.10,23.88%,-0.3995,0.0008,-1.0367,7.4153,+0.33%,Put,"22:34 CT"
245.00s,26.55%,0.5837,0.0008,-1.5831,7.4564,+3.00%,Call,09/11/26,"4,295.00",131.80s,22.47%,-0.4005,0.0009,-0.9643,7.4202,-1.08%,Put,09/11/26
242.20s,26.53%,0.5798,0.0008,-1.5882,7.4725,+2.98%,Call,09/11/26,"4,300.00",139.50s,23.20%,-0.4067,0.0009,-1.0050,7.4481,-0.34%,Put,09/11/26
239.40s,26.51%,0.5760,0.0008,-1.5930,7.4879,+2.96%,Call,09/11/26,"4,305.00",136.10s,22.45%,-0.4095,0.0009,-0.9671,7.4606,-1.10%,Put,09/11/26
236.60s,26.49%,0.5722,0.0008,-1.5976,7.5025,+2.94%,Call,09/11/26,"4,310.00",140.60s,22.75%,-0.4146,0.0009,-0.9845,7.4816,-0.80%,Put,09/11/26
233.90s,26.48%,0.5683,0.0008,-1.6026,7.5165,+2.93%,Call,09/11/26,"4,315.00",142.90s,22.75%,-0.4191,0.0009,-0.9861,7.4991,-0.80%,Put,09/11/26
231.20s,26.47%,0.5645,0.0008,-1.6074,7.5298,+2.92%,Call,09/11/26,"4,320.00",142.80s,22.43%,-0.4231,0.0009,-0.9706,7.5139,-1.12%,Put,09/11/26
228.50s,26.45%,0.5606,0.0008,-1.6119,7.5424,+2.90%,Call,09/11/26,"4,325.00",145.10s,22.43%,-0.4277,0.0009,-0.9716,7.5296,-1.12%,Put,09/11/26
213.50s,24.80%,0.5578,0.0008,-1.5251,7.5511,+1.26%,Call,09/11/26,"4,330.00",150.50s,22.83%,-0.4327,0.0009,-0.9938,7.5458,-0.72%,Put,09/11/26
223.20s,26.43%,0.5529,0.0008,-1.6208,7.5654,+2.88%,Call,09/11/26,"4,335.00",149.80s,22.43%,-0.4368,0.0009,-0.9733,7.5582,-1.12%,Put,09/11/26
195.00,23.04%,0.5505,0.0009,-1.4367,7.5720,-0.51%,Call,"17:25 CT","4,340.00",152.10s,22.42%,-0.4414,0.0009,-0.9733,7.5709,-1.13%,Put,09/11/26
218.00s,26.40%,0.5451,0.0008,-1.6293,7.5854,+2.85%,Call,09/11/26,"4,345.00",166.90,24.05%,-0.4466,0.0008,-1.0597,7.5842,+0.50%,Put,"20:26 CT"
191.90,23.29%,0.5415,0.0009,-1.4615,7.5938,-0.26%,Call,"22:10 CT","4,350.00",169.00,24.00%,-0.4508,0.0008,-1.0577,7.5941,+0.45%,Put,"20:18 CT"
212.90s,26.38%,0.5374,0.0008,-1.6376,7.6026,+2.83%,Call,09/11/26,"4,355.00",171.60,24.02%,-0.4551,0.0008,-1.0588,7.6031,+0.47%,Put,"20:25 CT"
198.50s,24.81%,0.5330,0.0008,-1.5553,7.6109,+1.26%,Call,09/11/26,"4,360.00",173.60,23.95%,-0.4594,0.0009,-1.0554,7.6112,+0.40%,Put,"20:22 CT"
207.90s,26.37%,0.5296,0.0008,-1.6454,7.6168,+2.82%,Call,09/11/26,"4,365.00",172.20s,23.44%,-0.4639,0.0009,-1.0282,7.6188,-0.11%,Put,09/11/26
205.40s,26.36%,0.5257,0.0008,-1.6489,7.6228,+2.81%,Call,09/11/26,"4,370.00",177.20,24.46%,-0.4677,0.0008,-1.0818,7.6244,+0.91%,Put,"01:00 CT"
179.10,23.22%,0.5195,0.0009,-1.4807,7.6308,-0.33%,Call,"20:17 CT","4,375.00",175.60s,23.22%,-0.4728,0.0009,-1.0158,7.6308,-0.33%,Put,09/11/26
178.60,23.47%,0.5153,0.0009,-1.4985,7.6352,-0.08%,Call,"20:26 CT","4,380.00",175.10,22.81%,-0.4776,0.0009,-0.9939,7.6357,-0.73%,Put,"21:03 CT"
176.30,23.48%,0.5109,0.0009,-1.5029,7.6388,-0.07%,Call,"20:26 CT","4,385.00",188.90,24.28%,-0.4804,0.0008,-1.0709,7.6381,+0.73%,Put,"20:17 CT"
179.00,24.14%,0.5074,0.0008,-1.5429,7.6410,+0.59%,Call,"20:39 CT","4,390.00",180.20,22.80%,-0.4865,0.0009,-0.9914,7.6419,-0.75%,Put,"21:03 CT"
180.30s,24.61%,0.5039,0.0008,-1.5724,7.6427,+1.06%,Call,09/11/26,"4,395.00",184.00,22.95%,-0.4908,0.0009,-0.9983,7.6435,-0.60%,Put,"21:20 CT"
169.80,23.53%,0.4980,0.0009,-1.5173,7.6441,-0.01%,Call,"00:36 CT","4,400.00",197.20,24.33%,-0.4929,0.0008,-1.0706,7.6439,+0.78%,Put,"20:17 CT"
167.50,23.53%,0.4936,0.0009,-1.5205,7.6440,-0.02%,Call,"20:26 CT","4,405.00",184.90s,22.37%,-0.5008,0.0009,-0.9646,7.6436,-1.18%,Put,09/11/26
186.50s,26.31%,0.4946,0.0008,-1.6752,7.6441,+2.76%,Call,09/11/26,"4,410.00",201.60,24.20%,-0.5016,0.0008,-1.0610,7.6434,+0.65%,Put,"20:26 CT"
184.30s,26.32%,0.4908,0.0008,-1.6784,7.6434,+2.77%,Call,09/11/26,"4,415.00",197.50s,23.30%,-0.5077,0.0009,-1.0115,7.6408,-0.24%,Put,09/11/26
158.90,23.28%,0.4801,0.0009,-1.5163,7.6379,-0.27%,Call,"00:44 CT","4,420.00",196.80,22.85%,-0.5132,0.0009,-0.9853,7.6370,-0.70%,Put,"21:03 CT"
159.40,23.63%,0.4766,0.0009,-1.5382,7.6349,+0.09%,Call,"20:25 CT","4,425.00",203.30s,23.34%,-0.5164,0.0009,-1.0096,7.6342,-0.21%,Put,09/11/26
189.50s,27.86%,0.4828,0.0007,-1.7703,7.6398,+4.31%,Call,09/11/26,"4,430.00",202.30,22.84%,-0.5221,0.0009,-0.9805,7.6277,-0.71%,Put,"21:03 CT"
159.60,24.23%,0.4698,0.0008,-1.5755,7.6272,+0.68%,Call,"20:39 CT","4,435.00",204.50s,22.76%,-0.5268,0.0009,-0.9738,7.6212,-0.79%,Put,09/11/26
160.90s,24.68%,0.4669,0.0008,-1.6022,7.6234,+1.13%,Call,09/11/26,"4,440.00",209.40s,23.03%,-0.5303,0.0009,-0.9860,7.6156,-0.52%,Put,09/11/26
155.50,24.24%,0.4615,0.0008,-1.5810,7.6149,+0.69%,Call,"20:39 CT","4,445.00",207.10s,22.35%,-0.5370,0.0009,-0.9463,7.6032,-1.20%,Put,09/11/26
147.80,23.51%,0.4549,0.0009,-1.5430,7.6026,-0.04%,Call,"00:06 CT","4,450.00",225.80,24.43%,-0.5342,0.0008,-1.0571,7.6087,+0.88%,Put,"00:07 CT"
155.40s,24.78%,0.4551,0.0008,-1.6139,7.6030,+1.23%,Call,09/11/26,"4,455.00",207.30s,21.61%,-0.5490,0.0009,-0.8997,7.5758,-1.93%,Put,09/11/26
165.00s,26.31%,0.4562,0.0008,-1.6988,7.6053,+2.76%,Call,09/11/26,"4,460.00",215.70s,22.34%,-0.5505,0.0009,-0.9361,7.5717,-1.21%,Put,09/11/26
162.90s,26.30%,0.4524,0.0008,-1.7000,7.5975,+2.75%,Call,09/11/26,"4,465.00",218.70s,22.34%,-0.5550,0.0009,-0.9331,7.5595,-1.21%,Put,09/11/26
148.40s,24.66%,0.4425,0.0008,-1.6123,7.5740,+1.11%,Call,09/11/26,"4,470.00",227.50s,23.11%,-0.5560,0.0009,-0.9724,7.5564,-0.44%,Put,09/11/26
155.20s,25.82%,0.4430,0.0008,-1.6766,7.5753,+2.27%,Call,09/11/26,"4,475.00",224.60s,22.33%,-0.5639,0.0009,-0.9253,7.5318,-1.22%,Put,09/11/26
156.90s,26.31%,0.4411,0.0008,-1.7043,7.5701,+2.76%,Call,09/11/26,"4,480.00",227.60s,22.33%,-0.5683,0.0009,-0.9213,7.5166,-1.22%,Put,09/11/26
155.00s,26.32%,0.4373,0.0008,-1.7059,7.5597,+2.77%,Call,09/11/26,"4,485.00",230.60s,22.32%,-0.5728,0.0009,-0.9170,7.5004,-1.23%,Put,09/11/26
140.50s,24.65%,0.4264,0.0008,-1.6164,7.5254,+1.10%,Call,09/11/26,"4,490.00",233.70s,22.33%,-0.5771,0.0009,-0.9132,7.4835,-1.22%,Put,09/11/26
151.20s,26.33%,0.4299,0.0008,-1.7083,7.5369,+2.78%,Call,09/11/26,"4,495.00",236.70s,22.32%,-0.5816,0.0009,-0.9083,7.4653,-1.23%,Put,09/11/26
153.80s,26.93%,0.4287,0.0008,-1.7417,7.5331,+3.38%,Call,09/11/26,"4,500.00",242.20s,22.64%,-0.5841,0.0009,-0.9221,7.4544,-0.91%,Put,09/11/26
147.40s,26.33%,0.4224,0.0008,-1.7097,7.5114,+2.78%,Call,09/11/26,"4,505.00",242.90s,22.31%,-0.5903,0.0009,-0.8990,7.4267,-1.24%,Put,09/11/26
143.20s,26.02%,0.4173,0.0008,-1.6933,7.4921,+2.47%,Call,09/11/26,"4,510.00",246.00s,22.31%,-0.5947,0.0009,-0.8940,7.4060,-1.24%,Put,09/11/26
143.70s,26.34%,0.4151,0.0008,-1.7108,7.4833,+2.79%,Call,09/11/26,"4,515.00",249.20s,22.31%,-0.5990,0.0009,-0.8893,7.3847,-1.24%,Put,09/11/26
141.90s,26.34%,0.4114,0.0008,-1.7114,7.4684,+2.79%,Call,09/11/26,"4,520.00",252.30s,22.30%,-0.6033,0.0009,-0.8836,7.3620,-1.25%,Put,09/11/26
137.90s,26.05%,0.4062,0.0008,-1.6955,7.4463,+2.50%,Call,09/11/26,"4,525.00",255.50s,22.30%,-0.6076,0.0009,-0.8784,7.3388,-1.25%,Put,09/11/26
129.90s,25.21%,0.3981,0.0008,-1.6496,7.4084,+1.67%,Call,09/11/26,"4,530.00",258.70s,22.29%,-0.6119,0.0009,-0.8729,7.3147,-1.26%,Put,09/11/26
124.60s,24.74%,0.3915,0.0008,-1.6231,7.3758,+1.19%,Call,09/11/26,"4,535.00",261.90s,22.28%,-0.6162,0.0009,-0.8671,7.2896,-1.26%,Put,09/11/26
147.40s,28.05%,0.4055,0.0007,-1.8050,7.4431,+4.50%,Call,09/11/26,"4,540.00",265.10s,22.27%,-0.6205,0.0009,-0.8610,7.2636,-1.27%,Put,09/11/26
133.10s,26.36%,0.3932,0.0008,-1.7117,7.3846,+2.81%,Call,09/11/26,"4,545.00",268.40s,22.28%,-0.6247,0.0009,-0.8553,7.2372,-1.27%,Put,09/11/26
141.00s,27.67%,0.3967,0.0007,-1.7831,7.4018,+4.12%,Call,09/11/26,"4,550.00",271.70s,22.27%,-0.6289,0.0009,-0.8494,7.2099,-1.28%,Put,09/11/26
129.40s,26.33%,0.3859,0.0007,-1.7087,7.3456,+2.78%,Call,09/11/26,"4,555.00",275.00s,22.27%,-0.6331,0.0009,-0.8432,7.1817,-1.28%,Put,09/11/26
129.00s,26.51%,0.3833,0.0007,-1.7177,7.3316,+2.96%,Call,09/11/26,"4,560.00",278.30s,22.26%,-0.6373,0.0009,-0.8367,7.1526,-1.29%,Put,09/11/26
126.40s,26.38%,0.3790,0.0007,-1.7100,7.3071,+2.83%,Call,09/11/26,"4,565.00",281.60s,22.25%,-0.6415,0.0009,-0.8299,7.1225,-1.30%,Put,09/11/26
123.20s,26.17%,0.3742,0.0007,-1.6973,7.2785,+2.62%,Call,09/11/26,"4,570.00",289.80s,22.93%,-0.6403,0.0008,-0.8646,7.1310,-0.62%,Put,09/11/26
133.90s,27.87%,0.3807,0.0007,-1.7904,7.3171,+4.32%,Call,09/11/26,"4,575.00",288.40s,22.25%,-0.6497,0.0009,-0.8172,7.0612,-1.30%,Put,09/11/26
121.70s,26.42%,0.3686,0.0007,-1.7086,7.2441,+2.87%,Call,09/11/26,"4,580.00",291.70s,22.23%,-0.6539,0.0008,-0.8095,7.0282,-1.32%,Put,09/11/26
131.90s,28.05%,0.3751,0.0007,-1.7983,7.2840,+4.50%,Call,09/11/26,"4,585.00",295.10s,22.22%,-0.6580,0.0008,-0.8023,6.9953,-1.33%,Put,09/11/26
109.30s,25.14%,0.3529,0.0008,-1.6341,7.1383,+1.59%,Call,09/11/26,"4,590.00",298.60s,22.23%,-0.6620,0.0008,-0.7958,6.9624,-1.32%,Put,09/11/26
117.10s,26.45%,0.3583,0.0007,-1.7059,7.1763,+2.90%,Call,09/11/26,"4,595.00",302.00s,22.21%,-0.6661,0.0008,-0.7881,6.9277,-1.34%,Put,09/11/26
96.60,23.78%,0.3353,0.0008,-1.5536,7.0041,+0.23%,Call,"00:50 CT","4,600.00",305.50s,22.21%,-0.6701,0.0008,-0.7810,6.8931,-1.34%,Put,09/11/26
114.10s,26.47%,0.3516,0.0007,-1.7034,7.1285,+2.92%,Call,09/11/26,"4,605.00",309.00s,22.21%,-0.6741,0.0008,-0.7737,6.8576,-1.34%,Put,09/11/26
112.60s,26.47%,0.3482,0.0007,-1.7018,7.1038,+2.92%,Call,09/11/26,"4,610.00",312.50s,22.20%,-0.6781,0.0008,-0.7660,6.8213,-1.35%,Put,09/11/26
111.10s,26.48%,0.3448,0.0007,-1.7000,7.0785,+2.93%,Call,09/11/26,"4,615.00",316.00s,22.19%,-0.6821,0.0008,-0.7581,6.7840,-1.36%,Put,09/11/26
104.40s,25.74%,0.3360,0.0007,-1.6559,7.0099,+2.19%,Call,09/11/26,"4,620.00",319.50s,22.18%,-0.6861,0.0008,-0.7499,6.7459,-1.37%,Put,09/11/26
97.40,24.94%,0.3264,0.0007,-1.6083,6.9300,+1.39%,Call,"20:55 CT","4,625.00",323.10s,22.18%,-0.6900,0.0008,-0.7423,6.7082,-1.37%,Put,09/11/26
106.90s,26.51%,0.3349,0.0007,-1.6956,7.0014,+2.97%,Call,09/11/26,"4,630.00",326.60s,22.16%,-0.6940,0.0008,-0.7335,6.6682,-1.39%,Put,09/11/26
105.50s,26.52%,0.3317,0.0007,-1.6937,6.9746,+2.97%,Call,09/11/26,"4,635.00",325.30s,21.41%,-0.7053,0.0008,-0.6771,6.5502,-2.14%,Put,09/11/26
104.10s,26.53%,0.3284,0.0007,-1.6915,6.9472,+2.98%,Call,09/11/26,"4,640.00",333.80s,22.14%,-0.7017,0.0008,-0.7170,6.5884,-1.41%,Put,09/11/26
106.40s,27.07%,0.3291,0.0007,-1.7198,6.9533,+3.52%,Call,09/11/26,"4,645.00",337.40s,22.13%,-0.7056,0.0008,-0.7084,6.5472,-1.42%,Put,09/11/26
91.50s,25.10%,0.3103,0.0007,-1.6039,6.7860,+1.55%,Call,09/11/26,"4,650.00",341.10s,22.13%,-0.7093,0.0008,-0.7004,6.5068,-1.42%,Put,09/11/26
100.10s,26.56%,0.3188,0.0007,-1.6854,6.8638,+3.02%,Call,09/11/26,"4,655.00",344.70s,22.11%,-0.7132,0.0008,-0.6912,6.4638,-1.44%,Put,09/11/26
98.80s,26.58%,0.3156,0.0007,-1.6832,6.8352,+3.03%,Call,09/11/26,"4,660.00",348.40s,22.11%,-0.7169,0.0008,-0.6828,6.4218,-1.44%,Put,09/11/26
97.50s,26.59%,0.3125,0.0007,-1.6809,6.8062,+3.04%,Call,09/11/26,"4,665.00",352.10s,22.10%,-0.7206,0.0008,-0.6740,6.3789,-1.45%,Put,09/11/26
94.70s,26.37%,0.3076,0.0007,-1.6653,6.7596,+2.82%,Call,09/11/26,"4,670.00",355.80s,22.09%,-0.7244,0.0008,-0.6650,6.3351,-1.46%,Put,09/11/26
91.00s,26.02%,0.3014,0.0007,-1.6416,6.6998,+2.47%,Call,09/11/26,"4,675.00",359.50s,22.07%,-0.7281,0.0008,-0.6558,6.2905,-1.47%,Put,09/11/26
102.50s,27.92%,0.3134,0.0007,-1.7492,6.8149,+4.37%,Call,09/11/26,"4,680.00",363.20s,22.06%,-0.7318,0.0008,-0.6462,6.2450,-1.49%,Put,09/11/26
96.10s,27.17%,0.3045,0.0007,-1.7023,6.7302,+3.62%,Call,09/11/26,"4,685.00",367.00s,22.05%,-0.7354,0.0008,-0.6375,6.2007,-1.49%,Put,09/11/26
91.40s,26.67%,0.2973,0.0007,-1.6692,6.6581,+3.12%,Call,09/11/26,"4,690.00",370.80s,22.05%,-0.7390,0.0007,-0.6285,6.1557,-1.50%,Put,09/11/26
90.20s,26.68%,0.2943,0.0007,-1.6664,6.6273,+3.13%,Call,09/11/26,"4,695.00",374.50s,22.02%,-0.7427,0.0007,-0.6182,6.1075,-1.53%,Put,09/11/26
78.70,25.11%,0.2773,0.0007,-1.5699,6.4440,+1.56%,Call,"19:10 CT","4,700.00",385.90s,23.25%,-0.7331,0.0007,-0.6930,6.2294,-0.30%,Put,09/11/26
87.80s,26.70%,0.2882,0.0007,-1.6603,6.5642,+3.15%,Call,09/11/26,"4,705.00",382.10s,22.00%,-0.7499,0.0007,-0.5989,6.0132,-1.55%,Put,09/11/26
86.70s,26.72%,0.2854,0.0007,-1.6578,6.5333,+3.17%,Call,09/11/26,"4,710.00",386.00s,22.00%,-0.7533,0.0007,-0.5901,5.9674,-1.55%,Put,09/11/26
85.60s,26.74%,0.2825,0.0007,-1.6552,6.5020,+3.19%,Call,09/11/26,"4,715.00",389.80s,21.98%,-0.7569,0.0007,-0.5798,5.9181,-1.57%,Put,09/11/26
84.40s,26.74%,0.2795,0.0006,-1.6514,6.4688,+3.19%,Call,09/11/26,"4,720.00",393.70s,21.97%,-0.7603,0.0007,-0.5705,5.8707,-1.58%,Put,09/11/26
91.40s,28.00%,0.2872,0.0006,-1.7229,6.5533,+4.45%,Call,09/11/26,"4,725.00",397.60s,21.96%,-0.7637,0.0007,-0.5609,5.8225,-1.59%,Put,09/11/26
89.10s,27.84%,0.2830,0.0006,-1.7092,6.5071,+4.29%,Call,09/11/26,"4,730.00",401.40s,21.93%,-0.7673,0.0007,-0.5498,5.7706,-1.62%,Put,09/11/26
81.20s,26.80%,0.2711,0.0006,-1.6426,6.3726,+3.25%,Call,09/11/26,"4,735.00",405.30s,21.92%,-0.7707,0.0007,-0.5397,5.7207,-1.63%,Put,09/11/26
80.10s,26.81%,0.2682,0.0006,-1.6390,6.3391,+3.26%,Call,09/11/26,"4,740.00",409.30s,21.92%,-0.7740,0.0007,-0.5306,5.6730,-1.63%,Put,09/11/26
86.80s,28.04%,0.2760,0.0006,-1.7092,6.4298,+4.49%,Call,09/11/26,"4,745.00",413.20s,21.90%,-0.7774,0.0007,-0.5200,5.6215,-1.65%,Put,09/11/26
66.50,25.13%,0.2466,0.0006,-1.5288,6.0695,+1.59%,Call,"00:57 CT","4,750.00",417.10s,21.88%,-0.7808,0.0007,-0.5091,5.5692,-1.67%,Put,09/11/26
77.10s,26.87%,0.2601,0.0006,-1.6300,6.2413,+3.32%,Call,09/11/26,"4,755.00",421.10s,21.87%,-0.7841,0.0007,-0.4993,5.5192,-1.68%,Put,09/11/26
76.10s,26.89%,0.2574,0.0006,-1.6266,6.2079,+3.34%,Call,09/11/26,"4,760.00",425.10s,21.86%,-0.7873,0.0007,-0.4893,5.4685,-1.69%,Put,09/11/26
81.50s,27.93%,0.2639,0.0006,-1.6857,6.2876,+4.38%,Call,09/11/26,"4,765.00",429.10s,21.84%,-0.7905,0.0007,-0.4790,5.4170,-1.71%,Put,09/11/26
74.10s,26.92%,0.2520,0.0006,-1.6193,6.1400,+3.37%,Call,09/11/26,"4,770.00",433.00s,21.81%,-0.7940,0.0007,-0.4671,5.3611,-1.74%,Put,09/11/26
73.10s,26.93%,0.2493,0.0006,-1.6154,6.1054,+3.38%,Call,09/11/26,"4,775.00",437.10s,21.81%,-0.7970,0.0007,-0.4577,5.3117,-1.74%,Put,09/11/26
72.20s,26.96%,0.2468,0.0006,-1.6124,6.0724,+3.41%,Call,09/11/26,"4,780.00",441.10s,21.78%,-0.8002,0.0006,-0.4466,5.2578,-1.77%,Put,09/11/26
71.20s,26.96%,0.2441,0.0006,-1.6081,6.0371,+3.42%,Call,09/11/26,"4,785.00",445.10s,21.76%,-0.8035,0.0006,-0.4354,5.2030,-1.79%,Put,09/11/26
70.30s,26.99%,0.2416,0.0006,-1.6047,6.0034,+3.44%,Call,09/11/26,"4,790.00",449.20s,21.75%,-0.8065,0.0006,-0.4253,5.1513,-1.80%,Put,09/11/26
76.00s,28.10%,0.2491,0.0006,-1.6688,6.1024,+4.55%,Call,09/11/26,"4,795.00",453.20s,21.72%,-0.8098,0.0006,-0.4135,5.0948,-1.83%,Put,09/11/26
68.60s,27.04%,0.2367,0.0006,-1.5985,5.9372,+3.49%,Call,09/11/26,"4,800.00",457.30s,21.70%,-0.8128,0.0006,-0.4029,5.0416,-1.85%,Put,09/11/26
68.40s,27.18%,0.2353,0.0006,-1.6020,5.9180,+3.63%,Call,09/11/26,"4,805.00",461.40s,21.68%,-0.8159,0.0006,-0.3921,4.9876,-1.87%,Put,09/11/26
66.70s,27.06%,0.2315,0.0006,-1.5895,5.8652,+3.51%,Call,09/11/26,"4,810.00",465.50s,21.66%,-0.8189,0.0006,-0.3811,4.9328,-1.89%,Put,09/11/26
65.90s,27.09%,0.2292,0.0006,-1.5863,5.8321,+3.54%,Call,09/11/26,"4,815.00",469.60s,21.64%,-0.8220,0.0006,-0.3698,4.8772,-1.91%,Put,09/11/26
65.00s,27.10%,0.2267,0.0006,-1.5820,5.7963,+3.55%,Call,09/11/26,"4,820.00",473.70s,21.61%,-0.8251,0.0006,-0.3583,4.8207,-1.94%,Put,09/11/26
64.20s,27.13%,0.2243,0.0006,-1.5785,5.7626,+3.58%,Call,09/11/26,"4,825.00",477.80s,21.58%,-0.8281,0.0006,-0.3466,4.7634,-1.97%,Put,09/11/26
63.30s,27.14%,0.2218,0.0006,-1.5738,5.7261,+3.59%,Call,09/11/26,"4,830.00",482.00s,21.57%,-0.8310,0.0006,-0.3362,4.7101,-1.98%,Put,09/11/26
62.50s,27.16%,0.2195,0.0006,-1.5701,5.6918,+3.61%,Call,09/11/26,"4,835.00",486.10s,21.53%,-0.8340,0.0006,-0.3240,4.6510,-2.02%,Put,09/11/26
61.70s,27.18%,0.2172,0.0006,-1.5662,5.6571,+3.63%,Call,09/11/26,"4,840.00",490.30s,21.51%,-0.8369,0.0006,-0.3131,4.5961,-2.04%,Put,09/11/26
60.90s,27.20%,0.2149,0.0006,-1.5621,5.6222,+3.65%,Call,09/11/26,"4,845.00",494.40s,21.47%,-0.8400,0.0006,-0.3004,4.5352,-2.08%,Put,09/11/26
51.20,25.59%,0.1962,0.0006,-1.4545,5.3279,+2.04%,Call,"19:51 CT","4,850.00",498.60s,21.44%,-0.8428,0.0006,-0.2891,4.4787,-2.10%,Put,09/11/26
59.20s,27.22%,0.2101,0.0005,-1.5525,5.5487,+3.67%,Call,09/11/26,"4,855.00",502.80s,21.42%,-0.8457,0.0006,-0.2775,4.4214,-2.13%,Put,09/11/26
58.50s,27.25%,0.2079,0.0005,-1.5491,5.5155,+3.70%,Call,09/11/26,"4,860.00",507.00s,21.39%,-0.8486,0.0005,-0.2657,4.3632,-2.16%,Put,09/11/26
57.80s,27.28%,0.2058,0.0005,-1.5456,5.4821,+3.73%,Call,09/11/26,"4,865.00",511.20s,21.35%,-0.8514,0.0005,-0.2537,4.3041,-2.20%,Put,09/11/26
57.50s,27.39%,0.2044,0.0005,-1.5467,5.4598,+3.84%,Call,09/11/26,"4,870.00",515.50s,21.34%,-0.8540,0.0005,-0.2432,4.2501,-2.21%,Put,09/11/26
62.60s,28.47%,0.2123,0.0005,-1.6102,5.5831,+4.92%,Call,09/11/26,"4,875.00",519.70s,21.29%,-0.8569,0.0005,-0.2308,4.1893,-2.25%,Put,09/11/26
50.10s,26.31%,0.1889,0.0005,-1.4666,5.2060,+2.76%,Call,09/11/26,"4,880.00",523.90s,21.25%,-0.8598,0.0005,-0.2180,4.1275,-2.30%,Put,09/11/26
50.10s,26.46%,0.1881,0.0005,-1.4707,5.1921,+2.91%,Call,09/11/26,"4,885.00",528.20s,21.23%,-0.8624,0.0005,-0.2069,4.0711,-2.32%,Put,09/11/26
54.10s,27.38%,0.1948,0.0005,-1.5239,5.3054,+3.83%,Call,09/11/26,"4,890.00",532.50s,21.20%,-0.8650,0.0005,-0.1955,4.0140,-2.35%,Put,09/11/26
54.00s,27.51%,0.1938,0.0005,-1.5269,5.2889,+3.96%,Call,09/11/26,"4,895.00",536.70s,21.14%,-0.8680,0.0005,-0.1821,3.9493,-2.41%,Put,09/11/26
53.60s,27.59%,0.1923,0.0005,-1.5262,5.2633,+4.04%,Call,09/11/26,"4,900.00",541.00s,21.11%,-0.8706,0.0005,-0.1703,3.8903,-2.44%,Put,09/11/26
52.10s,27.46%,0.1887,0.0005,-1.5118,5.2030,+3.91%,Call,09/11/26,"4,905.00",545.30s,21.07%,-0.8733,0.0005,-0.1582,3.8305,-2.48%,Put,09/11/26
51.40s,27.47%,0.1866,0.0005,-1.5072,5.1672,+3.92%,Call,09/11/26,"4,910.00",549.60s,21.03%,-0.8759,0.0005,-0.1460,3.7698,-2.52%,Put,09/11/26
50.80s,27.51%,0.1847,0.0005,-1.5036,5.1345,+3.96%,Call,09/11/26,"4,915.00",554.00s,21.01%,-0.8783,0.0005,-0.1354,3.7155,-2.54%,Put,09/11/26
50.10s,27.52%,0.1826,0.0005,-1.4987,5.0983,+3.97%,Call,09/11/26,"4,920.00",558.30s,20.96%,-0.8810,0.0005,-0.1227,3.6530,-2.59%,Put,09/11/26
49.70s,27.59%,0.1811,0.0005,-1.4975,5.0720,+4.04%,Call,09/11/26,"4,925.00",562.60s,20.90%,-0.8836,0.0005,-0.1098,3.5895,-2.64%,Put,09/11/26
48.80s,27.56%,0.1786,0.0005,-1.4897,5.0285,+4.01%,Call,09/11/26,"4,930.00",567.00s,20.88%,-0.8860,0.0005,-0.0986,3.5328,-2.67%,Put,09/11/26
48.20s,27.59%,0.1767,0.0005,-1.4857,4.9949,+4.04%,Call,09/11/26,"4,935.00",571.30s,20.81%,-0.8887,0.0004,-0.0852,3.4672,-2.73%,Put,09/11/26
47.60s,27.61%,0.1749,0.0005,-1.4816,4.9612,+4.06%,Call,09/11/26,"4,940.00",575.70s,20.78%,-0.8911,0.0004,-0.0736,3.4088,-2.77%,Put,09/11/26
47.00s,27.64%,0.1730,0.0005,-1.4773,4.9272,+4.09%,Call,09/11/26,"4,945.00",580.10s,20.74%,-0.8935,0.0004,-0.0618,3.3495,-2.81%,Put,09/11/26
41.80s,26.70%,0.1616,0.0005,-1.4106,4.7164,+3.16%,Call,09/11/26,"4,950.00",584.50s,20.69%,-0.8959,0.0004,-0.0498,3.2894,-2.86%,Put,09/11/26
45.80s,27.68%,0.1692,0.0005,-1.4685,4.8587,+4.13%,Call,09/11/26,"4,955.00",588.80s,20.61%,-0.8987,0.0004,-0.0354,3.2193,-2.94%,Put,09/11/26
45.20s,27.70%,0.1673,0.0005,-1.4639,4.8241,+4.15%,Call,09/11/26,"4,960.00",593.20s,20.56%,-0.9012,0.0004,-0.0229,3.1570,-2.99%,Put,09/11/26
44.70s,27.74%,0.1657,0.0005,-1.4605,4.7931,+4.19%,Call,09/11/26,"4,965.00",597.70s,20.53%,-0.9033,0.0004,-0.0125,3.1031,-3.02%,Put,09/11/26
44.10s,27.76%,0.1638,0.0005,-1.4557,4.7581,+4.21%,Call,09/11/26,"4,970.00",602.10s,20.47%,-0.9057,0.0004,0.0004,3.0389,-3.08%,Put,09/11/26
43.60s,27.80%,0.1621,0.0005,-1.4521,4.7268,+4.25%,Call,09/11/26,"4,975.00",606.50s,20.40%,-0.9082,0.0004,0.0136,2.9735,-3.14%,Put,09/11/26
43.00s,27.81%,0.1603,0.0005,-1.4471,4.6914,+4.26%,Call,09/11/26,"4,980.00",610.90s,20.33%,-0.9107,0.0004,0.0270,2.9069,-3.22%,Put,09/11/26
42.50s,27.84%,0.1586,0.0004,-1.4433,4.6597,+4.29%,Call,09/11/26,"4,985.00",615.40s,20.29%,-0.9128,0.0004,0.0383,2.8494,-3.26%,Put,09/11/26
42.80s,28.05%,0.1586,0.0004,-1.4508,4.6600,+4.50%,Call,09/11/26,"4,990.00",619.80s,20.21%,-0.9153,0.0004,0.0522,2.7805,-3.34%,Put,09/11/26
41.40s,27.89%,0.1551,0.0004,-1.4341,4.5919,+4.34%,Call,09/11/26,"4,995.00",624.30s,20.16%,-0.9175,0.0004,0.0639,2.7210,-3.39%,Put,09/11/26
35.90s,26.79%,0.1425,0.0004,-1.3565,4.3391,+3.24%,Call,09/11/26,"5,000.00",628.70s,20.06%,-0.9201,0.0004,0.0784,2.6494,-3.49%,Put,09/11/26
40.40s,27.94%,0.1518,0.0004,-1.4259,4.5275,+4.39%,Call,09/11/26,"5,005.00",633.20s,20.00%,-0.9222,0.0003,0.0905,2.5877,-3.55%,Put,09/11/26
39.90s,27.97%,0.1502,0.0004,-1.4217,4.4950,+4.42%,Call,09/11/26,"5,010.00",637.70s,19.93%,-0.9244,0.0003,0.1029,2.5249,-3.61%,Put,09/11/26
39.40s,27.99%,0.1486,0.0004,-1.4173,4.4624,+4.45%,Call,09/11/26,"5,015.00",642.20s,19.86%,-0.9267,0.0003,0.1156,2.4609,-3.69%,Put,09/11/26
38.90s,28.02%,0.1469,0.0004,-1.4129,4.4297,+4.47%,Call,09/11/26,"5,020.00",646.70s,19.78%,-0.9289,0.0003,0.1284,2.3957,-3.77%,Put,09/11/26
38.40s,28.04%,0.1453,0.0004,-1.4084,4.3967,+4.49%,Call,09/11/26,"5,025.00",651.20s,19.70%,-0.9311,0.0003,0.1416,2.3292,-3.85%,Put,09/11/26
38.00s,28.08%,0.1439,0.0004,-1.4052,4.3681,+4.54%,Call,09/11/26,"5,030.00",655.70s,19.61%,-0.9334,0.0003,0.1550,2.2613,-3.94%,Put,09/11/26
33.40s,27.14%,0.1330,0.0004,-1.3371,4.1401,+3.59%,Call,09/11/26,"5,035.00",660.20s,19.51%,-0.9357,0.0003,0.1687,2.1918,-4.04%,Put,09/11/26
37.00s,28.12%,0.1407,0.0004,-1.3957,4.3014,+4.57%,Call,09/11/26,"5,040.00",664.70s,19.40%,-0.9380,0.0003,0.1827,2.1207,-4.15%,Put,09/11/26
36.60s,28.16%,0.1393,0.0004,-1.3923,4.2725,+4.61%,Call,09/11/26,"5,045.00",669.20s,19.29%,-0.9403,0.0003,0.1971,2.0479,-4.26%,Put,09/11/26
36.10s,28.18%,0.1377,0.0004,-1.3873,4.2387,+4.63%,Call,09/11/26,"5,050.00",673.80s,19.22%,-0.9422,0.0003,0.2086,1.9880,-4.33%,Put,09/11/26
35.70s,28.21%,0.1363,0.0004,-1.3838,4.2095,+4.67%,Call,09/11/26,"5,055.00",678.30s,19.08%,-0.9446,0.0003,0.2235,1.9117,-4.47%,Put,09/11/26
35.30s,28.25%,0.1349,0.0004,-1.3802,4.1802,+4.70%,Call,09/11/26,"5,060.00",682.80s,18.94%,-0.9471,0.0003,0.2389,1.8331,-4.61%,Put,09/11/26
34.80s,28.26%,0.1333,0.0004,-1.3749,4.1460,+4.71%,Call,09/11/26,"5,065.00",687.40s,18.84%,-0.9490,0.0003,0.2513,1.7685,-4.71%,Put,09/11/26
34.40s,28.30%,0.1319,0.0004,-1.3711,4.1165,+4.75%,Call,09/11/26,"5,070.00",691.90s,18.68%,-0.9515,0.0002,0.2674,1.6855,-4.87%,Put,09/11/26
39.40s,29.61%,0.1423,0.0004,-1.4518,4.3350,+6.06%,Call,09/11/26,"5,075.00",696.50s,18.56%,-0.9535,0.0002,0.2804,1.6171,-4.99%,Put,09/11/26
33.60s,28.36%,0.1292,0.0004,-1.3633,4.0571,+4.81%,Call,09/11/26,"5,080.00",701.10s,18.43%,-0.9556,0.0002,0.2938,1.5469,-5.12%,Put,09/11/26
38.30s,29.62%,0.1390,0.0004,-1.4404,4.2670,+6.07%,Call,09/11/26,"5,085.00",705.60s,18.22%,-0.9582,0.0002,0.3112,1.4557,-5.33%,Put,09/11/26
32.80s,28.42%,0.1264,0.0004,-1.3552,3.9973,+4.87%,Call,09/11/26,"5,090.00",710.20s,18.06%,-0.9603,0.0002,0.3254,1.3804,-5.49%,Put,09/11/26
32.40s,28.44%,0.1251,0.0004,-1.3510,3.9672,+4.90%,Call,09/11/26,"5,095.00",714.80s,17.89%,-0.9625,0.0002,0.3400,1.3025,-5.66%,Put,09/11/26
37.00s,29.70%,0.1349,0.0004,-1.4279,4.1794,+6.15%,Call,09/11/26,"5,100.00",719.40s,17.70%,-0.9647,0.0002,0.3551,1.2215,-5.85%,Put,09/11/26
31.60s,28.50%,0.1223,0.0004,-1.3425,3.9066,+4.95%,Call,09/11/26,"5,105.00",724.00s,17.49%,-0.9670,0.0002,0.3707,1.1372,-6.06%,Put,09/11/26
31.20s,28.52%,0.1210,0.0004,-1.3381,3.8762,+4.97%,Call,09/11/26,"5,110.00",728.60s,17.25%,-0.9693,0.0002,0.3869,1.0490,-6.30%,Put,09/11/26
30.90s,28.57%,0.1199,0.0004,-1.3353,3.8509,+5.02%,Call,09/11/26,"5,115.00",733.20s,16.98%,-0.9717,0.0002,0.4037,0.9562,-6.57%,Put,09/11/26
30.80s,28.67%,0.1192,0.0004,-1.3359,3.8363,+5.12%,Call,09/11/26,"5,120.00",737.80s,16.67%,-0.9741,0.0001,0.4214,0.8579,-6.88%,Put,09/11/26
30.10s,28.61%,0.1172,0.0004,-1.3261,3.7895,+5.06%,Call,09/11/26,"5,125.00",742.50s,16.44%,-0.9760,0.0001,0.4349,0.7818,-7.11%,Put,09/11/26
30.60s,28.86%,0.1179,0.0004,-1.3370,3.8073,+5.31%,Call,09/11/26,"5,130.00",747.10s,16.02%,-0.9786,0.0001,0.4543,0.6708,-7.53%,Put,09/11/26
29.40s,28.67%,0.1147,0.0003,-1.3184,3.7331,+5.12%,Call,09/11/26,"5,135.00",751.70s,15.51%,-0.9814,0.0001,0.4752,0.5490,-8.04%,Put,09/11/26
29.30s,28.76%,0.1141,0.0003,-1.3188,3.7186,+5.22%,Call,09/11/26,"5,140.00",756.30s,14.84%,-0.9845,0.0001,0.4981,0.4116,-8.71%,Put,09/11/26
28.70s,28.72%,0.1123,0.0003,-1.3103,3.6762,+5.18%,Call,09/11/26,"5,145.00",761.00s,14.18%,-0.9869,0.0001,0.5168,0.2968,-9.37%,Put,09/11/26
28.40s,28.77%,0.1112,0.0003,-1.3071,3.6505,+5.22%,Call,09/11/26,"5,150.00",765.60s,12.27%,-0.9908,0.0000,0.5484,0.0922,-11.28%,Put,09/11/26
28.10s,28.80%,0.1101,0.0003,-1.3038,3.6248,+5.26%,Call,09/11/26,"5,155.00",770.30s,0.00%,-0.9297,0.0003,0.0874,2.3728,-23.55%,Put,09/11/26
27.70s,28.81%,0.1087,0.0003,-1.2987,3.5932,+5.27%,Call,09/11/26,"5,160.00",774.90s,0.00%,-0.9308,0.0003,0.0945,2.3389,-23.55%,Put,09/11/26
27.40s,28.85%,0.1076,0.0003,-1.2953,3.5673,+5.30%,Call,09/11/26,"5,165.00",779.60s,0.00%,-0.9319,0.0003,0.1016,2.3052,-23.55%,Put,09/11/26
27.10s,28.89%,0.1066,0.0003,-1.2918,3.5413,+5.34%,Call,09/11/26,"5,170.00",784.30s,0.00%,-0.9330,0.0003,0.1086,2.2719,-23.55%,Put,09/11/26
26.80s,28.92%,0.1055,0.0003,-1.2883,3.5152,+5.37%,Call,09/11/26,"5,175.00",788.90s,0.00%,-0.9341,0.0003,0.1156,2.2389,-23.55%,Put,09/11/26
26.50s,28.96%,0.1044,0.0003,-1.2847,3.4892,+5.41%,Call,09/11/26,"5,180.00",793.60s,0.00%,-0.9352,0.0003,0.1225,2.2063,-23.55%,Put,09/11/26
26.20s,28.99%,0.1033,0.0003,-1.2811,3.4630,+5.44%,Call,09/11/26,"5,185.00",798.30s,0.00%,-0.9363,0.0002,0.1293,2.1739,-23.55%,Put,09/11/26
25.90s,29.02%,0.1022,0.0003,-1.2774,3.4368,+5.47%,Call,09/11/26,"5,190.00",803.00s,0.00%,-0.9373,0.0002,0.1361,2.1419,-23.55%,Put,09/11/26
25.60s,29.05%,0.1012,0.0003,-1.2737,3.4105,+5.50%,Call,09/11/26,"5,195.00",807.70s,0.00%,-0.9383,0.0002,0.1428,2.1102,-23.55%,Put,09/11/26
20.80,27.69%,0.0883,0.0003,-1.1813,3.0856,+4.14%,Call,"00:34 CT","5,200.00",812.30s,0.00%,-0.9394,0.0002,0.1495,2.0788,-23.55%,Put,09/11/26
25.00s,29.11%,0.0990,0.0003,-1.2660,3.3577,+5.56%,Call,09/11/26,"5,205.00",817.00s,0.00%,-0.9403,0.0002,0.1561,2.0477,-23.55%,Put,09/11/26
24.70s,29.13%,0.0979,0.0003,-1.2621,3.3311,+5.59%,Call,09/11/26,"5,210.00",821.70s,0.00%,-0.9413,0.0002,0.1627,2.0169,-23.55%,Put,09/11/26
24.40s,29.16%,0.0969,0.0003,-1.2581,3.3045,+5.61%,Call,09/11/26,"5,215.00",826.50s,0.00%,-0.9423,0.0002,0.1691,1.9865,-23.55%,Put,09/11/26
24.20s,29.22%,0.0961,0.0003,-1.2560,3.2842,+5.67%,Call,09/11/26,"5,220.00",831.20s,0.00%,-0.9432,0.0002,0.1756,1.9563,-23.55%,Put,09/11/26
23.90s,29.24%,0.0950,0.0003,-1.2519,3.2575,+5.69%,Call,09/11/26,"5,225.00",835.90s,0.00%,-0.9442,0.0002,0.1819,1.9265,-23.55%,Put,09/11/26
23.60s,29.26%,0.0940,0.0003,-1.2478,3.2307,+5.71%,Call,09/11/26,"5,230.00",840.60s,0.00%,-0.9451,0.0002,0.1883,1.8971,-23.55%,Put,09/11/26
23.40s,29.31%,0.0931,0.0003,-1.2455,3.2104,+5.77%,Call,09/11/26,"5,235.00",845.30s,0.00%,-0.9460,0.0002,0.1945,1.8679,-23.55%,Put,09/11/26
23.10s,29.33%,0.0921,0.0003,-1.2413,3.1834,+5.79%,Call,09/11/26,"5,240.00",850.00s,0.00%,-0.9469,0.0002,0.2007,1.8390,-23.55%,Put,09/11/26
22.90s,29.39%,0.0913,0.0003,-1.2390,3.1630,+5.84%,Call,09/11/26,"5,245.00",854.80s,0.00%,-0.9478,0.0002,0.2068,1.8105,-23.55%,Put,09/11/26
22.60s,29.40%,0.0902,0.0003,-1.2346,3.1360,+5.85%,Call,09/11/26,"5,250.00",859.50s,0.00%,-0.9486,0.0002,0.2129,1.7823,-23.55%,Put,09/11/26
22.40s,29.45%,0.0895,0.0003,-1.2322,3.1155,+5.90%,Call,09/11/26,"5,255.00",864.20s,0.00%,-0.9495,0.0002,0.2189,1.7544,-23.55%,Put,09/11/26
22.10s,29.47%,0.0884,0.0003,-1.2278,3.0883,+5.92%,Call,09/11/26,"5,260.00",869.00s,0.00%,-0.9503,0.0002,0.2249,1.7268,-23.55%,Put,09/11/26
22.20s,29.61%,0.0884,0.0003,-1.2315,3.0881,+6.06%,Call,09/11/26,"5,265.00",873.70s,0.00%,-0.9511,0.0002,0.2308,1.6996,-23.55%,Put,09/11/26
21.60s,29.53%,0.0866,0.0003,-1.2207,3.0405,+5.98%,Call,09/11/26,"5,270.00",878.50s,0.00%,-0.9519,0.0002,0.2366,1.6726,-23.55%,Put,09/11/26
21.40s,29.57%,0.0858,0.0003,-1.2182,3.0199,+6.03%,Call,09/11/26,"5,275.00",883.20s,0.00%,-0.9527,0.0002,0.2424,1.6460,-23.55%,Put,09/11/26
21.20s,29.62%,0.0850,0.0003,-1.2156,2.9993,+6.07%,Call,09/11/26,"5,280.00",888.00s,0.00%,-0.9535,0.0002,0.2481,1.6196,-23.55%,Put,09/11/26
20.90s,29.63%,0.0840,0.0003,-1.2108,2.9718,+6.08%,Call,09/11/26,"5,285.00",892.70s,0.00%,-0.9542,0.0002,0.2538,1.5936,-23.55%,Put,09/11/26
20.70s,29.67%,0.0832,0.0003,-1.2082,2.9512,+6.12%,Call,09/11/26,"5,290.00",897.50s,0.00%,-0.9550,0.0002,0.2594,1.5679,-23.55%,Put,09/11/26
20.50s,29.71%,0.0824,0.0003,-1.2055,2.9305,+6.16%,Call,09/11/26,"5,295.00",902.30s,0.00%,-0.9557,0.0002,0.2649,1.5425,-23.55%,Put,09/11/26
16.50,28.38%,0.0711,0.0002,-1.1184,2.6202,+4.83%,Call,"20:12 CT","5,300.00",907.00s,0.00%,-0.9564,0.0002,0.2704,1.5174,-23.55%,Put,09/11/26
20.10s,29.79%,0.0809,0.0003,-1.1999,2.8891,+6.25%,Call,09/11/26,"5,305.00",911.80s,0.00%,-0.9572,0.0002,0.2758,1.4927,-23.55%,Put,09/11/26
19.90s,29.83%,0.0801,0.0003,-1.1971,2.8684,+6.28%,Call,09/11/26,"5,310.00",916.60s,0.00%,-0.9579,0.0002,0.2812,1.4682,-23.55%,Put,09/11/26
19.60s,29.84%,0.0791,0.0003,-1.1921,2.8404,+6.29%,Call,09/11/26,"5,315.00",921.40s,0.00%,-0.9585,0.0002,0.2865,1.4440,-23.55%,Put,09/11/26
19.40s,29.87%,0.0783,0.0003,-1.1892,2.8196,+6.33%,Call,09/11/26,"5,320.00",926.10s,0.00%,-0.9592,0.0002,0.2918,1.4201,-23.55%,Put,09/11/26
19.20s,29.91%,0.0776,0.0003,-1.1862,2.7988,+6.36%,Call,09/11/26,"5,325.00",930.90s,0.00%,-0.9599,0.0002,0.2970,1.3966,-23.55%,Put,09/11/26
19.00s,29.95%,0.0768,0.0002,-1.1833,2.7780,+6.40%,Call,09/11/26,"5,330.00",935.70s,0.00%,-0.9605,0.0002,0.3021,1.3733,-23.55%,Put,09/11/26
18.80s,29.98%,0.0760,0.0002,-1.1802,2.7571,+6.43%,Call,09/11/26,"5,335.00",940.50s,0.00%,-0.9612,0.0002,0.3072,1.3503,-23.55%,Put,09/11/26
18.60s,30.01%,0.0753,0.0002,-1.1772,2.7362,+6.47%,Call,09/11/26,"5,340.00",945.30s,0.00%,-0.9618,0.0002,0.3122,1.3277,-23.55%,Put,09/11/26
18.50s,30.08%,0.0748,0.0002,-1.1763,2.7228,+6.54%,Call,09/11/26,"5,345.00",950.10s,0.00%,-0.9624,0.0001,0.3172,1.3053,-23.55%,Put,09/11/26
18.30s,30.12%,0.0740,0.0002,-1.1732,2.7018,+6.57%,Call,09/11/26,"5,350.00",954.90s,0.00%,-0.9630,0.0001,0.3221,1.2832,-23.55%,Put,09/11/26
18.10s,30.15%,0.0733,0.0002,-1.1701,2.6809,+6.60%,Call,09/11/26,"5,355.00",959.70s,0.00%,-0.9636,0.0001,0.3270,1.2614,-23.55%,Put,09/11/26
17.90s,30.18%,0.0725,0.0002,-1.1669,2.6599,+6.63%,Call,09/11/26,"5,360.00",964.50s,0.00%,-0.9642,0.0001,0.3318,1.2399,-23.55%,Put,09/11/26
17.70s,30.21%,0.0718,0.0002,-1.1637,2.6389,+6.66%,Call,09/11/26,"5,365.00",969.30s,0.00%,-0.9648,0.0001,0.3366,1.2187,-23.55%,Put,09/11/26
17.50s,30.24%,0.0710,0.0002,-1.1604,2.6178,+6.69%,Call,09/11/26,"5,370.00",974.10s,0.00%,-0.9653,0.0001,0.3413,1.1977,-23.55%,Put,09/11/26
17.40s,30.30%,0.0706,0.0002,-1.1594,2.6044,+6.75%,Call,09/11/26,"5,375.00",979.00s,0.00%,-0.9659,0.0001,0.3459,1.1771,-23.55%,Put,09/11/26
17.20s,30.33%,0.0698,0.0002,-1.1561,2.5834,+6.78%,Call,09/11/26,"5,380.00",983.80s,0.00%,-0.9664,0.0001,0.3505,1.1567,-23.55%,Put,09/11/26
17.00s,30.36%,0.0691,0.0002,-1.1527,2.5622,+6.81%,Call,09/11/26,"5,385.00",988.60s,0.00%,-0.9670,0.0001,0.3550,1.1366,-23.55%,Put,09/11/26
16.90s,30.42%,0.0686,0.0002,-1.1517,2.5489,+6.87%,Call,09/11/26,"5,390.00",993.40s,0.00%,-0.9675,0.0001,0.3595,1.1168,-23.55%,Put,09/11/26
16.70s,30.44%,0.0679,0.0002,-1.1482,2.5277,+6.89%,Call,09/11/26,"5,395.00",998.20s,0.00%,-0.9680,0.0001,0.3640,1.0972,-23.55%,Put,09/11/26
14.30s,29.56%,0.0609,0.0002,-1.0911,2.3229,+6.01%,Call,09/11/26,"5,400.00","1,003.10s",0.00%,-0.9685,0.0001,0.3683,1.0780,-23.55%,Put,09/11/26
16.40s,30.53%,0.0667,0.0002,-1.1436,2.4933,+6.98%,Call,09/11/26,"5,405.00","1,007.90s",0.00%,-0.9690,0.0001,0.3727,1.0590,-23.55%,Put,09/11/26
16.20s,30.55%,0.0660,0.0002,-1.1401,2.4720,+7.00%,Call,09/11/26,"5,410.00","1,012.70s",0.00%,-0.9695,0.0001,0.3770,1.0402,-23.55%,Put,09/11/26
16.10s,30.61%,0.0655,0.0002,-1.1389,2.4588,+7.06%,Call,09/11/26,"5,415.00","1,017.60s",0.00%,-0.9700,0.0001,0.3812,1.0218,-23.55%,Put,09/11/26
15.90s,30.63%,0.0648,0.0002,-1.1353,2.4374,+7.08%,Call,09/11/26,"5,420.00","1,022.40s",0.00%,-0.9705,0.0001,0.3854,1.0036,-23.55%,Put,09/11/26
15.80s,30.69%,0.0643,0.0002,-1.1341,2.4242,+7.14%,Call,09/11/26,"5,425.00","1,027.20s",0.00%,-0.9709,0.0001,0.3895,0.9856,-23.55%,Put,09/11/26
15.60s,30.71%,0.0636,0.0002,-1.1305,2.4028,+7.16%,Call,09/11/26,"5,430.00","1,032.10s",0.00%,-0.9714,0.0001,0.3936,0.9680,-23.55%,Put,09/11/26
15.50s,30.77%,0.0631,0.0002,-1.1292,2.3897,+7.22%,Call,09/11/26,"5,435.00","1,036.90s",0.00%,-0.9718,0.0001,0.3976,0.9505,-23.55%,Put,09/11/26
15.30s,30.78%,0.0624,0.0002,-1.1255,2.3682,+7.24%,Call,09/11/26,"5,440.00","1,041.80s",0.00%,-0.9722,0.0001,0.4016,0.9334,-23.55%,Put,09/11/26
15.20s,30.84%,0.0620,0.0002,-1.1242,2.3550,+7.29%,Call,09/11/26,"5,445.00","1,046.60s",0.00%,-0.9727,0.0001,0.4055,0.9164,-23.55%,Put,09/11/26
15.00s,30.86%,0.0612,0.0002,-1.1204,2.3335,+7.31%,Call,09/11/26,"5,450.00","1,051.50s",0.00%,-0.9731,0.0001,0.4094,0.8998,-23.55%,Put,09/11/26
14.90s,30.91%,0.0608,0.0002,-1.1191,2.3204,+7.36%,Call,09/11/26,"5,455.00","1,056.30s",0.00%,-0.9735,0.0001,0.4132,0.8834,-23.55%,Put,09/11/26
14.80s,30.97%,0.0604,0.0002,-1.1177,2.3073,+7.42%,Call,09/11/26,"5,460.00","1,061.20s",0.00%,-0.9739,0.0001,0.4170,0.8672,-23.55%,Put,09/11/26
14.60s,30.98%,0.0596,0.0002,-1.1139,2.2857,+7.43%,Call,09/11/26,"5,465.00","1,066.00s",0.00%,-0.9743,0.0001,0.4207,0.8513,-23.55%,Put,09/11/26
15.70s,31.55%,0.0625,0.0002,-1.1426,2.3721,+8.00%,Call,09/11/26,"5,470.00","1,070.90s",0.00%,-0.9747,0.0001,0.4244,0.8356,-23.55%,Put,09/11/26
14.40s,31.09%,0.0588,0.0002,-1.1111,2.2594,+7.54%,Call,09/11/26,"5,475.00","1,075.70s",0.00%,-0.9751,0.0001,0.4281,0.8201,-23.55%,Put,09/11/26
14.20s,31.10%,0.0580,0.0002,-1.1071,2.2378,+7.55%,Call,09/11/26,"5,480.00","1,080.60s",0.00%,-0.9754,0.0001,0.4317,0.8049,-23.55%,Put,09/11/26
14.10s,31.15%,0.0576,0.0002,-1.1056,2.2247,+7.60%,Call,09/11/26,"5,485.00","1,085.50s",0.00%,-0.9758,0.0001,0.4352,0.7900,-23.55%,Put,09/11/26
14.00s,31.20%,0.0572,0.0002,-1.1042,2.2116,+7.66%,Call,09/11/26,"5,490.00","1,090.30s",0.00%,-0.9762,0.0001,0.4387,0.7752,-23.55%,Put,09/11/26
13.80s,31.21%,0.0565,0.0002,-1.1001,2.1898,+7.66%,Call,09/11/26,"5,495.00","1,095.20s",0.00%,-0.9765,0.0001,0.4422,0.7607,-23.55%,Put,09/11/26
12.40s,30.65%,0.0523,0.0002,-1.0641,2.0597,+7.10%,Call,09/11/26,"5,500.00","1,100.10s",0.00%,-0.9768,0.0001,0.4456,0.7464,-23.55%,Put,09/11/26
13.60s,31.31%,0.0556,0.0002,-1.0971,2.1636,+7.76%,Call,09/11/26,"5,505.00","1,104.90s",0.00%,-0.9772,0.0001,0.4490,0.7323,-23.55%,Put,09/11/26
13.50s,31.36%,0.0552,0.0002,-1.0956,2.1506,+7.81%,Call,09/11/26,"5,510.00","1,109.80s",0.00%,-0.9775,0.0001,0.4523,0.7185,-23.55%,Put,09/11/26
13.40s,31.41%,0.0548,0.0002,-1.0940,2.1375,+7.86%,Call,09/11/26,"5,515.00","1,114.70s",0.00%,-0.9778,0.0001,0.4556,0.7049,-23.55%,Put,09/11/26
13.20s,31.41%,0.0541,0.0002,-1.0898,2.1156,+7.86%,Call,09/11/26,"5,520.00","1,119.60s",0.00%,-0.9782,0.0001,0.4589,0.6915,-23.55%,Put,09/11/26
13.10s,31.46%,0.0536,0.0002,-1.0882,2.1025,+7.91%,Call,09/11/26,"5,525.00","1,124.40s",0.00%,-0.9785,0.0001,0.4621,0.6783,-23.55%,Put,09/11/26
13.00s,31.51%,0.0532,0.0002,-1.0866,2.0895,+7.96%,Call,09/11/26,"5,530.00","1,129.30s",0.00%,-0.9788,0.0001,0.4652,0.6653,-23.55%,Put,09/11/26
12.90s,31.56%,0.0528,0.0002,-1.0849,2.0764,+8.01%,Call,09/11/26,"5,535.00","1,134.20s",0.00%,-0.9791,0.0001,0.4684,0.6525,-23.55%,Put,09/11/26
12.80s,31.60%,0.0524,0.0002,-1.0833,2.0634,+8.05%,Call,09/11/26,"5,540.00","1,139.10s",0.00%,-0.9794,0.0001,0.4714,0.6400,-23.55%,Put,09/11/26
12.70s,31.65%,0.0520,0.0002,-1.0816,2.0504,+8.10%,Call,09/11/26,"5,545.00","1,143.90s",0.00%,-0.9796,0.0001,0.4745,0.6276,-23.55%,Put,09/11/26
12.90s,31.84%,0.0524,0.0002,-1.0881,2.0643,+8.29%,Call,09/11/26,"5,550.00","1,148.80s",0.00%,-0.9799,0.0001,0.4775,0.6155,-23.55%,Put,09/11/26
12.50s,31.74%,0.0511,0.0002,-1.0783,2.0243,+8.19%,Call,09/11/26,"5,555.00","1,153.70s",0.00%,-0.9802,0.0001,0.4805,0.6035,-23.55%,Put,09/11/26
12.30s,31.73%,0.0504,0.0002,-1.0738,2.0022,+8.18%,Call,09/11/26,"5,560.00","1,158.60s",0.00%,-0.9805,0.0001,0.4834,0.5917,-23.55%,Put,09/11/26
12.20s,31.78%,0.0500,0.0002,-1.0721,1.9891,+8.23%,Call,09/11/26,"5,565.00","1,163.50s",0.00%,-0.9807,0.0001,0.4863,0.5802,-23.55%,Put,09/11/26
12.10s,31.82%,0.0496,0.0002,-1.0703,1.9761,+8.27%,Call,09/11/26,"5,570.00","1,168.40s",0.00%,-0.9810,0.0001,0.4891,0.5688,-23.55%,Put,09/11/26
12.00s,31.86%,0.0492,0.0002,-1.0686,1.9631,+8.31%,Call,09/11/26,"5,575.00","1,173.30s",0.00%,-0.9813,0.0001,0.4919,0.5576,-23.55%,Put,09/11/26
11.90s,31.90%,0.0488,0.0002,-1.0668,1.9501,+8.35%,Call,09/11/26,"5,580.00","1,178.20s",0.00%,-0.9815,0.0001,0.4947,0.5466,-23.55%,Put,09/11/26
11.80s,31.94%,0.0484,0.0002,-1.0650,1.9371,+8.40%,Call,09/11/26,"5,585.00","1,183.10s",0.00%,-0.9817,0.0001,0.4975,0.5358,-23.55%,Put,09/11/26
11.70s,31.99%,0.0480,0.0002,-1.0632,1.9240,+8.44%,Call,09/11/26,"5,590.00","1,187.90s",0.00%,-0.9820,0.0001,0.5002,0.5252,-23.55%,Put,09/11/26
11.60s,32.03%,0.0476,0.0002,-1.0613,1.9110,+8.48%,Call,09/11/26,"5,595.00","1,192.80s",0.00%,-0.9822,0.0001,0.5028,0.5148,-23.55%,Put,09/11/26
10.30s,31.41%,0.0436,0.0002,-1.0248,1.7814,+7.86%,Call,09/11/26,"5,600.00","1,197.70s",0.00%,-0.9824,0.0001,0.5055,0.5045,-23.55%,Put,09/11/26
11.40s,32.10%,0.0468,0.0002,-1.0576,1.8850,+8.55%,Call,09/11/26,"5,605.00","1,202.60s",0.00%,-0.9827,0.0001,0.5081,0.4944,-23.55%,Put,09/11/26
11.30s,32.14%,0.0464,0.0002,-1.0557,1.8720,+8.59%,Call,09/11/26,"5,610.00","1,207.50s",0.00%,-0.9829,0.0001,0.5106,0.4845,-23.55%,Put,09/11/26
11.20s,32.18%,0.0460,0.0002,-1.0538,1.8590,+8.63%,Call,09/11/26,"5,615.00","1,212.40s",0.00%,-0.9831,0.0001,0.5132,0.4748,-23.55%,Put,09/11/26
11.20s,32.27%,0.0459,0.0002,-1.0548,1.8555,+8.72%,Call,09/11/26,"5,620.00","1,217.30s",0.00%,-0.9833,0.0001,0.5157,0.4652,-23.55%,Put,09/11/26
11.10s,32.31%,0.0455,0.0002,-1.0529,1.8425,+8.76%,Call,09/11/26,"5,625.00","1,222.30s",0.00%,-0.9835,0.0001,0.5181,0.4558,-23.55%,Put,09/11/26
11.00s,32.34%,0.0451,0.0002,-1.0509,1.8295,+8.79%,Call,09/11/26,"5,630.00","1,227.20s",0.00%,-0.9837,0.0001,0.5205,0.4466,-23.55%,Put,09/11/26
10.90s,32.38%,0.0447,0.0002,-1.0490,1.8165,+8.83%,Call,09/11/26,"5,635.00","1,232.10s",0.00%,-0.9839,0.0001,0.5229,0.4375,-23.55%,Put,09/11/26
10.80s,32.41%,0.0443,0.0001,-1.0470,1.8035,+8.86%,Call,09/11/26,"5,640.00","1,237.00s",0.00%,-0.9841,0.0000,0.5253,0.4286,-23.55%,Put,09/11/26
10.70s,32.45%,0.0439,0.0001,-1.0450,1.7905,+8.90%,Call,09/11/26,"5,645.00","1,241.90s",0.00%,-0.9843,0.0000,0.5277,0.4198,-23.55%,Put,09/11/26
10.60s,32.48%,0.0435,0.0001,-1.0430,1.7775,+8.93%,Call,09/11/26,"5,650.00","1,246.80s",0.00%,-0.9845,0.0000,0.5300,0.4112,-23.55%,Put,09/11/26
10.50s,32.51%,0.0431,0.0001,-1.0410,1.7645,+8.97%,Call,09/11/26,"5,655.00","1,251.70s",0.00%,-0.9847,0.0000,0.5322,0.4028,-23.55%,Put,09/11/26
10.50s,32.60%,0.0430,0.0001,-1.0419,1.7613,+9.05%,Call,09/11/26,"5,660.00","1,256.60s",0.00%,-0.9848,0.0000,0.5345,0.3945,-23.55%,Put,09/11/26
10.40s,32.64%,0.0426,0.0001,-1.0398,1.7483,+9.09%,Call,09/11/26,"5,665.00","1,261.50s",0.00%,-0.9850,0.0000,0.5367,0.3864,-23.55%,Put,09/11/26
10.30s,32.67%,0.0422,0.0001,-1.0378,1.7353,+9.12%,Call,09/11/26,"5,670.00","1,266.50s",0.00%,-0.9852,0.0000,0.5389,0.3784,-23.55%,Put,09/11/26
10.20s,32.70%,0.0418,0.0001,-1.0357,1.7223,+9.15%,Call,09/11/26,"5,675.00","1,271.40s",0.00%,-0.9853,0.0000,0.5410,0.3705,-23.55%,Put,09/11/26
10.10s,32.73%,0.0414,0.0001,-1.0336,1.7093,+9.18%,Call,09/11/26,"5,680.00","1,276.30s",0.00%,-0.9855,0.0000,0.5432,0.3628,-23.55%,Put,09/11/26
10.10s,32.82%,0.0413,0.0001,-1.0345,1.7062,+9.27%,Call,09/11/26,"5,685.00","1,281.20s",0.00%,-0.9857,0.0000,0.5453,0.3552,-23.55%,Put,09/11/26
10.00s,32.84%,0.0409,0.0001,-1.0324,1.6932,+9.30%,Call,09/11/26,"5,690.00","1,286.10s",0.00%,-0.9858,0.0000,0.5473,0.3478,-23.55%,Put,09/11/26
9.90s,32.87%,0.0406,0.0001,-1.0302,1.6803,+9.32%,Call,09/11/26,"5,695.00","1,291.10s",0.00%,-0.9860,0.0000,0.5494,0.3405,-23.55%,Put,09/11/26
9.80s,32.90%,0.0402,0.0001,-1.0281,1.6673,+9.35%,Call,09/11/26,"5,700.00","1,296.00s",0.00%,-0.9861,0.0000,0.5514,0.3334,-23.55%,Put,09/11/26
9.80s,32.99%,0.0401,0.0001,-1.0290,1.6643,+9.44%,Call,09/11/26,"5,705.00","1,300.90s",0.00%,-0.9863,0.0000,0.5534,0.3263,-23.55%,Put,09/11/26
9.70s,33.01%,0.0397,0.0001,-1.0268,1.6513,+9.47%,Call,09/11/26,"5,710.00","1,305.80s",0.00%,-0.9864,0.0000,0.5553,0.3194,-23.55%,Put,09/11/26
9.60s,33.13%,0.0392,0.0001,-1.0255,1.6354,+9.58%,Call,09/11/26,"5,720.00","1,315.70s",0.00%,-0.9867,0.0000,0.5592,0.3060,-23.55%,Put,09/11/26
9.50s,33.15%,0.0388,0.0001,-1.0232,1.6224,+9.60%,Call,09/11/26,"5,725.00","1,320.60s",0.00%,-0.9868,0.0000,0.5611,0.2995,-23.55%,Put,09/11/26
9.40s,33.18%,0.0385,0.0001,-1.0210,1.6094,+9.63%,Call,09/11/26,"5,730.00","1,325.50s",0.00%,-0.9869,0.0000,0.5630,0.2931,-23.55%,Put,09/11/26
9.30s,33.29%,0.0380,0.0001,-1.0196,1.5936,+9.74%,Call,09/11/26,"5,740.00","1,335.40s",0.00%,-0.9872,0.0000,0.5666,0.2807,-23.55%,Put,09/11/26
9.20s,33.40%,0.0375,0.0001,-1.0182,1.5779,+9.85%,Call,09/11/26,"5,750.00","1,345.30s",0.00%,-0.9874,0.0000,0.5702,0.2688,-23.55%,Put,09/11/26
9.00s,33.44%,0.0368,0.0001,-1.0136,1.5519,+9.89%,Call,09/11/26,"5,760.00","1,355.10s",0.00%,-0.9877,0.0000,0.5736,0.2573,-23.55%,Put,09/11/26
8.90s,33.54%,0.0363,0.0001,-1.0121,1.5362,+9.99%,Call,09/11/26,"5,770.00","1,365.00s",0.00%,-0.9879,0.0000,0.5770,0.2462,-23.55%,Put,09/11/26
8.80s,33.56%,0.0360,0.0001,-1.0097,1.5232,+10.01%,Call,09/11/26,"5,775.00","1,369.90s",0.00%,-0.9880,0.0000,0.5787,0.2409,-23.55%,Put,09/11/26
8.80s,33.65%,0.0359,0.0001,-1.0106,1.5206,+10.10%,Call,09/11/26,"5,780.00","1,374.90s",0.00%,-0.9881,0.0000,0.5803,0.2356,-23.55%,Put,09/11/26
8.70s,33.75%,0.0354,0.0001,-1.0090,1.5050,+10.20%,Call,09/11/26,"5,790.00","1,384.80s",0.00%,-0.9883,0.0000,0.5835,0.2254,-23.55%,Put,09/11/26
7.60s,33.15%,0.0319,0.0001,-0.9744,1.3816,+9.60%,Call,09/11/26,"5,800.00","1,394.60s",0.00%,-0.9885,0.0000,0.5867,0.2156,-23.55%,Put,09/11/26
8.40s,33.88%,0.0342,0.0001,-1.0026,1.4635,+10.33%,Call,09/11/26,"5,810.00","1,404.50s",0.00%,-0.9887,0.0000,0.5897,0.2062,-23.55%,Put,09/11/26
8.30s,34.06%,0.0337,0.0001,-1.0017,1.4456,+10.51%,Call,09/11/26,"5,825.00","1,419.40s",0.00%,-0.9889,0.0000,0.5941,0.1927,-23.55%,Put,09/11/26
8.00s,34.26%,0.0325,0.0001,-0.9958,1.4019,+10.71%,Call,09/11/26,"5,850.00","1,444.10s",0.00%,-0.9893,0.0000,0.6012,0.1721,-23.55%,Put,09/11/26
7.70s,34.45%,0.0313,0.0001,-0.9896,1.3583,+10.90%,Call,09/11/26,"5,875.00","1,468.80s",0.00%,-0.9897,0.0000,0.6078,0.1534,-23.55%,Put,09/11/26
8.60s,35.50%,0.0336,0.0001,-1.0238,1.4417,+11.95%,Call,09/11/26,"5,900.00","1,493.60s",0.00%,-0.9900,0.0000,0.6141,0.1366,-23.55%,Put,09/11/26
7.30s,34.95%,0.0295,0.0001,-0.9836,1.2933,+11.40%,Call,09/11/26,"5,925.00","1,518.40s",0.00%,-0.9902,0.0000,0.6200,0.1216,-23.55%,Put,09/11/26
7.00s,35.11%,0.0283,0.0001,-0.9769,1.2501,+11.56%,Call,09/11/26,"5,950.00","1,543.20s",0.00%,-0.9905,0.0000,0.6256,0.1080,-23.55%,Put,09/11/26
6.80s,35.34%,0.0274,0.0001,-0.9735,1.2181,+11.79%,Call,09/11/26,"5,975.00","1,568.00s",0.00%,-0.9907,0.0000,0.6309,0.0959,-23.55%,Put,09/11/26
6.00s,35.04%,0.0247,0.0001,-0.9480,1.1169,+11.49%,Call,09/11/26,"6,000.00","1,592.80s",0.00%,-0.9909,0.0000,0.6359,0.0850,-23.55%,Put,09/11/26
6.50s,35.86%,0.0260,0.0001,-0.9700,1.1662,+12.31%,Call,09/11/26,"6,025.00","1,617.60s",0.00%,-0.9911,0.0000,0.6407,0.0752,-23.55%,Put,09/11/26
6.30s,36.07%,0.0252,0.0001,-0.9663,1.1348,+12.52%,Call,09/11/26,"6,050.00","1,642.50s",0.00%,-0.9912,0.0000,0.6453,0.0666,-23.55%,Put,09/11/26
6.60s,37.08%,0.0257,0.0001,-0.9845,1.1520,+13.54%,Call,09/11/26,"6,100.00","1,692.20s",0.00%,-0.9914,0.0000,0.6539,0.0519,-23.55%,Put,09/11/26
5.70s,37.00%,0.0226,0.0001,-0.9577,1.0342,+13.45%,Call,09/11/26,"6,150.00","1,742.00s",0.00%,-0.9916,0.0000,0.6618,0.0403,-23.55%,Put,09/11/26
5.40s,37.43%,0.0213,0.0001,-0.9529,0.9848,+13.88%,Call,09/11/26,"6,200.00","1,791.80s",0.00%,-0.9918,0.0000,0.6693,0.0312,-23.55%,Put,09/11/26
5.20s,37.94%,0.0204,0.0001,-0.9517,0.9480,+14.39%,Call,09/11/26,"6,250.00","1,841.60s",0.00%,-0.9919,0.0000,0.6763,0.0240,-23.55%,Put,09/11/26
4.90s,38.32%,0.0191,0.0001,-0.9463,0.8998,+14.77%,Call,09/11/26,"6,300.00","1,891.50s",0.00%,-0.9920,0.0000,0.6830,0.0184,-23.55%,Put,09/11/26
4.50s,39.22%,0.0174,0.0001,-0.9427,0.8291,+15.67%,Call,09/11/26,"6,400.00","1,991.30s",0.00%,-0.9921,0.0000,0.6956,0.0107,-23.55%,Put,09/11/26
3.60s,39.36%,0.0142,0.0000,-0.9161,0.6963,+15.81%,Call,09/11/26,"6,500.00","2,091.10s",0.00%,-0.9921,0.0000,0.7075,0.0061,-23.55%,Put,09/11/26
3.50s,42.36%,0.0130,0.0000,-0.9424,0.6455,+18.81%,Call,09/11/26,"6,750.00","2,341.10s",0.00%,-0.9922,0.0000,0.7358,0.0014,-23.55%,Put,09/11/26
3.40s,42.51%,0.0126,0.0000,-0.9407,0.6294,+18.96%,Call,09/11/26,"6,775.00","2,366.10s",0.00%,-0.9922,0.0000,0.7386,0.0012,-23.55%,Put,09/11/26
3.10s,42.32%,0.0117,0.0000,-0.9295,0.5874,+18.77%,Call,09/11/26,"6,800.00","2,391.10s",0.00%,-0.9922,0.0000,0.7414,0.0011,-23.55%,Put,09/11/26
3.10s,43.51%,0.0114,0.0000,-0.9416,0.5755,+19.96%,Call,09/11/26,"6,900.00","2,491.10s",0.00%,-0.9922,0.0000,0.7524,0.0006,-23.55%,Put,09/11/26
2.90s,44.31%,0.0105,0.0000,-0.9437,0.5387,+20.76%,Call,09/11/26,"7,000.00","2,591.10s",0.00%,-0.9922,0.0000,0.7634,0.0003,-23.55%,Put,09/11/26
2.70s,45.06%,0.0097,0.0000,-0.9455,0.5028,+21.51%,Call,09/11/26,"7,100.00","2,691.10s",0.00%,-0.9922,0.0000,0.7743,0.0002,-23.55%,Put,09/11/26
2.70s,45.34%,0.0097,0.0000,-0.9485,0.5004,+21.79%,Call,09/11/26,"7,125.00","2,716.10s",0.00%,-0.9922,0.0000,0.7770,0.0001,-23.55%,Put,09/11/26
2.70s,45.39%,0.0097,0.0000,-0.9490,0.5000,+21.84%,Call,09/11/26,"7,130.00","2,721.10s",0.00%,-0.9922,0.0000,0.7776,0.0001,-23.55%,Put,09/11/26
2.70s,45.62%,0.0096,0.0000,-0.9514,0.4982,+22.07%,Call,09/11/26,"7,150.00","2,741.10s",0.00%,-0.9922,0.0000,0.7798,0.0001,-23.55%,Put,09/11/26
2.60s,45.69%,0.0093,0.0000,-0.9492,0.4829,+22.14%,Call,09/11/26,"7,175.00","2,766.10s",0.00%,-0.9922,0.0000,0.7825,0.0001,-23.55%,Put,09/11/26
2.50s,45.75%,0.0090,0.0000,-0.9470,0.4676,+22.20%,Call,09/11/26,"7,200.00","2,791.10s",0.00%,-0.9922,0.0000,0.7852,0.0001,-23.55%,Put,09/11/26
2.50s,46.30%,0.0089,0.0000,-0.9528,0.4634,+22.75%,Call,09/11/26,"7,250.00","2,841.10s",0.00%,-0.9922,0.0000,0.7907,0.0001,-23.55%,Put,09/11/26
2.10s,47.99%,0.0073,0.0000,-0.9604,0.3923,+24.44%,Call,09/11/26,"7,500.00","3,091.10s",0.00%,-0.9922,0.0000,0.8180,0.0000,-23.55%,Put,09/11/26
1.80s,52.02%,0.0060,0.0000,-1.0005,0.3258,+28.48%,Call,09/11/26,"8,000.00","3,591.10s",0.00%,-0.9922,0.0000,0.8725,0.0000,-23.55%,Put,09/11/26
1.50s,52.18%,0.0050,0.0000,-0.9968,0.2802,+28.63%,Call,09/11/26,"8,125.00","3,716.10s",0.00%,-0.9922,0.0000,0.8861,0.0000,-23.55%,Put,09/11/26
1.30s,54.67%,0.0042,0.0000,-1.0265,0.2404,+31.13%,Call,09/11/26,"8,500.00","4,091.10s",55.97%,-0.9871,0.0000,0.8015,0.2857,+32.42%,Put,09/11/26
1.20s,55.33%,0.0039,0.0000,-1.0346,0.2230,+31.78%,Call,09/11/26,"8,630.00","4,221.10s",60.06%,-0.9847,0.0000,0.7546,0.3998,+36.51%,Put,09/11/26
1.20s,55.90%,0.0039,0.0000,-1.0424,0.2212,+32.35%,Call,09/11/26,"8,700.00","4,291.10s",61.95%,-0.9836,0.0000,0.7312,0.4539,+38.40%,Put,09/11/26
1.20s,56.10%,0.0038,0.0000,-1.0452,0.2206,+32.55%,Call,09/11/26,"8,725.00","4,316.10s",62.59%,-0.9832,0.0000,0.7231,0.4722,+39.04%,Put,09/11/26
1.20s,56.30%,0.0038,0.0000,-1.0480,0.2200,+32.76%,Call,09/11/26,"8,750.00","4,341.10s",63.21%,-0.9828,0.0000,0.7151,0.4901,+39.66%,Put,09/11/26
1.10s,56.04%,0.0036,0.0000,-1.0442,0.2055,+32.49%,Call,09/11/26,"8,775.00","4,366.10s",63.82%,-0.9824,0.0000,0.7072,0.5075,+40.27%,Put,09/11/26
1.00s,57.30%,0.0032,0.0000,-1.0625,0.1866,+33.75%,Call,09/11/26,"9,000.00","4,591.10s",68.84%,-0.9792,0.0000,0.6400,0.6486,+45.30%,Put,09/11/26
1.00s,59.19%,0.0031,0.0000,-1.0902,0.1820,+35.65%,Call,09/11/26,"9,250.00","4,841.10s",73.77%,-0.9760,0.0000,0.5712,0.7809,+50.22%,Put,09/11/26
0.90s,60.45%,0.0028,0.0000,-1.1110,0.1640,+36.90%,Call,09/11/26,"9,500.00","5,091.10s",78.28%,-0.9732,0.0000,0.5064,0.8952,+54.73%,Put,09/11/26
0.90s,61.16%,0.0027,0.0000,-1.1221,0.1625,+37.61%,Call,09/11/26,"9,600.00","5,191.10s",79.99%,-0.9721,0.0000,0.4814,0.9371,+56.44%,Put,09/11/26
0.80s,61.57%,0.0024,0.0000,-1.1315,0.1465,+38.02%,Call,09/11/26,"9,750.00","5,341.10s",82.49%,-0.9706,0.0000,0.4446,0.9966,+58.94%,Put,09/11/26
0.80s,62.60%,0.0024,0.0000,-1.1481,0.1446,+39.05%,Call,09/11/26,"9,900.00","5,491.10s",84.90%,-0.9692,0.0000,0.4086,1.0524,+61.35%,Put,09/11/26
0.90,63.94%,0.0026,0.0000,-1.1663,0.1570,+40.39%,Call,"22:10 CT","10,000.00","5,591.10s",86.48%,-0.9683,0.0000,0.3849,1.0878,+62.93%,Put,09/11/26
"Downloaded from Barchart.com as of 09-14-2026 01:13am CDT"
