Latest,IV,Delta,Gamma,Theta,Vega,"IV Skew",Type,Time,Strike,Latest,IV,Delta,Gamma,Theta,Vega,"IV Skew",Type,Time
"3,189.90s",0.00%,0.9915,0.0000,0.0000,0.0000,-24.51%,Call,09/03/26,"1,350.00",0.10s,77.22%,-0.0002,0.0000,-0.0078,0.0178,+52.70%,Put,09/03/26
"3,164.90s",0.00%,0.9915,0.0000,0.0000,0.0000,-24.51%,Call,09/03/26,"1,375.00",0.10s,76.08%,-0.0002,0.0000,-0.0077,0.0180,+51.57%,Put,09/03/26
"3,139.90s",0.00%,0.9915,0.0000,0.0000,0.0000,-24.51%,Call,09/03/26,"1,400.00",0.10s,74.96%,-0.0002,0.0000,-0.0077,0.0183,+50.45%,Put,09/03/26
"3,114.90s",0.00%,0.9915,0.0000,0.0000,0.0000,-24.51%,Call,09/03/26,"1,425.00",0.10s,73.86%,-0.0002,0.0000,-0.0077,0.0185,+49.35%,Put,09/03/26
"3,089.90s",0.00%,0.9915,0.0000,0.0000,0.0000,-24.51%,Call,09/03/26,"1,450.00",0.10s,72.78%,-0.0002,0.0000,-0.0077,0.0188,+48.27%,Put,09/03/26
"3,064.90s",0.00%,0.9915,0.0000,0.0000,0.0000,-24.51%,Call,09/03/26,"1,475.00",0.20s,75.63%,-0.0004,0.0000,-0.0142,0.0331,+51.11%,Put,09/03/26
"3,039.90s",0.00%,0.9915,0.0000,0.0000,0.0000,-24.51%,Call,09/03/26,"1,500.00",0.20s,74.53%,-0.0004,0.0000,-0.0142,0.0336,+50.02%,Put,09/03/26
"3,014.90s",0.00%,0.9915,0.0000,0.0000,0.0000,-24.51%,Call,09/03/26,"1,525.00",0.20s,73.45%,-0.0004,0.0000,-0.0141,0.0341,+48.94%,Put,09/03/26
"3,009.90s",0.00%,0.9915,0.0000,0.0000,0.0000,-24.51%,Call,09/03/26,"1,530.00",0.20s,73.24%,-0.0004,0.0000,-0.0141,0.0342,+48.73%,Put,09/03/26
"2,999.90s",0.00%,0.9915,0.0000,0.0000,0.0000,-24.51%,Call,09/03/26,"1,540.00",0.20s,72.82%,-0.0004,0.0000,-0.0141,0.0344,+48.30%,Put,09/03/26
"2,989.90s",0.00%,0.9915,0.0000,0.0000,0.0000,-24.51%,Call,09/03/26,"1,550.00",0.20s,72.40%,-0.0005,0.0000,-0.0141,0.0345,+47.88%,Put,09/03/26
"2,979.90s",0.00%,0.9915,0.0000,0.0000,0.0000,-24.51%,Call,09/03/26,"1,560.00",0.20s,71.98%,-0.0005,0.0000,-0.0141,0.0347,+47.46%,Put,09/03/26
"2,969.90s",0.00%,0.9915,0.0000,0.0000,0.0000,-24.51%,Call,09/03/26,"1,570.00",0.20s,71.56%,-0.0005,0.0000,-0.0141,0.0349,+47.05%,Put,09/03/26
"2,964.90s",0.00%,0.9915,0.0000,0.0000,0.0000,-24.51%,Call,09/03/26,"1,575.00",0.20s,71.35%,-0.0005,0.0000,-0.0141,0.0350,+46.84%,Put,09/03/26
"2,959.90s",0.00%,0.9915,0.0000,0.0000,0.0000,-24.51%,Call,09/03/26,"1,580.00",0.20s,71.15%,-0.0005,0.0000,-0.0141,0.0351,+46.63%,Put,09/03/26
"2,949.90s",0.00%,0.9915,0.0000,0.0000,0.0000,-24.51%,Call,09/03/26,"1,590.00",0.20s,70.74%,-0.0005,0.0000,-0.0141,0.0353,+46.22%,Put,09/03/26
"2,939.90s",0.00%,0.9915,0.0000,0.0000,0.0000,-24.51%,Call,09/03/26,"1,600.00",0.20s,70.33%,-0.0005,0.0000,-0.0140,0.0355,+45.81%,Put,09/03/26
"2,929.90s",0.00%,0.9915,0.0000,0.0000,0.0000,-24.51%,Call,09/03/26,"1,610.00",0.20s,69.92%,-0.0005,0.0000,-0.0140,0.0357,+45.41%,Put,09/03/26
"2,919.90s",0.00%,0.9915,0.0000,0.0000,0.0000,-24.51%,Call,09/03/26,"1,620.00",0.20s,69.52%,-0.0005,0.0000,-0.0140,0.0359,+45.01%,Put,09/03/26
"2,914.90s",0.00%,0.9915,0.0000,0.0000,0.0000,-24.51%,Call,09/03/26,"1,625.00",0.20s,69.32%,-0.0005,0.0000,-0.0140,0.0360,+44.81%,Put,09/03/26
"2,909.90s",0.00%,0.9915,0.0000,0.0000,0.0000,-24.51%,Call,09/03/26,"1,630.00",0.20s,69.12%,-0.0005,0.0000,-0.0140,0.0361,+44.61%,Put,09/03/26
"2,904.90s",0.00%,0.9915,0.0000,0.0000,0.0000,-24.51%,Call,09/03/26,"1,635.00",0.20s,68.92%,-0.0005,0.0000,-0.0140,0.0362,+44.41%,Put,09/03/26
"2,899.90s",0.00%,0.9915,0.0000,0.0000,0.0000,-24.51%,Call,09/03/26,"1,640.00",0.20s,68.72%,-0.0005,0.0000,-0.0140,0.0363,+44.21%,Put,09/03/26
"2,894.90s",0.00%,0.9915,0.0000,0.0000,0.0000,-24.51%,Call,09/03/26,"1,645.00",0.20s,68.52%,-0.0005,0.0000,-0.0140,0.0364,+44.01%,Put,09/03/26
"2,889.90s",0.00%,0.9915,0.0000,0.0000,0.0000,-24.51%,Call,09/03/26,"1,650.00",0.20s,68.33%,-0.0005,0.0000,-0.0140,0.0365,+43.81%,Put,09/03/26
"2,884.90s",0.00%,0.9915,0.0000,0.0000,0.0000,-24.51%,Call,09/03/26,"1,655.00",0.20s,68.13%,-0.0005,0.0000,-0.0140,0.0366,+43.62%,Put,09/03/26
"2,879.90s",0.00%,0.9915,0.0000,0.0000,0.0000,-24.51%,Call,09/03/26,"1,660.00",0.20s,67.93%,-0.0005,0.0000,-0.0140,0.0367,+43.42%,Put,09/03/26
"2,874.90s",0.00%,0.9915,0.0000,0.0000,0.0000,-24.51%,Call,09/03/26,"1,665.00",0.20s,67.74%,-0.0005,0.0000,-0.0140,0.0368,+43.22%,Put,09/03/26
"2,869.90s",0.00%,0.9915,0.0000,0.0000,0.0000,-24.51%,Call,09/03/26,"1,670.00",0.20s,67.54%,-0.0005,0.0000,-0.0140,0.0369,+43.03%,Put,09/03/26
"2,864.90s",0.00%,0.9915,0.0000,0.0000,0.0000,-24.51%,Call,09/03/26,"1,675.00",0.20s,67.35%,-0.0005,0.0000,-0.0140,0.0370,+42.83%,Put,09/03/26
"2,859.90s",0.00%,0.9915,0.0000,0.0000,0.0000,-24.51%,Call,09/03/26,"1,680.00",0.20s,67.15%,-0.0005,0.0000,-0.0139,0.0371,+42.64%,Put,09/03/26
"2,854.90s",0.00%,0.9915,0.0000,0.0000,0.0000,-24.51%,Call,09/03/26,"1,685.00",0.20s,66.96%,-0.0005,0.0000,-0.0139,0.0372,+42.45%,Put,09/03/26
"2,849.90s",0.00%,0.9915,0.0000,0.0000,0.0000,-24.51%,Call,09/03/26,"1,690.00",0.20s,66.77%,-0.0005,0.0000,-0.0139,0.0373,+42.25%,Put,09/03/26
"2,844.90s",0.00%,0.9915,0.0000,0.0000,0.0000,-24.51%,Call,09/03/26,"1,695.00",0.20s,66.58%,-0.0005,0.0000,-0.0139,0.0374,+42.06%,Put,09/03/26
"2,839.90s",0.00%,0.9915,0.0000,0.0000,0.0000,-24.51%,Call,09/03/26,"1,700.00",0.20s,66.38%,-0.0005,0.0000,-0.0139,0.0375,+41.87%,Put,09/03/26
"2,834.90s",0.00%,0.9915,0.0000,0.0000,0.0000,-24.51%,Call,09/03/26,"1,705.00",0.20s,66.19%,-0.0005,0.0000,-0.0139,0.0376,+41.68%,Put,09/03/26
"2,829.90s",0.00%,0.9915,0.0000,0.0000,0.0000,-24.51%,Call,09/03/26,"1,710.00",0.20s,66.00%,-0.0005,0.0000,-0.0139,0.0377,+41.49%,Put,09/03/26
"2,824.90s",0.00%,0.9915,0.0000,0.0000,0.0000,-24.51%,Call,09/03/26,"1,715.00",0.20s,65.81%,-0.0005,0.0000,-0.0139,0.0378,+41.30%,Put,09/03/26
"2,819.90s",0.00%,0.9915,0.0000,0.0000,0.0000,-24.51%,Call,09/03/26,"1,720.00",0.20s,65.62%,-0.0005,0.0000,-0.0139,0.0379,+41.11%,Put,09/03/26
"2,814.90s",0.00%,0.9915,0.0000,0.0000,0.0000,-24.51%,Call,09/03/26,"1,725.00",0.20s,65.43%,-0.0005,0.0000,-0.0139,0.0380,+40.92%,Put,09/03/26
"2,809.90s",0.00%,0.9915,0.0000,0.0000,0.0000,-24.51%,Call,09/03/26,"1,730.00",0.20s,65.25%,-0.0005,0.0000,-0.0139,0.0381,+40.73%,Put,09/03/26
"2,804.90s",0.00%,0.9915,0.0000,0.0000,0.0000,-24.51%,Call,09/03/26,"1,735.00",0.20s,65.06%,-0.0005,0.0000,-0.0139,0.0382,+40.55%,Put,09/03/26
"2,799.90s",0.00%,0.9915,0.0000,0.0000,0.0000,-24.51%,Call,09/03/26,"1,740.00",0.20s,64.87%,-0.0005,0.0000,-0.0139,0.0383,+40.36%,Put,09/03/26
"2,794.90s",0.00%,0.9915,0.0000,0.0000,0.0000,-24.51%,Call,09/03/26,"1,745.00",0.20s,64.68%,-0.0005,0.0000,-0.0139,0.0384,+40.17%,Put,09/03/26
"2,789.90s",0.00%,0.9915,0.0000,0.0000,0.0000,-24.51%,Call,09/03/26,"1,750.00",0.20s,64.50%,-0.0005,0.0000,-0.0139,0.0385,+39.99%,Put,09/03/26
"2,784.90s",0.00%,0.9915,0.0000,0.0000,0.0000,-24.51%,Call,09/03/26,"1,755.00",0.20s,64.31%,-0.0005,0.0000,-0.0138,0.0386,+39.80%,Put,09/03/26
"2,779.90s",0.00%,0.9915,0.0000,0.0000,0.0000,-24.51%,Call,09/03/26,"1,760.00",0.20s,64.13%,-0.0005,0.0000,-0.0138,0.0387,+39.61%,Put,09/03/26
"2,774.90s",0.00%,0.9915,0.0000,0.0000,0.0000,-24.51%,Call,09/03/26,"1,765.00",0.20s,63.94%,-0.0005,0.0000,-0.0138,0.0388,+39.43%,Put,09/03/26
"2,769.90s",0.00%,0.9915,0.0000,0.0000,0.0000,-24.51%,Call,09/03/26,"1,770.00",0.30s,65.94%,-0.0007,0.0000,-0.0198,0.0535,+41.42%,Put,09/03/26
"2,764.90s",0.00%,0.9915,0.0000,0.0000,0.0000,-24.51%,Call,09/03/26,"1,775.00",0.30s,65.75%,-0.0007,0.0000,-0.0197,0.0536,+41.23%,Put,09/03/26
"2,759.90s",0.00%,0.9915,0.0000,0.0000,0.0000,-24.51%,Call,09/03/26,"1,780.00",0.30s,65.56%,-0.0007,0.0000,-0.0197,0.0537,+41.05%,Put,09/03/26
"2,754.90s",0.00%,0.9915,0.0000,0.0000,0.0000,-24.51%,Call,09/03/26,"1,785.00",0.30s,65.37%,-0.0007,0.0000,-0.0197,0.0539,+40.86%,Put,09/03/26
"2,749.90s",0.00%,0.9915,0.0000,0.0000,0.0000,-24.51%,Call,09/03/26,"1,790.00",0.30s,65.18%,-0.0007,0.0000,-0.0197,0.0540,+40.67%,Put,09/03/26
"2,744.90s",0.00%,0.9915,0.0000,0.0000,0.0000,-24.51%,Call,09/03/26,"1,795.00",0.30s,65.00%,-0.0007,0.0000,-0.0197,0.0542,+40.48%,Put,09/03/26
"2,739.90s",0.00%,0.9915,0.0000,0.0000,0.0000,-24.51%,Call,09/03/26,"1,800.00",0.30s,64.81%,-0.0007,0.0000,-0.0197,0.0543,+40.30%,Put,09/03/26
"2,734.90s",0.00%,0.9915,0.0000,0.0000,0.0000,-24.51%,Call,09/03/26,"1,805.00",0.30s,64.62%,-0.0007,0.0000,-0.0197,0.0545,+40.11%,Put,09/03/26
"2,729.90s",0.00%,0.9915,0.0000,0.0000,0.0000,-24.51%,Call,09/03/26,"1,810.00",0.30s,64.44%,-0.0007,0.0000,-0.0197,0.0546,+39.93%,Put,09/03/26
"2,724.90s",0.00%,0.9915,0.0000,0.0000,0.0000,-24.51%,Call,09/03/26,"1,815.00",0.30s,64.25%,-0.0007,0.0000,-0.0197,0.0548,+39.74%,Put,09/03/26
"2,719.90s",0.00%,0.9915,0.0000,0.0000,0.0000,-24.51%,Call,09/03/26,"1,820.00",0.30s,64.07%,-0.0007,0.0000,-0.0197,0.0549,+39.56%,Put,09/03/26
"2,714.90s",0.00%,0.9915,0.0000,0.0000,0.0000,-24.51%,Call,09/03/26,"1,825.00",0.30s,63.88%,-0.0007,0.0000,-0.0196,0.0551,+39.37%,Put,09/03/26
"2,709.90s",0.00%,0.9915,0.0000,0.0000,0.0000,-24.51%,Call,09/03/26,"1,830.00",0.30s,63.70%,-0.0008,0.0000,-0.0196,0.0552,+39.19%,Put,09/03/26
"2,704.90s",0.00%,0.9915,0.0000,0.0000,0.0000,-24.51%,Call,09/03/26,"1,835.00",0.30s,63.52%,-0.0008,0.0000,-0.0196,0.0553,+39.00%,Put,09/03/26
"2,699.90s",0.00%,0.9915,0.0000,0.0000,0.0000,-24.51%,Call,09/03/26,"1,840.00",0.30s,63.33%,-0.0008,0.0000,-0.0196,0.0555,+38.82%,Put,09/03/26
"2,694.90s",0.00%,0.9915,0.0000,0.0000,0.0000,-24.51%,Call,09/03/26,"1,845.00",0.30s,63.15%,-0.0008,0.0000,-0.0196,0.0556,+38.64%,Put,09/03/26
"2,689.90s",0.00%,0.9915,0.0000,0.0000,0.0000,-24.51%,Call,09/03/26,"1,850.00",0.30s,62.97%,-0.0008,0.0000,-0.0196,0.0558,+38.46%,Put,09/03/26
"2,684.90s",0.00%,0.9915,0.0000,0.0000,0.0000,-24.51%,Call,09/03/26,"1,855.00",0.30s,62.79%,-0.0008,0.0000,-0.0196,0.0559,+38.28%,Put,09/03/26
"2,679.90s",0.00%,0.9915,0.0000,0.0000,0.0000,-24.51%,Call,09/03/26,"1,860.00",0.30s,62.61%,-0.0008,0.0000,-0.0196,0.0561,+38.10%,Put,09/03/26
"2,674.90s",0.00%,0.9915,0.0000,0.0000,0.0000,-24.51%,Call,09/03/26,"1,865.00",0.30s,62.43%,-0.0008,0.0000,-0.0196,0.0562,+37.92%,Put,09/03/26
"2,669.90s",0.00%,0.9915,0.0000,0.0000,0.0000,-24.51%,Call,09/03/26,"1,870.00",0.30s,62.25%,-0.0008,0.0000,-0.0196,0.0564,+37.74%,Put,09/03/26
"2,664.90s",0.00%,0.9915,0.0000,0.0000,0.0000,-24.51%,Call,09/03/26,"1,875.00",0.30s,62.07%,-0.0008,0.0000,-0.0195,0.0565,+37.56%,Put,09/03/26
"2,659.90s",0.00%,0.9915,0.0000,0.0000,0.0000,-24.51%,Call,09/03/26,"1,880.00",0.30s,61.89%,-0.0008,0.0000,-0.0195,0.0567,+37.38%,Put,09/03/26
"2,654.90s",0.00%,0.9915,0.0000,0.0000,0.0000,-24.51%,Call,09/03/26,"1,885.00",0.30s,61.71%,-0.0008,0.0000,-0.0195,0.0568,+37.20%,Put,09/03/26
"2,649.90s",0.00%,0.9915,0.0000,0.0000,0.0000,-24.51%,Call,09/03/26,"1,890.00",0.30s,61.54%,-0.0008,0.0000,-0.0195,0.0570,+37.02%,Put,09/03/26
"2,644.90s",0.00%,0.9915,0.0000,0.0000,0.0000,-24.51%,Call,09/03/26,"1,895.00",0.30s,61.36%,-0.0008,0.0000,-0.0195,0.0571,+36.85%,Put,09/03/26
"2,639.90s",0.00%,0.9915,0.0000,0.0000,0.0000,-24.51%,Call,09/03/26,"1,900.00",0.30s,61.18%,-0.0008,0.0000,-0.0195,0.0573,+36.67%,Put,09/03/26
"2,634.90s",0.00%,0.9915,0.0000,0.0000,0.0000,-24.51%,Call,09/03/26,"1,905.00",0.30s,61.01%,-0.0008,0.0000,-0.0195,0.0575,+36.49%,Put,09/03/26
"2,629.90s",0.00%,0.9915,0.0000,0.0000,0.0000,-24.51%,Call,09/03/26,"1,910.00",0.30s,60.83%,-0.0008,0.0000,-0.0195,0.0576,+36.32%,Put,09/03/26
"2,624.90s",0.00%,0.9915,0.0000,0.0000,0.0000,-24.51%,Call,09/03/26,"1,915.00",0.30s,60.65%,-0.0008,0.0000,-0.0195,0.0578,+36.14%,Put,09/03/26
"2,619.90s",0.00%,0.9915,0.0000,0.0000,0.0000,-24.51%,Call,09/03/26,"1,920.00",0.30s,60.48%,-0.0008,0.0000,-0.0195,0.0579,+35.97%,Put,09/03/26
"2,614.90s",0.00%,0.9915,0.0000,0.0000,0.0000,-24.51%,Call,09/03/26,"1,925.00",0.30s,60.31%,-0.0008,0.0000,-0.0194,0.0581,+35.79%,Put,09/03/26
"2,609.90s",0.00%,0.9915,0.0000,0.0000,0.0000,-24.51%,Call,09/03/26,"1,930.00",0.30s,60.13%,-0.0008,0.0000,-0.0194,0.0582,+35.62%,Put,09/03/26
"2,604.90s",0.00%,0.9915,0.0000,0.0000,0.0000,-24.51%,Call,09/03/26,"1,935.00",0.30s,59.96%,-0.0008,0.0000,-0.0194,0.0584,+35.44%,Put,09/03/26
"2,599.90s",0.00%,0.9915,0.0000,0.0000,0.0000,-24.51%,Call,09/03/26,"1,940.00",0.30s,59.78%,-0.0008,0.0000,-0.0194,0.0585,+35.27%,Put,09/03/26
"2,594.90s",0.00%,0.9915,0.0000,0.0000,0.0000,-24.51%,Call,09/03/26,"1,945.00",0.30s,59.61%,-0.0008,0.0000,-0.0194,0.0587,+35.10%,Put,09/03/26
"2,589.90s",0.00%,0.9915,0.0000,0.0000,0.0000,-24.51%,Call,09/03/26,"1,950.00",0.30s,59.44%,-0.0008,0.0000,-0.0194,0.0588,+34.93%,Put,09/03/26
"2,584.90s",0.00%,0.9915,0.0000,0.0000,0.0000,-24.51%,Call,09/03/26,"1,955.00",0.30s,59.27%,-0.0008,0.0000,-0.0194,0.0590,+34.75%,Put,09/03/26
"2,579.90s",0.00%,0.9915,0.0000,0.0000,0.0000,-24.51%,Call,09/03/26,"1,960.00",0.30s,59.10%,-0.0008,0.0000,-0.0194,0.0592,+34.58%,Put,09/03/26
"2,574.90s",0.00%,0.9915,0.0000,0.0000,0.0000,-24.51%,Call,09/03/26,"1,965.00",0.40s,60.43%,-0.0010,0.0000,-0.0249,0.0741,+35.92%,Put,09/03/26
"2,569.90s",0.00%,0.9915,0.0000,0.0000,0.0000,-24.51%,Call,09/03/26,"1,970.00",0.40s,60.25%,-0.0010,0.0000,-0.0249,0.0743,+35.74%,Put,09/03/26
"2,564.90s",0.00%,0.9915,0.0000,0.0000,0.0000,-24.51%,Call,09/03/26,"1,975.00",0.40s,60.08%,-0.0010,0.0000,-0.0249,0.0745,+35.57%,Put,09/03/26
"2,559.90s",0.00%,0.9915,0.0000,0.0000,0.0000,-24.51%,Call,09/03/26,"1,980.00",0.40s,59.91%,-0.0010,0.0000,-0.0249,0.0747,+35.39%,Put,09/03/26
"2,554.90s",0.00%,0.9915,0.0000,0.0000,0.0000,-24.51%,Call,09/03/26,"1,985.00",0.40s,59.73%,-0.0010,0.0000,-0.0249,0.0749,+35.22%,Put,09/03/26
"2,549.90s",0.00%,0.9915,0.0000,0.0000,0.0000,-24.51%,Call,09/03/26,"1,990.00",0.40s,59.56%,-0.0010,0.0000,-0.0248,0.0751,+35.05%,Put,09/03/26
"2,544.90s",0.00%,0.9915,0.0000,0.0000,0.0000,-24.51%,Call,09/03/26,"1,995.00",0.40s,59.39%,-0.0011,0.0000,-0.0248,0.0753,+34.88%,Put,09/03/26
"2,539.90s",0.00%,0.9915,0.0000,0.0000,0.0000,-24.51%,Call,09/03/26,"2,000.00",0.40s,59.22%,-0.0011,0.0000,-0.0248,0.0755,+34.70%,Put,09/03/26
"2,534.90s",0.00%,0.9915,0.0000,0.0000,0.0000,-24.51%,Call,09/03/26,"2,005.00",0.40s,59.05%,-0.0011,0.0000,-0.0248,0.0757,+34.53%,Put,09/03/26
"2,529.90s",0.00%,0.9915,0.0000,0.0000,0.0000,-24.51%,Call,09/03/26,"2,010.00",0.40s,58.87%,-0.0011,0.0000,-0.0248,0.0759,+34.36%,Put,09/03/26
"2,524.90s",0.00%,0.9915,0.0000,0.0000,0.0000,-24.51%,Call,09/03/26,"2,015.00",0.40s,58.70%,-0.0011,0.0000,-0.0248,0.0761,+34.19%,Put,09/03/26
"2,519.90s",0.00%,0.9915,0.0000,0.0000,0.0000,-24.51%,Call,09/03/26,"2,020.00",0.40s,58.53%,-0.0011,0.0000,-0.0248,0.0763,+34.02%,Put,09/03/26
"2,514.90s",0.00%,0.9915,0.0000,0.0000,0.0000,-24.51%,Call,09/03/26,"2,025.00",0.40s,58.36%,-0.0011,0.0000,-0.0247,0.0765,+33.85%,Put,09/03/26
"2,509.90s",0.00%,0.9915,0.0000,0.0000,0.0000,-24.51%,Call,09/03/26,"2,030.00",0.40s,58.19%,-0.0011,0.0000,-0.0247,0.0767,+33.68%,Put,09/03/26
"2,504.90s",0.00%,0.9915,0.0000,0.0000,0.0000,-24.51%,Call,09/03/26,"2,035.00",0.40s,58.02%,-0.0011,0.0000,-0.0247,0.0769,+33.51%,Put,09/03/26
"2,499.90s",0.00%,0.9915,0.0000,0.0000,0.0000,-24.51%,Call,09/03/26,"2,040.00",0.40s,57.86%,-0.0011,0.0000,-0.0247,0.0771,+33.34%,Put,09/03/26
"2,494.90s",0.00%,0.9915,0.0000,0.0000,0.0000,-24.51%,Call,09/03/26,"2,045.00",0.40s,57.69%,-0.0011,0.0000,-0.0247,0.0773,+33.18%,Put,09/03/26
"2,489.90s",0.00%,0.9915,0.0000,0.0000,0.0000,-24.51%,Call,09/03/26,"2,050.00",0.40s,57.52%,-0.0011,0.0000,-0.0247,0.0775,+33.01%,Put,09/03/26
"2,484.90s",0.00%,0.9915,0.0000,0.0000,0.0000,-24.51%,Call,09/03/26,"2,055.00",0.40s,57.35%,-0.0011,0.0000,-0.0247,0.0777,+32.84%,Put,09/03/26
"2,479.90s",0.00%,0.9915,0.0000,0.0000,0.0000,-24.51%,Call,09/03/26,"2,060.00",0.40s,57.19%,-0.0011,0.0000,-0.0247,0.0779,+32.67%,Put,09/03/26
"2,474.90s",0.00%,0.9915,0.0000,0.0000,0.0000,-24.51%,Call,09/03/26,"2,065.00",0.40s,57.02%,-0.0011,0.0000,-0.0246,0.0781,+32.51%,Put,09/03/26
"2,469.90s",0.00%,0.9915,0.0000,0.0000,0.0000,-24.51%,Call,09/03/26,"2,070.00",0.40s,56.85%,-0.0011,0.0000,-0.0246,0.0783,+32.34%,Put,09/03/26
"2,464.90s",0.00%,0.9915,0.0000,0.0000,0.0000,-24.51%,Call,09/03/26,"2,075.00",0.40s,56.69%,-0.0011,0.0000,-0.0246,0.0785,+32.18%,Put,09/03/26
"2,459.90s",0.00%,0.9915,0.0000,0.0000,0.0000,-24.51%,Call,09/03/26,"2,080.00",0.40s,56.52%,-0.0011,0.0000,-0.0246,0.0788,+32.01%,Put,09/03/26
"2,454.90s",99.89%,0.9620,0.0000,-0.8749,1.4286,+75.37%,Call,09/03/26,"2,085.00",0.40s,56.36%,-0.0011,0.0000,-0.0246,0.0790,+31.84%,Put,09/03/26
"2,449.90s",99.58%,0.9620,0.0000,-0.8736,1.4307,+75.07%,Call,09/03/26,"2,090.00",0.40s,56.19%,-0.0011,0.0000,-0.0246,0.0792,+31.68%,Put,09/03/26
"2,444.90s",99.28%,0.9619,0.0000,-0.8722,1.4329,+74.77%,Call,09/03/26,"2,095.00",0.40s,56.03%,-0.0011,0.0000,-0.0246,0.0794,+31.52%,Put,09/03/26
"2,439.90s",98.98%,0.9619,0.0000,-0.8709,1.4351,+74.47%,Call,09/03/26,"2,100.00",0.40s,55.87%,-0.0011,0.0000,-0.0245,0.0796,+31.35%,Put,09/03/26
"2,434.90s",98.68%,0.9618,0.0000,-0.8695,1.4373,+74.17%,Call,09/03/26,"2,105.00",0.40s,55.70%,-0.0011,0.0000,-0.0245,0.0798,+31.19%,Put,09/03/26
"2,429.90s",98.38%,0.9618,0.0000,-0.8682,1.4395,+73.87%,Call,09/03/26,"2,110.00",0.40s,55.54%,-0.0011,0.0000,-0.0245,0.0800,+31.03%,Put,09/03/26
"2,424.90s",98.09%,0.9617,0.0000,-0.8668,1.4417,+73.57%,Call,09/03/26,"2,115.00",0.40s,55.38%,-0.0011,0.0000,-0.0245,0.0802,+30.86%,Put,09/03/26
"2,419.90s",97.79%,0.9617,0.0000,-0.8655,1.4439,+73.28%,Call,09/03/26,"2,120.00",0.40s,55.21%,-0.0011,0.0000,-0.0245,0.0805,+30.70%,Put,09/03/26
"2,414.90s",97.49%,0.9616,0.0000,-0.8641,1.4461,+72.98%,Call,09/03/26,"2,125.00",0.40s,55.05%,-0.0011,0.0000,-0.0245,0.0807,+30.54%,Put,09/03/26
"2,409.90s",97.20%,0.9616,0.0000,-0.8628,1.4483,+72.68%,Call,09/03/26,"2,130.00",0.50s,56.02%,-0.0014,0.0000,-0.0297,0.0959,+31.51%,Put,09/03/26
"2,404.90s",96.90%,0.9615,0.0000,-0.8614,1.4505,+72.39%,Call,09/03/26,"2,135.00",0.50s,55.86%,-0.0014,0.0000,-0.0297,0.0962,+31.35%,Put,09/03/26
"2,399.90s",96.61%,0.9614,0.0000,-0.8601,1.4527,+72.09%,Call,09/03/26,"2,140.00",0.50s,55.70%,-0.0014,0.0000,-0.0297,0.0964,+31.18%,Put,09/03/26
"2,394.90s",96.31%,0.9614,0.0000,-0.8587,1.4549,+71.80%,Call,09/03/26,"2,145.00",0.50s,55.53%,-0.0014,0.0000,-0.0297,0.0967,+31.02%,Put,09/03/26
"2,389.90s",96.02%,0.9613,0.0000,-0.8574,1.4571,+71.51%,Call,09/03/26,"2,150.00",0.50s,55.37%,-0.0014,0.0000,-0.0296,0.0969,+30.86%,Put,09/03/26
"2,384.90s",95.73%,0.9613,0.0000,-0.8560,1.4592,+71.21%,Call,09/03/26,"2,155.00",0.50s,55.21%,-0.0014,0.0000,-0.0296,0.0972,+30.69%,Put,09/03/26
"2,379.90s",95.43%,0.9612,0.0000,-0.8547,1.4614,+70.92%,Call,09/03/26,"2,160.00",0.50s,55.04%,-0.0014,0.0000,-0.0296,0.0975,+30.53%,Put,09/03/26
"2,374.90s",95.14%,0.9612,0.0000,-0.8533,1.4636,+70.63%,Call,09/03/26,"2,165.00",0.50s,54.88%,-0.0014,0.0000,-0.0296,0.0977,+30.37%,Put,09/03/26
"2,369.90s",94.85%,0.9611,0.0000,-0.8519,1.4659,+70.34%,Call,09/03/26,"2,170.00",0.50s,54.72%,-0.0014,0.0000,-0.0296,0.0980,+30.21%,Put,09/03/26
"2,364.90s",94.56%,0.9611,0.0000,-0.8506,1.4681,+70.05%,Call,09/03/26,"2,175.00",0.50s,54.56%,-0.0014,0.0000,-0.0295,0.0982,+30.05%,Put,09/03/26
"2,359.90s",94.27%,0.9610,0.0000,-0.8492,1.4703,+69.76%,Call,09/03/26,"2,180.00",0.50s,54.40%,-0.0014,0.0000,-0.0295,0.0985,+29.89%,Put,09/03/26
"2,354.90s",93.99%,0.9609,0.0000,-0.8479,1.4725,+69.47%,Call,09/03/26,"2,185.00",0.50s,54.24%,-0.0014,0.0000,-0.0295,0.0988,+29.73%,Put,09/03/26
"2,349.90s",93.70%,0.9609,0.0000,-0.8465,1.4747,+69.19%,Call,09/03/26,"2,190.00",0.50s,54.08%,-0.0014,0.0000,-0.0295,0.0990,+29.57%,Put,09/03/26
"2,344.90s",93.41%,0.9608,0.0000,-0.8451,1.4769,+68.90%,Call,09/03/26,"2,195.00",0.50s,53.92%,-0.0014,0.0000,-0.0295,0.0993,+29.41%,Put,09/03/26
"2,339.90s",93.13%,0.9608,0.0000,-0.8438,1.4791,+68.61%,Call,09/03/26,"2,200.00",0.50s,53.76%,-0.0014,0.0000,-0.0295,0.0996,+29.25%,Put,09/03/26
"2,334.90s",92.84%,0.9607,0.0000,-0.8424,1.4813,+68.33%,Call,09/03/26,"2,205.00",0.50s,53.60%,-0.0014,0.0000,-0.0294,0.0998,+29.09%,Put,09/03/26
"2,329.90s",92.56%,0.9607,0.0000,-0.8411,1.4835,+68.04%,Call,09/03/26,"2,210.00",0.50s,53.44%,-0.0014,0.0000,-0.0294,0.1001,+28.93%,Put,09/03/26
"2,324.90s",92.27%,0.9606,0.0000,-0.8397,1.4857,+67.76%,Call,09/03/26,"2,215.00",0.50s,53.28%,-0.0014,0.0000,-0.0294,0.1004,+28.77%,Put,09/03/26
"2,319.90s",91.99%,0.9606,0.0000,-0.8383,1.4879,+67.48%,Call,09/03/26,"2,220.00",0.50s,53.13%,-0.0014,0.0000,-0.0294,0.1006,+28.61%,Put,09/03/26
"2,314.90s",91.71%,0.9605,0.0000,-0.8370,1.4901,+67.19%,Call,09/03/26,"2,225.00",0.50s,52.97%,-0.0014,0.0000,-0.0294,0.1009,+28.45%,Put,09/03/26
"2,309.90s",91.42%,0.9604,0.0000,-0.8356,1.4924,+66.91%,Call,09/03/26,"2,230.00",0.50s,52.81%,-0.0015,0.0000,-0.0293,0.1012,+28.30%,Put,09/03/26
"2,304.90s",91.14%,0.9604,0.0000,-0.8342,1.4946,+66.63%,Call,09/03/26,"2,235.00",0.50s,52.65%,-0.0015,0.0000,-0.0293,0.1014,+28.14%,Put,09/03/26
"2,299.90s",90.86%,0.9603,0.0000,-0.8329,1.4968,+66.35%,Call,09/03/26,"2,240.00",0.50s,52.50%,-0.0015,0.0000,-0.0293,0.1017,+27.98%,Put,09/03/26
"2,294.90s",90.58%,0.9603,0.0000,-0.8315,1.4990,+66.07%,Call,09/03/26,"2,245.00",0.50s,52.34%,-0.0015,0.0000,-0.0293,0.1020,+27.83%,Put,09/03/26
"2,289.90s",90.30%,0.9602,0.0000,-0.8301,1.5012,+65.79%,Call,09/03/26,"2,250.00",0.50s,52.18%,-0.0015,0.0000,-0.0293,0.1023,+27.67%,Put,09/03/26
"2,284.90s",90.02%,0.9602,0.0000,-0.8287,1.5035,+65.51%,Call,09/03/26,"2,255.00",0.50s,52.03%,-0.0015,0.0000,-0.0293,0.1025,+27.52%,Put,09/03/26
"2,279.90s",89.75%,0.9601,0.0000,-0.8274,1.5057,+65.23%,Call,09/03/26,"2,260.00",0.50s,51.87%,-0.0015,0.0000,-0.0292,0.1028,+27.36%,Put,09/03/26
"2,274.90s",89.47%,0.9601,0.0000,-0.8260,1.5079,+64.96%,Call,09/03/26,"2,265.00",0.60s,52.62%,-0.0017,0.0000,-0.0342,0.1183,+28.11%,Put,09/03/26
"2,269.90s",89.19%,0.9600,0.0000,-0.8246,1.5101,+64.68%,Call,09/03/26,"2,270.00",0.60s,52.47%,-0.0017,0.0000,-0.0342,0.1186,+27.95%,Put,09/03/26
"2,264.90s",88.92%,0.9599,0.0000,-0.8233,1.5124,+64.40%,Call,09/03/26,"2,275.00",0.60s,52.31%,-0.0017,0.0000,-0.0342,0.1190,+27.80%,Put,09/03/26
"2,259.90s",88.64%,0.9599,0.0000,-0.8219,1.5146,+64.13%,Call,09/03/26,"2,280.00",0.70s,52.94%,-0.0020,0.0000,-0.0391,0.1339,+28.43%,Put,09/03/26
"2,254.90s",88.37%,0.9598,0.0000,-0.8205,1.5168,+63.85%,Call,09/03/26,"2,285.00",0.60s,52.00%,-0.0017,0.0000,-0.0341,0.1196,+27.48%,Put,09/03/26
"2,249.90s",88.09%,0.9598,0.0000,-0.8191,1.5191,+63.58%,Call,09/03/26,"2,290.00",0.60s,51.84%,-0.0018,0.0000,-0.0341,0.1199,+27.33%,Put,09/03/26
"2,244.90s",87.82%,0.9597,0.0000,-0.8178,1.5213,+63.31%,Call,09/03/26,"2,295.00",0.60s,51.69%,-0.0018,0.0000,-0.0341,0.1203,+27.17%,Put,09/03/26
"2,239.90s",87.55%,0.9597,0.0000,-0.8164,1.5235,+63.03%,Call,09/03/26,"2,300.00",0.60s,51.53%,-0.0018,0.0000,-0.0341,0.1206,+27.02%,Put,09/03/26
"2,234.90s",87.27%,0.9596,0.0000,-0.8150,1.5258,+62.76%,Call,09/03/26,"2,305.00",0.60s,51.38%,-0.0018,0.0000,-0.0341,0.1209,+26.86%,Put,09/03/26
"2,229.90s",87.00%,0.9595,0.0000,-0.8136,1.5280,+62.49%,Call,09/03/26,"2,310.00",0.60s,51.22%,-0.0018,0.0000,-0.0340,0.1212,+26.71%,Put,09/03/26
"2,224.90s",86.73%,0.9595,0.0000,-0.8122,1.5303,+62.22%,Call,09/03/26,"2,315.00",0.60s,51.07%,-0.0018,0.0000,-0.0340,0.1216,+26.56%,Put,09/03/26
"2,219.90s",86.46%,0.9594,0.0000,-0.8109,1.5325,+61.95%,Call,09/03/26,"2,320.00",0.70s,51.69%,-0.0020,0.0000,-0.0388,0.1368,+27.18%,Put,09/03/26
"2,214.90s",86.19%,0.9594,0.0000,-0.8095,1.5347,+61.68%,Call,09/03/26,"2,325.00",0.60s,50.76%,-0.0018,0.0000,-0.0340,0.1222,+26.25%,Put,09/03/26
"2,209.90s",85.92%,0.9593,0.0000,-0.8081,1.5370,+61.41%,Call,09/03/26,"2,330.00",0.60s,50.61%,-0.0018,0.0000,-0.0339,0.1226,+26.10%,Put,09/03/26
"2,204.90s",85.65%,0.9593,0.0000,-0.8067,1.5392,+61.14%,Call,09/03/26,"2,335.00",0.60s,50.46%,-0.0018,0.0000,-0.0339,0.1229,+25.94%,Put,09/03/26
"2,199.90s",85.39%,0.9592,0.0000,-0.8053,1.5415,+60.87%,Call,09/03/26,"2,340.00",0.60s,50.30%,-0.0018,0.0000,-0.0339,0.1232,+25.79%,Put,09/03/26
"2,194.90s",85.12%,0.9591,0.0000,-0.8040,1.5437,+60.61%,Call,09/03/26,"2,345.00",0.60s,50.15%,-0.0018,0.0000,-0.0339,0.1236,+25.64%,Put,09/03/26
"2,189.90s",84.85%,0.9591,0.0000,-0.8026,1.5460,+60.34%,Call,09/03/26,"2,350.00",0.60s,50.00%,-0.0018,0.0000,-0.0339,0.1239,+25.49%,Put,09/03/26
"2,184.90s",84.59%,0.9590,0.0000,-0.8012,1.5483,+60.07%,Call,09/03/26,"2,355.00",0.60s,49.85%,-0.0018,0.0000,-0.0338,0.1242,+25.33%,Put,09/03/26
"2,179.90s",84.32%,0.9590,0.0000,-0.7998,1.5505,+59.81%,Call,09/03/26,"2,360.00",0.60s,49.70%,-0.0018,0.0000,-0.0338,0.1246,+25.18%,Put,09/03/26
"2,174.90s",84.05%,0.9589,0.0000,-0.7984,1.5528,+59.54%,Call,09/03/26,"2,365.00",0.70s,50.30%,-0.0021,0.0000,-0.0386,0.1402,+25.79%,Put,09/03/26
"2,169.90s",83.79%,0.9589,0.0000,-0.7970,1.5550,+59.28%,Call,09/03/26,"2,370.00",0.70s,50.15%,-0.0021,0.0000,-0.0386,0.1406,+25.63%,Put,09/03/26
"2,164.90s",83.53%,0.9588,0.0000,-0.7956,1.5573,+59.01%,Call,09/03/26,"2,375.00",0.70s,50.00%,-0.0021,0.0000,-0.0386,0.1410,+25.48%,Put,09/03/26
"2,159.90s",83.26%,0.9587,0.0000,-0.7942,1.5596,+58.75%,Call,09/03/26,"2,380.00",0.70s,49.84%,-0.0021,0.0000,-0.0385,0.1413,+25.33%,Put,09/03/26
"2,154.90s",83.00%,0.9587,0.0000,-0.7929,1.5618,+58.49%,Call,09/03/26,"2,385.00",0.70s,49.69%,-0.0021,0.0000,-0.0385,0.1417,+25.18%,Put,09/03/26
"2,149.90s",82.74%,0.9586,0.0000,-0.7915,1.5641,+58.23%,Call,09/03/26,"2,390.00",0.70s,49.54%,-0.0021,0.0000,-0.0385,0.1421,+25.03%,Put,09/03/26
"2,144.90s",82.48%,0.9586,0.0000,-0.7901,1.5664,+57.96%,Call,09/03/26,"2,395.00",0.70s,49.39%,-0.0021,0.0000,-0.0385,0.1425,+24.88%,Put,09/03/26
"2,139.90s",82.22%,0.9585,0.0000,-0.7887,1.5687,+57.70%,Call,09/03/26,"2,400.00",0.80s,49.90%,-0.0024,0.0000,-0.0431,0.1578,+25.39%,Put,09/03/26
"2,134.90s",81.96%,0.9585,0.0000,-0.7873,1.5709,+57.44%,Call,09/03/26,"2,405.00",0.70s,49.09%,-0.0021,0.0000,-0.0384,0.1433,+24.58%,Put,09/03/26
"2,129.90s",81.70%,0.9584,0.0000,-0.7859,1.5732,+57.18%,Call,09/03/26,"2,410.00",0.70s,48.94%,-0.0021,0.0000,-0.0384,0.1437,+24.43%,Put,09/03/26
"2,124.90s",81.44%,0.9583,0.0000,-0.7845,1.5755,+56.92%,Call,09/03/26,"2,415.00",0.70s,48.79%,-0.0021,0.0000,-0.0383,0.1441,+24.28%,Put,09/03/26
"2,119.90s",81.18%,0.9583,0.0000,-0.7831,1.5778,+56.67%,Call,09/03/26,"2,420.00",0.70s,48.64%,-0.0022,0.0000,-0.0383,0.1445,+24.13%,Put,09/03/26
"2,114.90s",80.92%,0.9582,0.0000,-0.7817,1.5801,+56.41%,Call,09/03/26,"2,425.00",0.70s,48.49%,-0.0022,0.0000,-0.0383,0.1448,+23.98%,Put,09/03/26
"2,109.90s",80.66%,0.9582,0.0000,-0.7803,1.5824,+56.15%,Call,09/03/26,"2,430.00",0.70s,48.34%,-0.0022,0.0000,-0.0383,0.1452,+23.83%,Put,09/03/26
"2,104.90s",80.41%,0.9581,0.0000,-0.7789,1.5847,+55.89%,Call,09/03/26,"2,435.00",0.70s,48.19%,-0.0022,0.0000,-0.0382,0.1456,+23.68%,Put,09/03/26
"2,099.90s",80.15%,0.9580,0.0000,-0.7775,1.5870,+55.64%,Call,09/03/26,"2,440.00",0.70s,48.04%,-0.0022,0.0000,-0.0382,0.1460,+23.53%,Put,09/03/26
"2,094.90s",79.89%,0.9580,0.0000,-0.7761,1.5893,+55.38%,Call,09/03/26,"2,445.00",0.80s,48.54%,-0.0024,0.0000,-0.0429,0.1617,+24.03%,Put,09/03/26
"2,089.90s",79.64%,0.9579,0.0000,-0.7747,1.5916,+55.13%,Call,09/03/26,"2,450.00",0.80s,48.39%,-0.0024,0.0000,-0.0428,0.1622,+23.88%,Put,09/03/26
"2,084.90s",79.38%,0.9579,0.0000,-0.7734,1.5939,+54.87%,Call,09/03/26,"2,455.00",0.80s,48.25%,-0.0025,0.0000,-0.0428,0.1626,+23.73%,Put,09/03/26
"2,079.90s",79.13%,0.9578,0.0000,-0.7720,1.5962,+54.62%,Call,09/03/26,"2,460.00",0.80s,48.10%,-0.0025,0.0000,-0.0428,0.1630,+23.58%,Put,09/03/26
"2,074.90s",78.88%,0.9577,0.0000,-0.7706,1.5985,+54.36%,Call,09/03/26,"2,465.00",0.80s,47.95%,-0.0025,0.0000,-0.0427,0.1635,+23.44%,Put,09/03/26
"2,069.90s",78.62%,0.9577,0.0000,-0.7692,1.6008,+54.11%,Call,09/03/26,"2,470.00",0.80s,47.80%,-0.0025,0.0000,-0.0427,0.1639,+23.29%,Put,09/03/26
"2,064.90s",78.37%,0.9576,0.0000,-0.7678,1.6031,+53.86%,Call,09/03/26,"2,475.00",0.80s,47.65%,-0.0025,0.0000,-0.0427,0.1644,+23.14%,Put,09/03/26
"2,059.90s",78.12%,0.9576,0.0000,-0.7664,1.6054,+53.61%,Call,09/03/26,"2,480.00",0.80s,47.50%,-0.0025,0.0000,-0.0426,0.1649,+22.99%,Put,09/03/26
"2,054.90s",77.87%,0.9575,0.0000,-0.7650,1.6077,+53.35%,Call,09/03/26,"2,485.00",0.80s,47.36%,-0.0025,0.0000,-0.0426,0.1653,+22.84%,Put,09/03/26
"2,049.90s",77.62%,0.9575,0.0000,-0.7636,1.6101,+53.10%,Call,09/03/26,"2,490.00",0.80s,47.21%,-0.0025,0.0000,-0.0426,0.1658,+22.70%,Put,09/03/26
"2,044.90s",77.37%,0.9574,0.0000,-0.7621,1.6124,+52.85%,Call,09/03/26,"2,495.00",0.80s,47.06%,-0.0025,0.0000,-0.0425,0.1662,+22.55%,Put,09/03/26
"2,039.90s",77.12%,0.9573,0.0000,-0.7607,1.6147,+52.60%,Call,09/03/26,"2,500.00",0.80s,46.91%,-0.0025,0.0000,-0.0425,0.1667,+22.40%,Put,09/03/26
"2,034.90s",76.87%,0.9573,0.0000,-0.7593,1.6170,+52.35%,Call,09/03/26,"2,505.00",0.80s,46.77%,-0.0025,0.0000,-0.0425,0.1671,+22.26%,Put,09/03/26
"2,029.90s",76.62%,0.9572,0.0000,-0.7579,1.6194,+52.10%,Call,09/03/26,"2,510.00",0.80s,46.62%,-0.0025,0.0000,-0.0424,0.1676,+22.11%,Put,09/03/26
"2,024.90s",76.37%,0.9572,0.0000,-0.7565,1.6217,+51.86%,Call,09/03/26,"2,515.00",0.90s,47.05%,-0.0028,0.0000,-0.0469,0.1833,+22.53%,Put,09/03/26
"2,019.90s",76.12%,0.9571,0.0000,-0.7551,1.6240,+51.61%,Call,09/03/26,"2,520.00",0.90s,46.90%,-0.0028,0.0000,-0.0469,0.1838,+22.39%,Put,09/03/26
"2,014.90s",75.87%,0.9570,0.0000,-0.7537,1.6264,+51.36%,Call,09/03/26,"2,525.00",0.90s,46.75%,-0.0028,0.0000,-0.0469,0.1843,+22.24%,Put,09/03/26
"2,009.90s",75.63%,0.9570,0.0000,-0.7523,1.6287,+51.11%,Call,09/03/26,"2,530.00",0.90s,46.61%,-0.0028,0.0000,-0.0468,0.1849,+22.09%,Put,09/03/26
"2,004.90s",75.38%,0.9569,0.0000,-0.7509,1.6311,+50.87%,Call,09/03/26,"2,535.00",0.90s,46.46%,-0.0028,0.0000,-0.0468,0.1854,+21.95%,Put,09/03/26
"1,999.90s",75.13%,0.9568,0.0000,-0.7495,1.6334,+50.62%,Call,09/03/26,"2,540.00",0.90s,46.31%,-0.0028,0.0000,-0.0468,0.1859,+21.80%,Put,09/03/26
"1,994.90s",74.89%,0.9568,0.0000,-0.7481,1.6358,+50.38%,Call,09/03/26,"2,545.00",0.90s,46.17%,-0.0029,0.0000,-0.0467,0.1864,+21.65%,Put,09/03/26
"1,989.90s",74.64%,0.9567,0.0000,-0.7467,1.6381,+50.13%,Call,09/03/26,"2,550.00",0.90s,46.02%,-0.0029,0.0000,-0.0467,0.1869,+21.51%,Put,09/03/26
"1,984.90s",74.40%,0.9567,0.0000,-0.7453,1.6405,+49.89%,Call,09/03/26,"2,555.00",0.90s,45.88%,-0.0029,0.0000,-0.0467,0.1874,+21.36%,Put,09/03/26
"1,979.90s",74.16%,0.9566,0.0000,-0.7439,1.6429,+49.64%,Call,09/03/26,"2,560.00",0.90s,45.73%,-0.0029,0.0000,-0.0466,0.1880,+21.22%,Put,09/03/26
"1,974.90s",73.91%,0.9565,0.0000,-0.7425,1.6452,+49.40%,Call,09/03/26,"2,565.00",0.90s,45.59%,-0.0029,0.0000,-0.0466,0.1885,+21.07%,Put,09/03/26
"1,969.90s",73.67%,0.9565,0.0000,-0.7410,1.6476,+49.16%,Call,09/03/26,"2,570.00",1.00s,45.95%,-0.0032,0.0000,-0.0510,0.2042,+21.44%,Put,09/03/26
"1,964.90s",73.43%,0.9564,0.0000,-0.7396,1.6500,+48.92%,Call,09/03/26,"2,575.00",1.00s,45.81%,-0.0032,0.0000,-0.0509,0.2047,+21.29%,Put,09/03/26
"1,959.90s",73.19%,0.9564,0.0000,-0.7382,1.6524,+48.67%,Call,09/03/26,"2,580.00",1.00s,45.66%,-0.0032,0.0000,-0.0509,0.2053,+21.15%,Put,09/03/26
"1,954.90s",72.95%,0.9563,0.0000,-0.7368,1.6547,+48.43%,Call,09/03/26,"2,585.00",1.00s,45.51%,-0.0032,0.0000,-0.0508,0.2059,+21.00%,Put,09/03/26
"1,949.90s",72.70%,0.9562,0.0001,-0.7354,1.6571,+48.19%,Call,09/03/26,"2,590.00",1.00s,45.37%,-0.0032,0.0000,-0.0508,0.2065,+20.86%,Put,09/03/26
"1,944.90s",72.46%,0.9562,0.0001,-0.7340,1.6595,+47.95%,Call,09/03/26,"2,595.00",1.00s,45.23%,-0.0032,0.0000,-0.0508,0.2070,+20.71%,Put,09/03/26
"1,939.90s",72.22%,0.9561,0.0001,-0.7326,1.6619,+47.71%,Call,09/03/26,"2,600.00",1.00s,45.08%,-0.0032,0.0000,-0.0507,0.2076,+20.57%,Put,09/03/26
"1,934.90s",71.98%,0.9560,0.0001,-0.7312,1.6643,+47.47%,Call,09/03/26,"2,605.00",1.00s,44.94%,-0.0032,0.0000,-0.0507,0.2082,+20.42%,Put,09/03/26
"1,929.90s",71.75%,0.9560,0.0001,-0.7297,1.6667,+47.23%,Call,09/03/26,"2,610.00",1.00s,44.79%,-0.0032,0.0000,-0.0506,0.2088,+20.28%,Put,09/03/26
"1,924.90s",71.51%,0.9559,0.0001,-0.7283,1.6691,+46.99%,Call,09/03/26,"2,615.00",1.00s,44.65%,-0.0032,0.0000,-0.0506,0.2094,+20.14%,Put,09/03/26
"1,919.90s",71.27%,0.9559,0.0001,-0.7269,1.6715,+46.76%,Call,09/03/26,"2,620.00",1.10s,44.97%,-0.0035,0.0000,-0.0549,0.2251,+20.45%,Put,09/03/26
"1,914.90s",71.03%,0.9558,0.0001,-0.7255,1.6739,+46.52%,Call,09/03/26,"2,625.00",1.10s,44.82%,-0.0035,0.0000,-0.0548,0.2257,+20.31%,Put,09/03/26
"1,909.90s",70.79%,0.9557,0.0001,-0.7241,1.6763,+46.28%,Call,09/03/26,"2,630.00",1.10s,44.68%,-0.0035,0.0000,-0.0548,0.2263,+20.17%,Put,09/03/26
"1,904.90s",70.56%,0.9557,0.0001,-0.7227,1.6787,+46.05%,Call,09/03/26,"2,635.00",1.10s,44.53%,-0.0035,0.0000,-0.0547,0.2270,+20.02%,Put,09/03/26
"1,899.90s",70.32%,0.9556,0.0001,-0.7212,1.6812,+45.81%,Call,09/03/26,"2,640.00",1.10s,44.39%,-0.0036,0.0000,-0.0547,0.2276,+19.88%,Put,09/03/26
"1,894.90s",70.09%,0.9555,0.0001,-0.7198,1.6836,+45.57%,Call,09/03/26,"2,645.00",1.10s,44.25%,-0.0036,0.0000,-0.0546,0.2282,+19.73%,Put,09/03/26
"1,889.90s",69.85%,0.9555,0.0001,-0.7184,1.6860,+45.34%,Call,09/03/26,"2,650.00",1.10s,44.10%,-0.0036,0.0000,-0.0546,0.2289,+19.59%,Put,09/03/26
"1,884.90s",69.62%,0.9554,0.0001,-0.7170,1.6884,+45.10%,Call,09/03/26,"2,655.00",1.10s,43.96%,-0.0036,0.0000,-0.0546,0.2295,+19.45%,Put,09/03/26
"1,879.90s",69.38%,0.9554,0.0001,-0.7156,1.6909,+44.87%,Call,09/03/26,"2,660.00",1.10s,43.82%,-0.0036,0.0000,-0.0545,0.2302,+19.31%,Put,09/03/26
"1,874.90s",69.15%,0.9553,0.0001,-0.7141,1.6933,+44.64%,Call,09/03/26,"2,665.00",1.20s,44.10%,-0.0039,0.0000,-0.0587,0.2458,+19.58%,Put,09/03/26
"1,869.90s",68.92%,0.9552,0.0001,-0.7127,1.6958,+44.40%,Call,09/03/26,"2,670.00",1.20s,43.95%,-0.0039,0.0000,-0.0586,0.2465,+19.44%,Put,09/03/26
"1,864.90s",68.68%,0.9552,0.0001,-0.7113,1.6982,+44.17%,Call,09/03/26,"2,675.00",1.20s,43.81%,-0.0039,0.0000,-0.0586,0.2472,+19.30%,Put,09/03/26
"1,859.90s",68.45%,0.9551,0.0001,-0.7099,1.7007,+43.94%,Call,09/03/26,"2,680.00",1.20s,43.67%,-0.0039,0.0000,-0.0585,0.2479,+19.15%,Put,09/03/26
"1,854.90s",68.22%,0.9550,0.0001,-0.7085,1.7031,+43.71%,Call,09/03/26,"2,685.00",1.20s,43.53%,-0.0039,0.0000,-0.0585,0.2486,+19.01%,Put,09/03/26
"1,849.90s",67.99%,0.9550,0.0001,-0.7070,1.7056,+43.47%,Call,09/03/26,"2,690.00",1.20s,43.38%,-0.0039,0.0000,-0.0584,0.2493,+18.87%,Put,09/03/26
"1,844.90s",67.76%,0.9549,0.0001,-0.7056,1.7081,+43.24%,Call,09/03/26,"2,695.00",1.20s,43.24%,-0.0040,0.0000,-0.0584,0.2501,+18.73%,Put,09/03/26
"1,839.90s",67.52%,0.9548,0.0001,-0.7042,1.7105,+43.01%,Call,09/03/26,"2,700.00",1.30s,43.49%,-0.0042,0.0000,-0.0625,0.2656,+18.97%,Put,09/03/26
"1,834.90s",67.29%,0.9548,0.0001,-0.7028,1.7130,+42.78%,Call,09/03/26,"2,705.00",1.30s,43.34%,-0.0042,0.0000,-0.0624,0.2664,+18.83%,Put,09/03/26
"1,829.90s",67.06%,0.9547,0.0001,-0.7013,1.7155,+42.55%,Call,09/03/26,"2,710.00",1.30s,43.20%,-0.0043,0.0000,-0.0624,0.2672,+18.69%,Put,09/03/26
"1,824.90s",66.84%,0.9546,0.0001,-0.6999,1.7180,+42.32%,Call,09/03/26,"2,715.00",1.30s,43.06%,-0.0043,0.0000,-0.0623,0.2679,+18.55%,Put,09/03/26
"1,819.90s",66.61%,0.9546,0.0001,-0.6985,1.7205,+42.09%,Call,09/03/26,"2,720.00",1.30s,42.92%,-0.0043,0.0000,-0.0623,0.2687,+18.41%,Put,09/03/26
"1,814.90s",66.38%,0.9545,0.0001,-0.6970,1.7230,+41.87%,Call,09/03/26,"2,725.00",1.30s,42.78%,-0.0043,0.0000,-0.0622,0.2695,+18.26%,Put,09/03/26
"1,809.90s",66.15%,0.9545,0.0001,-0.6956,1.7255,+41.64%,Call,09/03/26,"2,730.00",1.30s,42.64%,-0.0043,0.0000,-0.0621,0.2702,+18.12%,Put,09/03/26
"1,804.90s",65.92%,0.9544,0.0001,-0.6942,1.7280,+41.41%,Call,09/03/26,"2,735.00",1.40s,42.85%,-0.0046,0.0000,-0.0661,0.2858,+18.34%,Put,09/03/26
"1,799.90s",65.70%,0.9543,0.0001,-0.6928,1.7305,+41.18%,Call,09/03/26,"2,740.00",1.40s,42.71%,-0.0046,0.0000,-0.0661,0.2866,+18.20%,Put,09/03/26
"1,794.90s",65.47%,0.9543,0.0001,-0.6913,1.7330,+40.96%,Call,09/03/26,"2,745.00",1.40s,42.57%,-0.0046,0.0000,-0.0660,0.2874,+18.06%,Put,09/03/26
"1,789.90s",65.24%,0.9542,0.0001,-0.6899,1.7355,+40.73%,Call,09/03/26,"2,750.00",1.40s,42.43%,-0.0046,0.0000,-0.0660,0.2882,+17.92%,Put,09/03/26
"1,784.90s",65.02%,0.9541,0.0001,-0.6885,1.7380,+40.50%,Call,09/03/26,"2,755.00",1.40s,42.29%,-0.0046,0.0000,-0.0659,0.2891,+17.77%,Put,09/03/26
"1,779.90s",64.79%,0.9541,0.0001,-0.6870,1.7405,+40.28%,Call,09/03/26,"2,760.00",1.40s,42.15%,-0.0047,0.0000,-0.0659,0.2899,+17.63%,Put,09/03/26
"1,774.90s",64.57%,0.9540,0.0001,-0.6856,1.7431,+40.05%,Call,09/03/26,"2,765.00",1.40s,42.01%,-0.0047,0.0000,-0.0658,0.2907,+17.49%,Put,09/03/26
"1,769.90s",64.34%,0.9539,0.0001,-0.6842,1.7456,+39.83%,Call,09/03/26,"2,770.00",1.50s,42.20%,-0.0050,0.0000,-0.0697,0.3062,+17.69%,Put,09/03/26
"1,764.90s",64.12%,0.9539,0.0001,-0.6828,1.7482,+39.60%,Call,09/03/26,"2,775.00",1.50s,42.06%,-0.0050,0.0000,-0.0697,0.3071,+17.55%,Put,09/03/26
"1,759.90s",63.89%,0.9538,0.0001,-0.6813,1.7507,+39.38%,Call,09/03/26,"2,780.00",1.50s,41.92%,-0.0050,0.0000,-0.0696,0.3080,+17.40%,Put,09/03/26
"1,754.90s",63.67%,0.9537,0.0001,-0.6799,1.7533,+39.16%,Call,09/03/26,"2,785.00",1.50s,41.78%,-0.0050,0.0000,-0.0695,0.3089,+17.26%,Put,09/03/26
"1,749.90s",63.45%,0.9537,0.0001,-0.6785,1.7558,+38.93%,Call,09/03/26,"2,790.00",1.50s,41.64%,-0.0050,0.0000,-0.0695,0.3098,+17.12%,Put,09/03/26
"1,744.90s",63.22%,0.9536,0.0001,-0.6770,1.7584,+38.71%,Call,09/03/26,"2,795.00",1.50s,41.50%,-0.0050,0.0000,-0.0694,0.3107,+16.98%,Put,09/03/26
"1,739.90s",63.00%,0.9535,0.0001,-0.6756,1.7609,+38.49%,Call,09/03/26,"2,800.00",1.50s,41.36%,-0.0051,0.0000,-0.0693,0.3116,+16.84%,Put,09/03/26
"1,734.90s",62.78%,0.9534,0.0001,-0.6741,1.7635,+38.27%,Call,09/03/26,"2,805.00",1.60s,41.53%,-0.0053,0.0000,-0.0732,0.3271,+17.02%,Put,09/03/26
"1,729.90s",62.56%,0.9534,0.0001,-0.6727,1.7661,+38.05%,Call,09/03/26,"2,810.00",1.60s,41.39%,-0.0054,0.0000,-0.0731,0.3281,+16.87%,Put,09/03/26
"1,724.90s",62.34%,0.9533,0.0001,-0.6713,1.7687,+37.83%,Call,09/03/26,"2,815.00",1.60s,41.25%,-0.0054,0.0000,-0.0730,0.3290,+16.73%,Put,09/03/26
"1,719.90s",62.12%,0.9532,0.0001,-0.6698,1.7713,+37.61%,Call,09/03/26,"2,820.00",1.60s,41.11%,-0.0054,0.0000,-0.0730,0.3300,+16.59%,Put,09/03/26
"1,714.90s",61.90%,0.9532,0.0001,-0.6684,1.7739,+37.38%,Call,09/03/26,"2,825.00",1.70s,41.26%,-0.0057,0.0000,-0.0768,0.3454,+16.75%,Put,09/03/26
"1,709.90s",61.68%,0.9531,0.0001,-0.6670,1.7765,+37.17%,Call,09/03/26,"2,830.00",1.70s,41.12%,-0.0057,0.0000,-0.0767,0.3464,+16.61%,Put,09/03/26
"1,704.90s",61.46%,0.9530,0.0001,-0.6655,1.7791,+36.95%,Call,09/03/26,"2,835.00",1.70s,40.98%,-0.0057,0.0000,-0.0766,0.3475,+16.47%,Put,09/03/26
"1,699.90s",61.24%,0.9530,0.0001,-0.6641,1.7817,+36.73%,Call,09/03/26,"2,840.00",1.70s,40.84%,-0.0057,0.0000,-0.0765,0.3485,+16.33%,Put,09/03/26
"1,694.90s",61.02%,0.9529,0.0001,-0.6627,1.7843,+36.51%,Call,09/03/26,"2,845.00",1.70s,40.70%,-0.0058,0.0000,-0.0765,0.3495,+16.19%,Put,09/03/26
"1,689.90s",60.80%,0.9528,0.0001,-0.6612,1.7869,+36.29%,Call,09/03/26,"2,850.00",1.80s,40.84%,-0.0060,0.0000,-0.0802,0.3649,+16.33%,Put,09/03/26
"1,684.90s",60.59%,0.9528,0.0001,-0.6598,1.7896,+36.07%,Call,09/03/26,"2,855.00",1.80s,40.70%,-0.0061,0.0000,-0.0801,0.3659,+16.19%,Put,09/03/26
"1,679.90s",60.37%,0.9527,0.0001,-0.6583,1.7922,+35.86%,Call,09/03/26,"2,860.00",1.80s,40.56%,-0.0061,0.0000,-0.0800,0.3670,+16.05%,Put,09/03/26
"1,674.90s",60.15%,0.9526,0.0001,-0.6569,1.7949,+35.64%,Call,09/03/26,"2,865.00",1.80s,40.42%,-0.0061,0.0000,-0.0800,0.3681,+15.91%,Put,09/03/26
"1,669.90s",59.93%,0.9525,0.0001,-0.6555,1.7975,+35.42%,Call,09/03/26,"2,870.00",1.80s,40.28%,-0.0061,0.0000,-0.0799,0.3692,+15.77%,Put,09/03/26
"1,664.90s",59.72%,0.9525,0.0001,-0.6540,1.8002,+35.21%,Call,09/03/26,"2,875.00",1.90s,40.41%,-0.0064,0.0000,-0.0835,0.3845,+15.90%,Put,09/03/26
"1,659.90s",59.50%,0.9524,0.0001,-0.6526,1.8028,+34.99%,Call,09/03/26,"2,880.00",1.90s,40.27%,-0.0064,0.0000,-0.0835,0.3857,+15.76%,Put,09/03/26
"1,654.90s",59.29%,0.9523,0.0001,-0.6511,1.8055,+34.77%,Call,09/03/26,"2,885.00",1.90s,40.13%,-0.0065,0.0000,-0.0834,0.3868,+15.62%,Put,09/03/26
"1,649.90s",59.07%,0.9523,0.0001,-0.6497,1.8082,+34.56%,Call,09/03/26,"2,890.00",1.90s,39.99%,-0.0065,0.0000,-0.0833,0.3879,+15.48%,Put,09/03/26
"1,644.90s",58.86%,0.9522,0.0001,-0.6482,1.8109,+34.34%,Call,09/03/26,"2,895.00",1.90s,39.85%,-0.0065,0.0000,-0.0832,0.3891,+15.34%,Put,09/03/26
"1,639.90s",58.64%,0.9521,0.0001,-0.6468,1.8135,+34.13%,Call,09/03/26,"2,900.00",1.90s,39.71%,-0.0065,0.0000,-0.0831,0.3902,+15.20%,Put,09/03/26
"1,634.90s",58.43%,0.9520,0.0001,-0.6454,1.8162,+33.92%,Call,09/03/26,"2,905.00",2.00s,39.82%,-0.0068,0.0000,-0.0867,0.4056,+15.31%,Put,09/03/26
"1,629.90s",58.22%,0.9520,0.0001,-0.6439,1.8189,+33.70%,Call,09/03/26,"2,910.00",2.00s,39.68%,-0.0068,0.0000,-0.0866,0.4068,+15.17%,Put,09/03/26
"1,624.90s",58.00%,0.9519,0.0001,-0.6425,1.8216,+33.49%,Call,09/03/26,"2,915.00",2.00s,39.55%,-0.0069,0.0000,-0.0866,0.4080,+15.03%,Put,09/03/26
"1,619.90s",57.79%,0.9518,0.0001,-0.6410,1.8244,+33.28%,Call,09/03/26,"2,920.00",2.10s,39.65%,-0.0071,0.0000,-0.0901,0.4233,+15.13%,Put,09/03/26
"1,614.90s",57.58%,0.9518,0.0001,-0.6396,1.8271,+33.06%,Call,09/03/26,"2,925.00",2.10s,39.51%,-0.0072,0.0000,-0.0900,0.4246,+14.99%,Put,09/03/26
"1,609.90s",57.37%,0.9517,0.0001,-0.6381,1.8298,+32.85%,Call,09/03/26,"2,930.00",2.10s,39.37%,-0.0072,0.0000,-0.0899,0.4259,+14.85%,Put,09/03/26
"1,604.90s",57.15%,0.9516,0.0001,-0.6367,1.8326,+32.64%,Call,09/03/26,"2,935.00",2.10s,39.23%,-0.0072,0.0000,-0.0898,0.4271,+14.72%,Put,09/03/26
"1,599.90s",56.94%,0.9515,0.0001,-0.6352,1.8353,+32.43%,Call,09/03/26,"2,940.00",2.20s,39.32%,-0.0075,0.0000,-0.0933,0.4424,+14.81%,Put,09/03/26
"1,594.90s",56.73%,0.9515,0.0001,-0.6338,1.8380,+32.22%,Call,09/03/26,"2,945.00",2.10s,38.95%,-0.0073,0.0000,-0.0896,0.4297,+14.44%,Put,09/03/26
"1,589.90s",56.52%,0.9514,0.0001,-0.6323,1.8408,+32.01%,Call,09/03/26,"2,950.00",2.20s,39.04%,-0.0076,0.0000,-0.0931,0.4451,+14.53%,Put,09/03/26
"1,584.90s",56.31%,0.9513,0.0001,-0.6309,1.8436,+31.80%,Call,09/03/26,"2,955.00",2.20s,38.90%,-0.0076,0.0000,-0.0930,0.4464,+14.39%,Put,09/03/26
"1,579.90s",56.10%,0.9512,0.0001,-0.6294,1.8463,+31.59%,Call,09/03/26,"2,960.00",2.30s,38.98%,-0.0079,0.0000,-0.0965,0.4616,+14.47%,Put,09/03/26
"1,574.90s",55.89%,0.9512,0.0001,-0.6280,1.8491,+31.38%,Call,09/03/26,"2,965.00",2.30s,38.84%,-0.0079,0.0000,-0.0964,0.4630,+14.33%,Put,09/03/26
"1,569.90s",55.68%,0.9511,0.0001,-0.6265,1.8519,+31.17%,Call,09/03/26,"2,970.00",2.30s,38.71%,-0.0079,0.0000,-0.0963,0.4644,+14.19%,Put,09/03/26
"1,564.90s",55.47%,0.9510,0.0001,-0.6251,1.8547,+30.96%,Call,09/03/26,"2,975.00",2.30s,38.57%,-0.0080,0.0000,-0.0962,0.4658,+14.05%,Put,09/03/26
"1,559.90s",55.26%,0.9509,0.0001,-0.6236,1.8575,+30.75%,Call,09/03/26,"2,980.00",2.40s,38.64%,-0.0083,0.0000,-0.0996,0.4810,+14.13%,Put,09/03/26
"1,554.90s",55.06%,0.9509,0.0001,-0.6222,1.8603,+30.54%,Call,09/03/26,"2,985.00",2.40s,38.50%,-0.0083,0.0000,-0.0995,0.4825,+13.99%,Put,09/03/26
"1,549.90s",54.85%,0.9508,0.0001,-0.6207,1.8631,+30.34%,Call,09/03/26,"2,990.00",2.40s,38.36%,-0.0083,0.0000,-0.0994,0.4840,+13.85%,Put,09/03/26
"1,544.90s",54.64%,0.9507,0.0001,-0.6193,1.8660,+30.13%,Call,09/03/26,"2,995.00",2.40s,38.22%,-0.0084,0.0000,-0.0993,0.4854,+13.71%,Put,09/03/26
"1,539.90s",54.43%,0.9506,0.0001,-0.6178,1.8688,+29.92%,Call,09/03/26,"3,000.00",2.60s,38.48%,-0.0089,0.0000,-0.1061,0.5142,+13.97%,Put,09/03/26
"1,534.90s",54.23%,0.9506,0.0001,-0.6164,1.8716,+29.72%,Call,09/03/26,"3,005.00",2.50s,38.15%,-0.0087,0.0000,-0.1025,0.5022,+13.64%,Put,09/03/26
"1,529.90s",54.02%,0.9505,0.0001,-0.6149,1.8745,+29.51%,Call,09/03/26,"3,010.00",2.50s,38.01%,-0.0087,0.0000,-0.1024,0.5037,+13.50%,Put,09/03/26
"1,524.90s",53.82%,0.9504,0.0001,-0.6135,1.8774,+29.30%,Call,09/03/26,"3,015.00",2.60s,38.07%,-0.0090,0.0000,-0.1057,0.5189,+13.55%,Put,09/03/26
"1,519.90s",53.61%,0.9503,0.0001,-0.6120,1.8802,+29.10%,Call,09/03/26,"3,020.00",2.60s,37.53%,-0.0092,0.0000,-0.1052,0.5245,+11.66%,Put,09/03/26
"1,514.90s",53.41%,0.9502,0.0001,-0.6105,1.8831,+28.89%,Call,09/03/26,"3,025.00",2.60s,37.79%,-0.0091,0.0000,-0.1055,0.5221,+13.28%,Put,09/03/26
"1,509.90s",53.20%,0.9502,0.0001,-0.6091,1.8860,+28.69%,Call,09/03/26,"3,030.00",2.60s,37.65%,-0.0091,0.0000,-0.1054,0.5237,+13.14%,Put,09/03/26
"1,504.90s",53.00%,0.9501,0.0001,-0.6076,1.8889,+28.48%,Call,09/03/26,"3,035.00",2.70s,37.70%,-0.0094,0.0000,-0.1086,0.5388,+13.19%,Put,09/03/26
"1,499.90s",52.79%,0.9500,0.0001,-0.6062,1.8918,+28.28%,Call,09/03/26,"3,040.00",2.70s,37.56%,-0.0094,0.0000,-0.1085,0.5405,+13.05%,Put,09/03/26
"1,494.90s",52.59%,0.9499,0.0001,-0.6047,1.8947,+28.07%,Call,09/03/26,"3,045.00",2.70s,37.42%,-0.0095,0.0000,-0.1084,0.5422,+12.91%,Put,09/03/26
"1,489.90s",52.38%,0.9499,0.0001,-0.6033,1.8976,+27.87%,Call,09/03/26,"3,050.00",2.80s,37.47%,-0.0098,0.0000,-0.1116,0.5573,+12.96%,Put,09/03/26
"1,484.90s",52.18%,0.9498,0.0001,-0.6018,1.9005,+27.67%,Call,09/03/26,"3,055.00",2.80s,37.33%,-0.0098,0.0000,-0.1115,0.5591,+12.82%,Put,09/03/26
"1,479.90s",51.98%,0.9497,0.0001,-0.6003,1.9035,+27.46%,Call,09/03/26,"3,060.00",2.80s,37.19%,-0.0098,0.0000,-0.1114,0.5608,+12.68%,Put,09/03/26
"1,474.90s",51.78%,0.9496,0.0001,-0.5989,1.9064,+27.26%,Call,09/03/26,"3,065.00",2.90s,37.23%,-0.0102,0.0000,-0.1145,0.5759,+12.72%,Put,09/03/26
"1,469.90s",51.57%,0.9495,0.0001,-0.5974,1.9094,+27.06%,Call,09/03/26,"3,070.00",2.90s,37.09%,-0.0102,0.0000,-0.1144,0.5777,+12.58%,Put,09/03/26
"1,464.90s",51.37%,0.9495,0.0001,-0.5960,1.9124,+26.86%,Call,09/03/26,"3,075.00",2.90s,36.95%,-0.0102,0.0000,-0.1143,0.5795,+12.44%,Put,09/03/26
"1,459.90s",51.17%,0.9494,0.0001,-0.5945,1.9153,+26.66%,Call,09/03/26,"3,080.00",2.90s,36.81%,-0.0103,0.0000,-0.1141,0.5813,+12.30%,Put,09/03/26
"1,454.90s",50.97%,0.9493,0.0001,-0.5930,1.9183,+26.46%,Call,09/03/26,"3,085.00",3.00s,36.85%,-0.0106,0.0000,-0.1173,0.5965,+12.33%,Put,09/03/26
"1,449.90s",50.77%,0.9492,0.0001,-0.5916,1.9213,+26.25%,Call,09/03/26,"3,090.00",3.00s,36.71%,-0.0106,0.0000,-0.1172,0.5984,+12.19%,Put,09/03/26
"1,444.90s",50.57%,0.9491,0.0001,-0.5901,1.9243,+26.05%,Call,09/03/26,"3,095.00",3.00s,36.57%,-0.0106,0.0000,-0.1170,0.6002,+12.06%,Put,09/03/26
"1,439.90s",50.37%,0.9490,0.0001,-0.5886,1.9273,+25.85%,Call,09/03/26,"3,100.00",3.10s,36.60%,-0.0110,0.0000,-0.1201,0.6154,+12.08%,Put,09/03/26
"1,434.90s",50.17%,0.9490,0.0001,-0.5872,1.9304,+25.65%,Call,09/03/26,"3,105.00",3.10s,36.46%,-0.0110,0.0000,-0.1200,0.6173,+11.95%,Put,09/03/26
"1,429.90s",49.97%,0.9489,0.0001,-0.5857,1.9334,+25.45%,Call,09/03/26,"3,110.00",3.10s,36.32%,-0.0110,0.0000,-0.1198,0.6193,+11.81%,Put,09/03/26
"1,424.90s",49.77%,0.9488,0.0001,-0.5843,1.9364,+25.25%,Call,09/03/26,"3,115.00",3.20s,36.34%,-0.0113,0.0000,-0.1229,0.6345,+11.83%,Put,09/03/26
"1,419.90s",49.57%,0.9487,0.0001,-0.5828,1.9395,+25.06%,Call,09/03/26,"3,120.00",3.20s,36.20%,-0.0114,0.0000,-0.1228,0.6365,+11.69%,Put,09/03/26
"1,415.00s",49.42%,0.9485,0.0001,-0.5835,1.9477,+24.91%,Call,09/03/26,"3,125.00",3.20s,36.07%,-0.0114,0.0000,-0.1226,0.6385,+11.55%,Put,09/03/26
"1,410.00s",49.22%,0.9484,0.0001,-0.5821,1.9508,+24.71%,Call,09/03/26,"3,130.00",3.30s,36.08%,-0.0117,0.0000,-0.1256,0.6537,+11.57%,Put,09/03/26
"1,405.00s",49.02%,0.9483,0.0001,-0.5806,1.9539,+24.51%,Call,09/03/26,"3,135.00",3.30s,35.94%,-0.0118,0.0000,-0.1255,0.6557,+11.43%,Put,09/03/26
"1,400.00s",48.83%,0.9482,0.0001,-0.5791,1.9570,+24.31%,Call,09/03/26,"3,140.00",3.30s,35.81%,-0.0118,0.0000,-0.1253,0.6578,+11.29%,Put,09/03/26
"1,395.00s",48.63%,0.9481,0.0001,-0.5777,1.9601,+24.12%,Call,09/03/26,"3,145.00",3.40s,35.82%,-0.0121,0.0000,-0.1283,0.6730,+11.31%,Put,09/03/26
"1,390.00s",48.43%,0.9481,0.0001,-0.5762,1.9633,+23.92%,Call,09/03/26,"3,150.00",3.40s,35.68%,-0.0122,0.0000,-0.1282,0.6752,+11.17%,Put,09/03/26
"1,385.00s",48.24%,0.9480,0.0001,-0.5747,1.9664,+23.72%,Call,09/03/26,"3,155.00",3.50s,35.69%,-0.0125,0.0000,-0.1311,0.6904,+11.18%,Put,09/03/26
"1,380.00s",48.04%,0.9479,0.0001,-0.5733,1.9696,+23.53%,Call,09/03/26,"3,160.00",3.50s,35.55%,-0.0126,0.0000,-0.1310,0.6926,+11.04%,Put,09/03/26
"1,375.10s",47.89%,0.9477,0.0001,-0.5740,1.9780,+23.38%,Call,09/03/26,"3,165.00",3.50s,35.41%,-0.0126,0.0000,-0.1308,0.6948,+10.90%,Put,09/03/26
"1,370.10s",47.70%,0.9476,0.0001,-0.5725,1.9812,+23.18%,Call,09/03/26,"3,170.00",3.60s,35.42%,-0.0129,0.0000,-0.1337,0.7100,+10.90%,Put,09/03/26
"1,365.10s",47.50%,0.9475,0.0001,-0.5710,1.9844,+22.99%,Call,09/03/26,"3,175.00",3.60s,35.28%,-0.0130,0.0000,-0.1336,0.7123,+10.77%,Put,09/03/26
"1,360.10s",47.31%,0.9474,0.0001,-0.5696,1.9877,+22.79%,Call,09/03/26,"3,180.00",3.60s,35.14%,-0.0130,0.0000,-0.1334,0.7145,+10.63%,Put,09/03/26
"1,355.10s",47.11%,0.9473,0.0001,-0.5681,1.9909,+22.60%,Call,09/03/26,"3,185.00",3.70s,35.14%,-0.0133,0.0000,-0.1363,0.7298,+10.63%,Put,09/03/26
"1,350.10s",46.92%,0.9472,0.0001,-0.5666,1.9942,+22.40%,Call,09/03/26,"3,190.00",3.70s,35.00%,-0.0134,0.0000,-0.1361,0.7321,+10.49%,Put,09/03/26
"1,345.20s",46.77%,0.9470,0.0001,-0.5674,2.0028,+22.26%,Call,09/03/26,"3,195.00",3.80s,35.00%,-0.0137,0.0000,-0.1390,0.7474,+10.49%,Put,09/03/26
"1,340.20s",46.58%,0.9469,0.0001,-0.5659,2.0061,+22.07%,Call,09/03/26,"3,200.00",3.80s,34.86%,-0.0138,0.0000,-0.1388,0.7498,+10.35%,Put,09/03/26
"1,335.20s",46.38%,0.9468,0.0001,-0.5644,2.0094,+21.87%,Call,09/03/26,"3,205.00",3.80s,34.73%,-0.0138,0.0000,-0.1386,0.7522,+10.21%,Put,09/03/26
"1,330.20s",54.66%,0.9184,0.0001,-0.9909,2.9427,+28.78%,Call,09/03/26,"3,210.00",3.90s,34.72%,-0.0141,0.0000,-0.1415,0.7675,+10.21%,Put,09/03/26
"1,325.20s",46.00%,0.9466,0.0001,-0.5614,2.0160,+21.48%,Call,09/03/26,"3,215.00",3.90s,34.58%,-0.0142,0.0000,-0.1413,0.7699,+10.07%,Put,09/03/26
"1,320.30s",45.85%,0.9464,0.0001,-0.5622,2.0248,+21.34%,Call,09/03/26,"3,220.00",4.00s,34.57%,-0.0145,0.0000,-0.1441,0.7852,+10.06%,Put,09/03/26
"1,315.30s",45.66%,0.9463,0.0001,-0.5607,2.0282,+21.15%,Call,09/03/26,"3,225.00",4.00s,34.43%,-0.0146,0.0001,-0.1439,0.7878,+9.92%,Put,09/03/26
"1,310.30s",45.47%,0.9462,0.0001,-0.5592,2.0316,+20.96%,Call,09/03/26,"3,230.00",4.00s,34.30%,-0.0146,0.0001,-0.1437,0.7903,+9.78%,Put,09/03/26
"1,305.30s",45.28%,0.9461,0.0001,-0.5577,2.0350,+20.76%,Call,09/03/26,"3,235.00",4.10s,34.28%,-0.0150,0.0001,-0.1465,0.8057,+9.77%,Put,09/03/26
"1,300.40s",45.13%,0.9458,0.0001,-0.5584,2.0439,+20.62%,Call,09/03/26,"3,240.00",4.10s,34.15%,-0.0150,0.0001,-0.1463,0.8083,+9.63%,Put,09/03/26
"1,295.40s",44.94%,0.9457,0.0001,-0.5569,2.0474,+20.43%,Call,09/03/26,"3,245.00",4.20s,34.13%,-0.0153,0.0001,-0.1490,0.8236,+9.62%,Put,09/03/26
"1,290.40s",44.75%,0.9456,0.0001,-0.5555,2.0508,+20.24%,Call,09/03/26,"3,250.00",4.20s,33.99%,-0.0154,0.0001,-0.1488,0.8263,+9.48%,Put,09/03/26
"1,285.40s",44.56%,0.9455,0.0001,-0.5540,2.0543,+20.05%,Call,09/03/26,"3,255.00",4.30s,33.98%,-0.0157,0.0001,-0.1515,0.8416,+9.46%,Put,09/03/26
"1,280.50s",44.42%,0.9453,0.0001,-0.5547,2.0634,+19.90%,Call,09/03/26,"3,260.00",4.30s,33.84%,-0.0158,0.0001,-0.1513,0.8444,+9.32%,Put,09/03/26
"1,275.50s",44.23%,0.9452,0.0001,-0.5532,2.0669,+19.71%,Call,09/03/26,"3,265.00",4.40s,33.82%,-0.0161,0.0001,-0.1540,0.8597,+9.30%,Put,09/03/26
"1,270.50s",44.04%,0.9451,0.0001,-0.5517,2.0704,+19.52%,Call,09/03/26,"3,270.00",4.40s,33.68%,-0.0162,0.0001,-0.1538,0.8626,+9.17%,Put,09/03/26
"1,265.60s",43.89%,0.9448,0.0001,-0.5524,2.0796,+19.38%,Call,09/03/26,"3,275.00",4.50s,33.66%,-0.0165,0.0001,-0.1564,0.8779,+9.14%,Put,09/03/26
"1,260.60s",43.70%,0.9447,0.0001,-0.5509,2.0832,+19.19%,Call,09/03/26,"3,280.00",4.50s,33.52%,-0.0166,0.0001,-0.1562,0.8808,+9.00%,Put,09/03/26
"1,255.60s",43.51%,0.9446,0.0001,-0.5494,2.0868,+19.00%,Call,09/03/26,"3,285.00",4.60s,33.49%,-0.0169,0.0001,-0.1588,0.8962,+8.98%,Put,09/03/26
"1,250.70s",43.37%,0.9444,0.0001,-0.5501,2.0961,+18.86%,Call,09/03/26,"3,290.00",4.60s,33.35%,-0.0170,0.0001,-0.1586,0.8992,+8.84%,Put,09/03/26
"1,245.70s",43.18%,0.9443,0.0001,-0.5486,2.0998,+18.67%,Call,09/03/26,"3,295.00",4.70s,33.33%,-0.0173,0.0001,-0.1612,0.9146,+8.81%,Put,09/03/26
"1,240.70s",42.99%,0.9442,0.0001,-0.5471,2.1034,+18.48%,Call,09/03/26,"3,300.00",4.50s,32.97%,-0.0169,0.0001,-0.1553,0.8926,+8.45%,Put,09/03/26
"1,235.80s",42.85%,0.9439,0.0001,-0.5477,2.1128,+18.34%,Call,09/03/26,"3,305.00",4.80s,33.16%,-0.0178,0.0001,-0.1636,0.9330,+8.65%,Put,09/03/26
"1,230.80s",42.66%,0.9438,0.0001,-0.5463,2.1166,+18.15%,Call,09/03/26,"3,310.00",4.80s,33.02%,-0.0178,0.0001,-0.1633,0.9361,+8.51%,Put,09/03/26
"1,225.90s",42.52%,0.9435,0.0001,-0.5469,2.1260,+18.01%,Call,09/03/26,"3,315.00",4.90s,32.99%,-0.0182,0.0001,-0.1659,0.9516,+8.47%,Put,09/03/26
"1,220.90s",42.34%,0.9434,0.0001,-0.5454,2.1298,+17.82%,Call,09/03/26,"3,320.00",4.90s,32.85%,-0.0182,0.0001,-0.1656,0.9547,+8.34%,Put,09/03/26
"1,216.00s",42.19%,0.9432,0.0001,-0.5461,2.1394,+17.68%,Call,09/03/26,"3,325.00",5.00s,32.81%,-0.0186,0.0001,-0.1682,0.9702,+8.30%,Put,09/03/26
"1,211.00s",42.01%,0.9431,0.0001,-0.5446,2.1432,+17.49%,Call,09/03/26,"3,330.00",5.00s,32.68%,-0.0187,0.0001,-0.1679,0.9735,+8.16%,Put,09/03/26
"1,206.00s",41.82%,0.9429,0.0001,-0.5431,2.1471,+17.31%,Call,09/03/26,"3,335.00",5.10s,32.64%,-0.0190,0.0001,-0.1704,0.9890,+8.13%,Put,09/03/26
"1,201.10s",41.68%,0.9427,0.0001,-0.5437,2.1567,+17.17%,Call,09/03/26,"3,340.00",5.10s,32.50%,-0.0191,0.0001,-0.1701,0.9923,+7.99%,Put,09/03/26
"1,196.10s",41.49%,0.9426,0.0001,-0.5422,2.1606,+16.98%,Call,09/03/26,"3,345.00",5.20s,32.46%,-0.0194,0.0001,-0.1726,1.0078,+7.95%,Put,09/03/26
"1,191.20s",41.35%,0.9423,0.0001,-0.5428,2.1704,+16.84%,Call,09/03/26,"3,350.00",5.30s,32.42%,-0.0198,0.0001,-0.1751,1.0234,+7.91%,Put,09/03/26
"1,186.20s",41.17%,0.9422,0.0001,-0.5413,2.1744,+16.65%,Call,09/03/26,"3,355.00",5.30s,32.29%,-0.0199,0.0001,-0.1748,1.0268,+7.77%,Put,09/03/26
"1,181.30s",41.03%,0.9419,0.0001,-0.5419,2.1842,+16.51%,Call,09/03/26,"3,360.00",5.40s,32.24%,-0.0202,0.0001,-0.1772,1.0424,+7.73%,Put,09/03/26
"1,176.30s",40.84%,0.9418,0.0001,-0.5404,2.1882,+16.33%,Call,09/03/26,"3,365.00",5.40s,32.10%,-0.0203,0.0001,-0.1770,1.0459,+7.59%,Put,09/03/26
"1,171.40s",40.70%,0.9415,0.0001,-0.5411,2.1981,+16.19%,Call,09/03/26,"3,370.00",5.50s,32.06%,-0.0207,0.0001,-0.1794,1.0615,+7.55%,Put,09/03/26
"1,166.40s",40.51%,0.9414,0.0001,-0.5396,2.2022,+16.00%,Call,09/03/26,"3,375.00",5.60s,32.02%,-0.0210,0.0001,-0.1817,1.0771,+7.50%,Put,09/03/26
"1,161.50s",40.38%,0.9411,0.0001,-0.5402,2.2122,+15.86%,Call,09/03/26,"3,380.00",5.60s,31.88%,-0.0211,0.0001,-0.1815,1.0808,+7.36%,Put,09/03/26
"1,156.50s",40.19%,0.9410,0.0001,-0.5386,2.2164,+15.68%,Call,09/03/26,"3,385.00",5.70s,31.83%,-0.0215,0.0001,-0.1838,1.0964,+7.32%,Put,09/03/26
"1,151.60s",40.05%,0.9407,0.0001,-0.5392,2.2265,+15.54%,Call,09/03/26,"3,390.00",5.80s,31.78%,-0.0218,0.0001,-0.1861,1.1120,+7.27%,Put,09/03/26
"1,146.70s",39.91%,0.9404,0.0001,-0.5398,2.2366,+15.40%,Call,09/03/26,"3,395.00",5.80s,31.64%,-0.0219,0.0001,-0.1858,1.1159,+7.13%,Put,09/03/26
"1,141.70s",39.73%,0.9403,0.0001,-0.5383,2.2409,+15.21%,Call,09/03/26,"3,400.00",5.90s,31.59%,-0.0223,0.0001,-0.1882,1.1315,+7.08%,Put,09/03/26
"1,136.80s",39.59%,0.9400,0.0001,-0.5389,2.2511,+15.07%,Call,09/03/26,"3,405.00",6.00s,31.54%,-0.0227,0.0001,-0.1905,1.1472,+7.03%,Put,09/03/26
"1,131.80s",39.40%,0.9398,0.0001,-0.5374,2.2554,+14.89%,Call,09/03/26,"3,410.00",6.00s,31.40%,-0.0228,0.0001,-0.1901,1.1512,+6.89%,Put,09/03/26
"1,126.90s",39.26%,0.9396,0.0001,-0.5380,2.2657,+14.75%,Call,09/03/26,"3,415.00",6.10s,31.35%,-0.0231,0.0001,-0.1924,1.1669,+6.84%,Put,09/03/26
"1,122.00s",39.12%,0.9393,0.0001,-0.5385,2.2761,+14.61%,Call,09/03/26,"3,420.00",6.20s,31.30%,-0.0235,0.0001,-0.1947,1.1826,+6.78%,Put,09/03/26
"1,117.00s",38.94%,0.9391,0.0001,-0.5370,2.2805,+14.43%,Call,09/03/26,"3,425.00",6.30s,31.24%,-0.0239,0.0001,-0.1969,1.1984,+6.73%,Put,09/03/26
"1,112.10s",38.80%,0.9388,0.0001,-0.5376,2.2910,+14.29%,Call,09/03/26,"3,430.00",6.30s,31.10%,-0.0240,0.0001,-0.1966,1.2025,+6.59%,Put,09/03/26
"1,107.20s",38.66%,0.9385,0.0001,-0.5381,2.3015,+14.15%,Call,09/03/26,"3,435.00",6.40s,31.04%,-0.0243,0.0001,-0.1988,1.2183,+6.53%,Put,09/03/26
"1,102.30s",38.52%,0.9382,0.0001,-0.5387,2.3120,+14.01%,Call,09/03/26,"3,440.00",6.50s,30.99%,-0.0247,0.0001,-0.2010,1.2341,+6.47%,Put,09/03/26
"1,097.30s",38.34%,0.9381,0.0001,-0.5371,2.3166,+13.83%,Call,09/03/26,"3,445.00",6.60s,30.93%,-0.0251,0.0001,-0.2031,1.2499,+6.41%,Put,09/03/26
"1,092.40s",38.20%,0.9378,0.0001,-0.5377,2.3273,+13.69%,Call,09/03/26,"3,450.00",6.70s,30.87%,-0.0255,0.0001,-0.2053,1.2657,+6.35%,Put,09/03/26
"1,087.50s",38.06%,0.9375,0.0001,-0.5382,2.3380,+13.55%,Call,09/03/26,"3,455.00",6.70s,30.73%,-0.0256,0.0001,-0.2049,1.2702,+6.21%,Put,09/03/26
"1,082.60s",37.92%,0.9371,0.0001,-0.5388,2.3487,+13.41%,Call,09/03/26,"3,460.00",6.80s,30.67%,-0.0260,0.0001,-0.2070,1.2861,+6.15%,Put,09/03/26
"1,077.60s",37.74%,0.9370,0.0001,-0.5372,2.3535,+13.23%,Call,09/03/26,"3,465.00",6.90s,30.60%,-0.0263,0.0001,-0.2091,1.3020,+6.09%,Put,09/03/26
"1,072.70s",37.60%,0.9367,0.0001,-0.5377,2.3643,+13.09%,Call,09/03/26,"3,470.00",7.00s,30.54%,-0.0267,0.0001,-0.2112,1.3179,+6.03%,Put,09/03/26
"1,067.80s",37.46%,0.9364,0.0001,-0.5382,2.3752,+12.95%,Call,09/03/26,"3,475.00",7.10s,30.47%,-0.0271,0.0001,-0.2133,1.3338,+5.96%,Put,09/03/26
"1,062.90s",37.32%,0.9360,0.0001,-0.5387,2.3862,+12.81%,Call,09/03/26,"3,480.00",7.20s,30.41%,-0.0275,0.0001,-0.2154,1.3497,+5.90%,Put,09/03/26
"1,058.00s",37.18%,0.9357,0.0001,-0.5392,2.3972,+12.67%,Call,09/03/26,"3,485.00",7.20s,30.27%,-0.0276,0.0001,-0.2150,1.3545,+5.76%,Put,09/03/26
"1,053.10s",37.04%,0.9354,0.0001,-0.5397,2.4082,+12.53%,Call,09/03/26,"3,490.00",7.30s,30.20%,-0.0280,0.0001,-0.2170,1.3705,+5.69%,Put,09/03/26
"1,048.10s",36.86%,0.9352,0.0001,-0.5382,2.4133,+12.35%,Call,09/03/26,"3,495.00",7.40s,30.13%,-0.0284,0.0001,-0.2190,1.3866,+5.62%,Put,09/03/26
"1,043.20s",36.72%,0.9349,0.0001,-0.5387,2.4244,+12.21%,Call,09/03/26,"3,500.00",7.50s,30.07%,-0.0288,0.0001,-0.2210,1.4026,+5.55%,Put,09/03/26
"1,038.30s",36.58%,0.9346,0.0001,-0.5391,2.4356,+12.07%,Call,09/03/26,"3,505.00",7.60s,30.00%,-0.0292,0.0001,-0.2230,1.4187,+5.48%,Put,09/03/26
"1,033.40s",36.44%,0.9342,0.0001,-0.5396,2.4469,+11.93%,Call,09/03/26,"3,510.00",7.70s,29.92%,-0.0296,0.0001,-0.2249,1.4348,+5.41%,Put,09/03/26
"1,028.50s",36.30%,0.9339,0.0001,-0.5401,2.4582,+11.79%,Call,09/03/26,"3,515.00",7.80s,29.85%,-0.0300,0.0001,-0.2269,1.4509,+5.34%,Put,09/03/26
"1,023.60s",36.17%,0.9336,0.0001,-0.5405,2.4696,+11.65%,Call,09/03/26,"3,520.00",7.90s,29.78%,-0.0304,0.0001,-0.2288,1.4670,+5.27%,Put,09/03/26
"1,018.70s",36.03%,0.9332,0.0002,-0.5410,2.4810,+11.51%,Call,09/03/26,"3,525.00",8.00s,29.71%,-0.0308,0.0001,-0.2307,1.4832,+5.19%,Put,09/03/26
"1,013.80s",35.89%,0.9329,0.0002,-0.5414,2.4925,+11.37%,Call,09/03/26,"3,530.00",8.10s,29.63%,-0.0312,0.0001,-0.2326,1.4994,+5.12%,Put,09/03/26
"1,008.90s",35.75%,0.9325,0.0002,-0.5419,2.5041,+11.23%,Call,09/03/26,"3,535.00",8.20s,29.56%,-0.0316,0.0001,-0.2345,1.5156,+5.05%,Put,09/03/26
"1,004.00s",35.61%,0.9322,0.0002,-0.5423,2.5157,+11.09%,Call,09/03/26,"3,540.00",8.30s,29.48%,-0.0320,0.0001,-0.2363,1.5319,+4.97%,Put,09/03/26
999.10s,35.47%,0.9318,0.0002,-0.5427,2.5273,+10.95%,Call,09/03/26,"3,545.00",8.40s,29.41%,-0.0325,0.0001,-0.2382,1.5482,+4.89%,Put,09/03/26
994.30s,35.37%,0.9313,0.0002,-0.5451,2.5451,+10.85%,Call,09/03/26,"3,550.00",8.60s,29.39%,-0.0331,0.0001,-0.2422,1.5751,+4.88%,Put,09/03/26
989.40s,35.23%,0.9309,0.0002,-0.5455,2.5569,+10.71%,Call,09/03/26,"3,555.00",8.70s,29.31%,-0.0336,0.0001,-0.2440,1.5914,+4.80%,Put,09/03/26
984.50s,35.09%,0.9306,0.0002,-0.5459,2.5688,+10.57%,Call,09/03/26,"3,560.00",8.80s,29.23%,-0.0340,0.0001,-0.2458,1.6078,+4.72%,Put,09/03/26
979.60s,34.95%,0.9302,0.0002,-0.5463,2.5807,+10.43%,Call,09/03/26,"3,565.00",8.90s,29.15%,-0.0344,0.0001,-0.2476,1.6241,+4.64%,Put,09/03/26
974.70s,34.81%,0.9298,0.0002,-0.5467,2.5927,+10.29%,Call,09/03/26,"3,570.00",9.00s,29.07%,-0.0348,0.0001,-0.2493,1.6406,+4.56%,Put,09/03/26
969.80s,34.67%,0.9295,0.0002,-0.5470,2.6047,+10.15%,Call,09/03/26,"3,575.00",9.10s,28.99%,-0.0353,0.0001,-0.2510,1.6570,+4.48%,Put,09/03/26
965.00s,34.56%,0.9289,0.0002,-0.5494,2.6228,+10.05%,Call,09/03/26,"3,580.00",9.30s,28.97%,-0.0360,0.0001,-0.2549,1.6839,+4.45%,Put,09/03/26
960.10s,34.42%,0.9286,0.0002,-0.5497,2.6350,+9.91%,Call,09/03/26,"3,585.00",9.40s,28.88%,-0.0364,0.0001,-0.2566,1.7004,+4.37%,Put,09/03/26
955.20s,34.28%,0.9282,0.0002,-0.5501,2.6472,+9.77%,Call,09/03/26,"3,590.00",9.50s,28.80%,-0.0368,0.0001,-0.2583,1.7169,+4.29%,Put,09/03/26
950.30s,34.14%,0.9278,0.0002,-0.5504,2.6595,+9.63%,Call,09/03/26,"3,595.00",9.70s,28.77%,-0.0375,0.0001,-0.2621,1.7437,+4.26%,Put,09/03/26
945.50s,34.04%,0.9272,0.0002,-0.5527,2.6779,+9.53%,Call,09/03/26,"3,600.00",9.80s,28.68%,-0.0380,0.0001,-0.2637,1.7603,+4.17%,Put,09/03/26
940.60s,33.90%,0.9268,0.0002,-0.5530,2.6904,+9.39%,Call,09/03/26,"3,605.00",9.90s,28.60%,-0.0384,0.0001,-0.2653,1.7769,+4.08%,Put,09/03/26
935.80s,33.79%,0.9263,0.0002,-0.5552,2.7089,+9.28%,Call,09/03/26,"3,610.00",10.10s,28.57%,-0.0391,0.0001,-0.2690,1.8037,+4.05%,Put,09/03/26
930.90s,33.65%,0.9259,0.0002,-0.5555,2.7215,+9.14%,Call,09/03/26,"3,615.00",10.20s,28.48%,-0.0396,0.0001,-0.2706,1.8204,+3.96%,Put,09/03/26
926.00s,33.51%,0.9255,0.0002,-0.5558,2.7341,+9.00%,Call,09/03/26,"3,620.00",10.30s,28.39%,-0.0400,0.0001,-0.2721,1.8372,+3.87%,Put,09/03/26
921.20s,33.41%,0.9249,0.0002,-0.5580,2.7528,+8.89%,Call,09/03/26,"3,625.00",10.50s,28.35%,-0.0407,0.0001,-0.2757,1.8638,+3.84%,Put,09/03/26
916.30s,33.27%,0.9245,0.0002,-0.5583,2.7656,+8.75%,Call,09/03/26,"3,630.00",10.60s,28.26%,-0.0412,0.0001,-0.2772,1.8807,+3.75%,Put,09/03/26
911.50s,33.16%,0.9239,0.0002,-0.5605,2.7844,+8.65%,Call,09/03/26,"3,635.00",10.80s,28.22%,-0.0419,0.0001,-0.2808,1.9074,+3.71%,Put,09/03/26
906.70s,33.05%,0.9233,0.0002,-0.5626,2.8033,+8.54%,Call,09/03/26,"3,640.00",10.90s,28.13%,-0.0424,0.0002,-0.2823,1.9243,+3.62%,Put,09/03/26
901.80s,32.91%,0.9229,0.0002,-0.5628,2.8163,+8.40%,Call,09/03/26,"3,645.00",11.10s,28.09%,-0.0431,0.0002,-0.2857,1.9509,+3.57%,Put,09/03/26
897.00s,32.81%,0.9223,0.0002,-0.5650,2.8354,+8.29%,Call,09/03/26,"3,650.00",11.20s,27.99%,-0.0436,0.0002,-0.2872,1.9680,+3.48%,Put,09/03/26
892.10s,32.66%,0.9219,0.0002,-0.5652,2.8485,+8.15%,Call,09/03/26,"3,655.00",11.40s,27.95%,-0.0443,0.0002,-0.2906,1.9946,+3.44%,Put,09/03/26
887.30s,32.56%,0.9213,0.0002,-0.5673,2.8677,+8.04%,Call,09/03/26,"3,660.00",11.60s,27.90%,-0.0450,0.0002,-0.2940,2.0212,+3.39%,Put,09/03/26
882.50s,32.45%,0.9207,0.0002,-0.5693,2.8869,+7.93%,Call,09/03/26,"3,665.00",11.70s,27.81%,-0.0455,0.0002,-0.2953,2.0384,+3.29%,Put,09/03/26
877.70s,32.34%,0.9200,0.0002,-0.5714,2.9062,+7.83%,Call,09/03/26,"3,670.00",11.90s,27.76%,-0.0462,0.0002,-0.2986,2.0650,+3.24%,Put,09/03/26
872.80s,32.20%,0.9196,0.0002,-0.5715,2.9196,+7.68%,Call,09/03/26,"3,675.00",12.10s,27.71%,-0.0470,0.0002,-0.3019,2.0915,+3.19%,Put,09/03/26
868.00s,32.09%,0.9190,0.0002,-0.5735,2.9391,+7.57%,Call,09/03/26,"3,680.00",12.30s,27.66%,-0.0477,0.0002,-0.3052,2.1181,+3.14%,Put,09/03/26
863.20s,31.98%,0.9184,0.0002,-0.5755,2.9586,+7.46%,Call,09/03/26,"3,685.00",12.40s,27.56%,-0.0482,0.0002,-0.3064,2.1354,+3.04%,Put,09/03/26
858.40s,31.87%,0.9177,0.0002,-0.5775,2.9781,+7.36%,Call,09/03/26,"3,690.00",12.60s,27.50%,-0.0490,0.0002,-0.3096,2.1620,+2.99%,Put,09/03/26
853.60s,31.76%,0.9171,0.0002,-0.5795,2.9978,+7.24%,Call,09/03/26,"3,695.00",12.80s,27.45%,-0.0497,0.0002,-0.3128,2.1886,+2.93%,Put,09/03/26
848.80s,31.65%,0.9164,0.0002,-0.5814,3.0175,+7.13%,Call,09/03/26,"3,700.00",13.90s,27.79%,-0.0528,0.0002,-0.3330,2.2944,+3.28%,Put,09/03/26
844.00s,31.54%,0.9158,0.0002,-0.5833,3.0372,+7.02%,Call,09/03/26,"3,705.00",13.40s,27.42%,-0.0518,0.0002,-0.3228,2.2595,+2.91%,Put,09/03/26
839.20s,31.42%,0.9151,0.0002,-0.5852,3.0570,+6.91%,Call,09/03/26,"3,710.00",13.40s,27.27%,-0.0520,0.0002,-0.3220,2.2682,+2.76%,Put,09/03/26
834.40s,31.31%,0.9145,0.0002,-0.5871,3.0769,+6.80%,Call,09/03/26,"3,715.00",13.60s,27.21%,-0.0528,0.0002,-0.3250,2.2947,+2.70%,Put,09/03/26
829.70s,31.23%,0.9136,0.0002,-0.5907,3.1027,+6.72%,Call,09/03/26,"3,720.00",13.80s,27.15%,-0.0536,0.0002,-0.3279,2.3213,+2.64%,Put,09/03/26
824.90s,31.12%,0.9130,0.0002,-0.5926,3.1227,+6.61%,Call,09/03/26,"3,725.00",14.10s,27.13%,-0.0546,0.0002,-0.3327,2.3565,+2.62%,Put,09/03/26
820.10s,31.01%,0.9123,0.0002,-0.5944,3.1428,+6.49%,Call,09/03/26,"3,730.00",13.90s,26.90%,-0.0543,0.0002,-0.3282,2.3482,+2.38%,Put,09/03/26
815.30s,30.89%,0.9116,0.0002,-0.5962,3.1630,+6.38%,Call,09/03/26,"3,735.00",14.50s,27.00%,-0.0561,0.0002,-0.3384,2.4094,+2.49%,Put,09/03/26
810.60s,30.81%,0.9108,0.0002,-0.5997,3.1889,+6.30%,Call,09/03/26,"3,740.00",14.70s,26.93%,-0.0569,0.0002,-0.3412,2.4359,+2.42%,Put,09/03/26
805.80s,30.69%,0.9101,0.0002,-0.6014,3.2092,+6.18%,Call,09/03/26,"3,745.00",15.00s,26.91%,-0.0580,0.0002,-0.3458,2.4708,+2.39%,Put,09/03/26
801.10s,30.61%,0.9092,0.0002,-0.6049,3.2352,+6.10%,Call,09/03/26,"3,750.00",15.20s,26.84%,-0.0588,0.0002,-0.3485,2.4973,+2.32%,Put,09/03/26
796.30s,30.49%,0.9085,0.0002,-0.6066,3.2557,+5.98%,Call,09/03/26,"3,755.00",15.40s,26.77%,-0.0596,0.0002,-0.3512,2.5238,+2.25%,Put,09/03/26
791.60s,30.41%,0.9076,0.0002,-0.6100,3.2818,+5.89%,Call,09/03/26,"3,760.00",15.70s,26.73%,-0.0606,0.0002,-0.3557,2.5586,+2.22%,Put,09/03/26
786.80s,30.29%,0.9069,0.0002,-0.6117,3.3024,+5.78%,Call,09/03/26,"3,765.00",15.90s,26.66%,-0.0614,0.0002,-0.3583,2.5850,+2.15%,Put,09/03/26
782.10s,30.20%,0.9060,0.0002,-0.6150,3.3286,+5.69%,Call,09/03/26,"3,770.00",16.20s,26.62%,-0.0625,0.0002,-0.3626,2.6197,+2.11%,Put,09/03/26
777.40s,30.12%,0.9051,0.0002,-0.6183,3.3548,+5.60%,Call,09/03/26,"3,775.00",16.50s,26.59%,-0.0635,0.0002,-0.3669,2.6542,+2.07%,Put,09/03/26
772.70s,30.03%,0.9042,0.0002,-0.6216,3.3811,+5.51%,Call,09/03/26,"3,780.00",16.70s,26.51%,-0.0644,0.0002,-0.3693,2.6806,+2.00%,Put,09/03/26
767.90s,29.91%,0.9035,0.0002,-0.6231,3.4020,+5.39%,Call,09/03/26,"3,785.00",17.00s,26.47%,-0.0654,0.0002,-0.3735,2.7151,+1.95%,Put,09/03/26
763.20s,29.82%,0.9026,0.0003,-0.6264,3.4283,+5.30%,Call,09/03/26,"3,790.00",17.30s,26.42%,-0.0665,0.0002,-0.3776,2.7494,+1.91%,Put,09/03/26
758.50s,29.73%,0.9016,0.0003,-0.6295,3.4548,+5.21%,Call,09/03/26,"3,795.00",17.60s,26.38%,-0.0676,0.0002,-0.3817,2.7836,+1.87%,Put,09/03/26
753.80s,29.63%,0.9007,0.0003,-0.6327,3.4812,+5.12%,Call,09/03/26,"3,800.00",18.10s,26.40%,-0.0691,0.0002,-0.3890,2.8330,+1.89%,Put,09/03/26
749.20s,29.57%,0.8996,0.0003,-0.6375,3.5131,+5.06%,Call,09/03/26,"3,805.00",18.20s,26.29%,-0.0697,0.0002,-0.3896,2.8519,+1.77%,Put,09/03/26
744.50s,29.48%,0.8987,0.0003,-0.6405,3.5396,+4.96%,Call,09/03/26,"3,810.00",18.50s,26.24%,-0.0708,0.0002,-0.3935,2.8859,+1.72%,Put,09/03/26
739.80s,29.38%,0.8977,0.0003,-0.6436,3.5662,+4.87%,Call,09/03/26,"3,815.00",18.80s,26.18%,-0.0719,0.0002,-0.3973,2.9199,+1.67%,Put,09/03/26
735.10s,29.29%,0.8968,0.0003,-0.6466,3.5928,+4.77%,Call,09/03/26,"3,820.00",19.10s,26.13%,-0.0730,0.0002,-0.4010,2.9538,+1.62%,Put,09/03/26
730.50s,29.22%,0.8956,0.0003,-0.6512,3.6247,+4.71%,Call,09/03/26,"3,825.00",19.40s,26.08%,-0.0741,0.0003,-0.4048,2.9877,+1.56%,Put,09/03/26
725.80s,29.12%,0.8946,0.0003,-0.6541,3.6514,+4.61%,Call,09/03/26,"3,830.00",19.70s,26.02%,-0.0752,0.0003,-0.4084,3.0216,+1.51%,Put,09/03/26
721.10s,29.02%,0.8937,0.0003,-0.6570,3.6781,+4.51%,Call,09/03/26,"3,835.00",20.10s,26.00%,-0.0765,0.0003,-0.4136,3.0625,+1.48%,Put,09/03/26
716.50s,28.95%,0.8925,0.0003,-0.6615,3.7101,+4.44%,Call,09/03/26,"3,840.00",20.40s,25.94%,-0.0776,0.0003,-0.4171,3.0962,+1.43%,Put,09/03/26
711.90s,28.88%,0.8913,0.0003,-0.6659,3.7419,+4.37%,Call,09/03/26,"3,845.00",21.60s,26.16%,-0.0808,0.0003,-0.4347,3.1919,+1.65%,Put,09/03/26
707.20s,28.78%,0.8904,0.0003,-0.6686,3.7688,+4.27%,Call,09/03/26,"3,850.00",21.10s,25.85%,-0.0801,0.0003,-0.4256,3.1704,+1.34%,Put,09/03/26
702.60s,28.71%,0.8892,0.0003,-0.6730,3.8007,+4.19%,Call,09/03/26,"3,855.00",21.50s,25.82%,-0.0815,0.0003,-0.4305,3.2109,+1.30%,Put,09/03/26
698.00s,28.63%,0.8880,0.0003,-0.6772,3.8326,+4.12%,Call,09/03/26,"3,860.00",21.90s,25.78%,-0.0828,0.0003,-0.4354,3.2511,+1.27%,Put,09/03/26
693.40s,28.55%,0.8868,0.0003,-0.6814,3.8645,+4.04%,Call,09/03/26,"3,865.00",22.20s,25.71%,-0.0840,0.0003,-0.4386,3.2845,+1.20%,Put,09/03/26
688.80s,28.48%,0.8856,0.0003,-0.6856,3.8964,+3.96%,Call,09/03/26,"3,870.00",22.60s,25.68%,-0.0853,0.0003,-0.4433,3.3245,+1.16%,Put,09/03/26
684.20s,28.40%,0.8844,0.0003,-0.6897,3.9283,+3.88%,Call,09/03/26,"3,875.00",23.00s,25.64%,-0.0867,0.0003,-0.4479,3.3644,+1.12%,Put,09/03/26
679.60s,28.32%,0.8832,0.0003,-0.6938,3.9603,+3.80%,Call,09/03/26,"3,880.00",23.40s,25.60%,-0.0881,0.0003,-0.4525,3.4042,+1.08%,Put,09/03/26
675.00s,28.24%,0.8820,0.0003,-0.6978,3.9922,+3.72%,Call,09/03/26,"3,885.00",23.80s,25.55%,-0.0895,0.0003,-0.4569,3.4438,+1.04%,Put,09/03/26
670.50s,28.18%,0.8806,0.0003,-0.7033,4.0288,+3.67%,Call,09/03/26,"3,890.00",24.20s,25.51%,-0.0909,0.0003,-0.4613,3.4834,+0.99%,Put,09/03/26
665.90s,28.10%,0.8793,0.0003,-0.7072,4.0607,+3.58%,Call,09/03/26,"3,895.00",24.70s,25.49%,-0.0925,0.0003,-0.4671,3.5290,+0.98%,Put,09/03/26
661.40s,28.04%,0.8779,0.0003,-0.7125,4.0972,+3.52%,Call,09/03/26,"3,900.00",25.80s,25.64%,-0.0954,0.0003,-0.4814,3.6108,+1.12%,Put,09/03/26
656.80s,27.95%,0.8767,0.0003,-0.7163,4.1291,+3.44%,Call,09/03/26,"3,905.00",25.50s,25.39%,-0.0953,0.0003,-0.4755,3.6074,+0.88%,Put,09/03/26
652.30s,27.89%,0.8752,0.0003,-0.7215,4.1655,+3.38%,Call,09/03/26,"3,910.00",26.00s,25.36%,-0.0969,0.0003,-0.4810,3.6524,+0.85%,Put,09/03/26
647.80s,27.83%,0.8738,0.0003,-0.7267,4.2018,+3.31%,Call,09/03/26,"3,915.00",26.40s,25.31%,-0.0983,0.0003,-0.4850,3.6913,+0.80%,Put,09/03/26
643.20s,27.74%,0.8725,0.0003,-0.7303,4.2337,+3.22%,Call,09/03/26,"3,920.00",26.90s,25.28%,-0.0999,0.0003,-0.4904,3.7360,+0.77%,Put,09/03/26
638.70s,27.67%,0.8711,0.0003,-0.7354,4.2700,+3.16%,Call,09/03/26,"3,925.00",27.40s,25.25%,-0.1016,0.0003,-0.4956,3.7804,+0.74%,Put,09/03/26
634.20s,27.60%,0.8696,0.0003,-0.7403,4.3062,+3.09%,Call,09/03/26,"3,930.00",27.90s,25.22%,-0.1032,0.0003,-0.5008,3.8246,+0.70%,Put,09/03/26
629.80s,27.56%,0.8680,0.0003,-0.7467,4.3467,+3.05%,Call,09/03/26,"3,935.00",28.40s,25.18%,-0.1048,0.0003,-0.5058,3.8687,+0.67%,Put,09/03/26
625.30s,27.49%,0.8665,0.0003,-0.7515,4.3828,+2.98%,Call,09/03/26,"3,940.00",28.90s,25.15%,-0.1065,0.0003,-0.5108,3.9125,+0.63%,Put,09/03/26
620.80s,27.42%,0.8650,0.0004,-0.7563,4.4188,+2.90%,Call,09/03/26,"3,945.00",29.40s,25.11%,-0.1082,0.0003,-0.5157,3.9561,+0.59%,Put,09/03/26
616.40s,27.37%,0.8634,0.0004,-0.7624,4.4589,+2.85%,Call,09/03/26,"3,950.00",30.50,25.21%,-0.1110,0.0004,-0.5284,4.0316,+0.70%,Put,"21:49 CT"
611.90s,27.29%,0.8619,0.0004,-0.7670,4.4948,+2.78%,Call,09/03/26,"3,955.00",30.00s,24.92%,-0.1107,0.0004,-0.5198,4.0215,+0.41%,Put,09/03/26
607.50s,27.24%,0.8602,0.0004,-0.7729,4.5348,+2.73%,Call,09/03/26,"3,960.00",31.00s,25.00%,-0.1134,0.0004,-0.5310,4.0913,+0.49%,Put,09/03/26
603.00s,27.16%,0.8587,0.0004,-0.7774,4.5706,+2.65%,Call,09/03/26,"3,965.00",31.50s,24.96%,-0.1150,0.0004,-0.5355,4.1342,+0.44%,Put,09/03/26
598.60s,27.11%,0.8570,0.0004,-0.7832,4.6103,+2.59%,Call,09/03/26,"3,970.00",32.10s,24.93%,-0.1169,0.0004,-0.5412,4.1820,+0.42%,Put,09/03/26
594.20s,27.05%,0.8553,0.0004,-0.7889,4.6499,+2.54%,Call,09/03/26,"3,975.00",32.70s,24.90%,-0.1188,0.0004,-0.5468,4.2296,+0.39%,Put,09/03/26
589.80s,26.99%,0.8536,0.0004,-0.7945,4.6894,+2.48%,Call,09/03/26,"3,980.00",33.30s,24.87%,-0.1207,0.0004,-0.5523,4.2768,+0.36%,Put,09/03/26
585.50s,26.95%,0.8518,0.0004,-0.8014,4.7326,+2.44%,Call,09/03/26,"3,985.00",33.90s,24.84%,-0.1226,0.0004,-0.5577,4.3239,+0.33%,Put,09/03/26
581.10s,26.89%,0.8500,0.0004,-0.8068,4.7718,+2.37%,Call,09/03/26,"3,990.00",34.20s,24.74%,-0.1239,0.0004,-0.5592,4.3562,+0.23%,Put,09/03/26
576.70s,26.82%,0.8483,0.0004,-0.8122,4.8109,+2.31%,Call,09/03/26,"3,995.00",35.10s,24.77%,-0.1264,0.0004,-0.5681,4.4171,+0.26%,Put,09/03/26
572.40s,26.78%,0.8464,0.0004,-0.8188,4.8536,+2.27%,Call,09/03/26,"4,000.00",35.90s,24.78%,-0.1287,0.0004,-0.5755,4.4726,+0.27%,Put,09/03/26
568.00s,26.71%,0.8447,0.0004,-0.8240,4.8925,+2.20%,Call,09/03/26,"4,005.00",37.10s,24.87%,-0.1317,0.0004,-0.5877,4.5454,+0.36%,Put,09/03/26
563.70s,26.66%,0.8428,0.0004,-0.8304,4.9348,+2.15%,Call,09/03/26,"4,010.00",37.00s,24.68%,-0.1323,0.0004,-0.5841,4.5597,+0.17%,Put,09/03/26
559.40s,26.61%,0.8409,0.0004,-0.8367,4.9770,+2.10%,Call,09/03/26,"4,015.00",37.20s,24.55%,-0.1335,0.0004,-0.5840,4.5875,+0.04%,Put,09/03/26
555.10s,26.56%,0.8390,0.0004,-0.8429,5.0190,+2.05%,Call,09/03/26,"4,020.00",38.40s,24.63%,-0.1366,0.0004,-0.5957,4.6591,+0.12%,Put,09/03/26
550.80s,26.51%,0.8370,0.0004,-0.8490,5.0608,+2.00%,Call,09/03/26,"4,025.00",39.10s,24.61%,-0.1387,0.0004,-0.6014,4.7084,+0.09%,Put,09/03/26
546.60s,26.48%,0.8349,0.0004,-0.8563,5.1057,+1.96%,Call,09/03/26,"4,030.00",39.80s,24.58%,-0.1408,0.0004,-0.6069,4.7573,+0.07%,Put,09/03/26
542.30s,26.42%,0.8330,0.0004,-0.8622,5.1472,+1.91%,Call,09/03/26,"4,035.00",40.50s,24.55%,-0.1430,0.0004,-0.6123,4.8058,+0.03%,Put,09/03/26
538.10s,26.38%,0.8309,0.0004,-0.8692,5.1917,+1.87%,Call,09/03/26,"4,040.00",41.20s,24.51%,-0.1451,0.0004,-0.6176,4.8541,unch,Put,09/03/26
533.80s,26.32%,0.8289,0.0004,-0.8749,5.2327,+1.81%,Call,09/03/26,"4,045.00",44.00s,24.90%,-0.1509,0.0004,-0.6462,4.9829,+0.39%,Put,09/03/26
529.60s,26.28%,0.8268,0.0004,-0.8818,5.2768,+1.77%,Call,09/03/26,"4,050.00",44.00s,24.72%,-0.1518,0.0004,-0.6433,5.0032,+0.21%,Put,09/03/26
525.40s,26.23%,0.8247,0.0004,-0.8885,5.3205,+1.72%,Call,09/03/26,"4,055.00",45.30s,24.80%,-0.1550,0.0004,-0.6546,5.0717,+0.29%,Put,09/03/26
521.20s,26.19%,0.8226,0.0004,-0.8951,5.3641,+1.68%,Call,09/03/26,"4,060.00",46.60s,24.87%,-0.1581,0.0005,-0.6657,5.1388,+0.36%,Put,09/03/26
517.10s,26.16%,0.8203,0.0005,-0.9028,5.4104,+1.65%,Call,09/03/26,"4,065.00",45.20s,24.42%,-0.1567,0.0005,-0.6476,5.1095,-0.10%,Put,09/03/26
512.90s,26.11%,0.8181,0.0005,-0.9091,5.4534,+1.60%,Call,09/03/26,"4,070.00",47.10s,24.60%,-0.1609,0.0005,-0.6649,5.1981,+0.09%,Put,09/03/26
508.70s,26.06%,0.8160,0.0005,-0.9154,5.4962,+1.55%,Call,09/03/26,"4,075.00",48.50s,24.69%,-0.1642,0.0005,-0.6766,5.2672,+0.17%,Put,09/03/26
504.60s,26.02%,0.8137,0.0005,-0.9227,5.5416,+1.51%,Call,09/03/26,"4,080.00",48.00s,24.41%,-0.1644,0.0005,-0.6681,5.2716,-0.11%,Put,09/03/26
500.50s,25.99%,0.8114,0.0005,-0.9299,5.5867,+1.47%,Call,09/03/26,"4,085.00",48.20s,24.26%,-0.1658,0.0005,-0.6670,5.3000,-0.25%,Put,09/03/26
496.40s,25.95%,0.8090,0.0005,-0.9370,5.6315,+1.43%,Call,09/03/26,"4,090.00",51.70s,24.73%,-0.1725,0.0005,-0.6998,5.4355,+0.21%,Put,09/03/26
492.30s,25.91%,0.8067,0.0005,-0.9439,5.6760,+1.39%,Call,09/03/26,"4,095.00",50.20s,24.26%,-0.1712,0.0005,-0.6811,5.4097,-0.25%,Put,09/03/26
465.00s,21.53%,0.8431,0.0005,-0.6689,4.9278,-2.99%,Call,09/03/26,"4,100.00",54.20s,24.80%,-0.1785,0.0005,-0.7180,5.5551,+0.29%,Put,09/03/26
484.20s,25.84%,0.8019,0.0005,-0.9585,5.7666,+1.32%,Call,09/03/26,"4,105.00",52.00s,24.22%,-0.1763,0.0005,-0.6925,5.5109,-0.29%,Put,09/03/26
480.20s,25.81%,0.7994,0.0005,-0.9661,5.8127,+1.29%,Call,09/03/26,"4,110.00",58.50s,25.18%,-0.1871,0.0005,-0.7529,5.7201,+0.67%,Put,09/03/26
476.10s,25.76%,0.7971,0.0005,-0.9726,5.8559,+1.25%,Call,09/03/26,"4,115.00",53.90s,24.18%,-0.1815,0.0005,-0.7043,5.6133,-0.33%,Put,09/03/26
472.10s,25.72%,0.7946,0.0005,-0.9799,5.9013,+1.21%,Call,09/03/26,"4,120.00",59.70s,25.01%,-0.1912,0.0005,-0.7567,5.7966,+0.49%,Put,09/03/26
468.10s,25.69%,0.7921,0.0005,-0.9872,5.9463,+1.18%,Call,09/03/26,"4,125.00",55.90s,24.15%,-0.1869,0.0005,-0.7164,5.7166,-0.36%,Put,09/03/26
464.20s,25.67%,0.7894,0.0005,-0.9954,5.9932,+1.16%,Call,09/03/26,"4,130.00",59.60s,24.60%,-0.1935,0.0005,-0.7479,5.8396,+0.09%,Put,09/03/26
460.20s,25.63%,0.7869,0.0005,-1.0023,6.0374,+1.12%,Call,09/03/26,"4,135.00",57.90s,24.12%,-0.1924,0.0005,-0.7278,5.8179,-0.40%,Put,09/03/26
456.30s,25.60%,0.7842,0.0005,-1.0102,6.0835,+1.09%,Call,09/03/26,"4,140.00",67.90s,25.60%,-0.2072,0.0005,-0.8164,6.0829,+1.09%,Put,09/03/26
452.40s,25.58%,0.7816,0.0005,-1.0179,6.1292,+1.06%,Call,09/03/26,"4,145.00",60.00s,24.09%,-0.1980,0.0005,-0.7395,5.9197,-0.43%,Put,09/03/26
448.50s,25.55%,0.7789,0.0005,-1.0255,6.1744,+1.03%,Call,09/03/26,"4,150.00",63.60s,24.49%,-0.2043,0.0005,-0.7686,6.0316,-0.02%,Put,09/03/26
444.60s,25.52%,0.7763,0.0005,-1.0329,6.2192,+1.00%,Call,09/03/26,"4,155.00",64.90,24.51%,-0.2074,0.0005,-0.7761,6.0854,unch,Put,"17:15 CT"
440.70s,25.48%,0.7736,0.0005,-1.0401,6.2636,+0.97%,Call,09/03/26,"4,160.00",65.00s,24.33%,-0.2089,0.0006,-0.7726,6.1115,-0.19%,Put,09/03/26
436.90s,25.46%,0.7708,0.0005,-1.0483,6.3095,+0.95%,Call,09/03/26,"4,165.00",68.20s,24.65%,-0.2144,0.0006,-0.7967,6.2058,+0.13%,Put,09/03/26
433.00s,25.43%,0.7681,0.0005,-1.0552,6.3531,+0.91%,Call,09/03/26,"4,170.00",66.90,24.23%,-0.2142,0.0006,-0.7806,6.2017,-0.28%,Put,"19:55 CT"
429.20s,25.40%,0.7653,0.0006,-1.0630,6.3981,+0.89%,Call,09/03/26,"4,175.00",68.00s,24.21%,-0.2171,0.0006,-0.7857,6.2495,-0.30%,Put,09/03/26
425.40s,25.37%,0.7625,0.0006,-1.0707,6.4426,+0.86%,Call,09/03/26,"4,180.00",68.50s,24.09%,-0.2192,0.0006,-0.7854,6.2843,-0.42%,Put,09/03/26
421.70s,25.36%,0.7595,0.0006,-1.0791,6.4884,+0.85%,Call,09/03/26,"4,185.00",69.00s,23.97%,-0.2213,0.0006,-0.7849,6.3192,-0.55%,Put,09/03/26
417.90s,25.33%,0.7567,0.0006,-1.0864,6.5319,+0.82%,Call,09/03/26,"4,190.00",70.30s,23.97%,-0.2245,0.0006,-0.7913,6.3701,-0.55%,Put,09/03/26
414.20s,25.31%,0.7538,0.0006,-1.0945,6.5767,+0.80%,Call,09/03/26,"4,195.00",71.50s,23.95%,-0.2275,0.0006,-0.7967,6.4184,-0.56%,Put,09/03/26
410.40s,25.28%,0.7509,0.0006,-1.1015,6.6193,+0.77%,Call,09/03/26,"4,200.00",72.30s,23.87%,-0.2300,0.0006,-0.7984,6.4586,-0.64%,Put,09/03/26
406.70s,25.26%,0.7480,0.0006,-1.1093,6.6630,+0.74%,Call,09/03/26,"4,205.00",78.20s,24.57%,-0.2385,0.0006,-0.8425,6.5889,+0.05%,Put,09/03/26
403.10s,25.25%,0.7449,0.0006,-1.1178,6.7077,+0.74%,Call,09/03/26,"4,210.00",75.30s,23.92%,-0.2369,0.0006,-0.8132,6.5634,-0.60%,Put,09/03/26
399.40s,25.22%,0.7419,0.0006,-1.1252,6.7503,+0.71%,Call,09/03/26,"4,215.00",76.60s,23.91%,-0.2400,0.0006,-0.8186,6.6111,-0.61%,Put,09/03/26
395.80s,25.21%,0.7389,0.0006,-1.1333,6.7939,+0.70%,Call,09/03/26,"4,220.00",78.00s,23.91%,-0.2433,0.0006,-0.8247,6.6597,-0.61%,Put,09/03/26
392.20s,25.19%,0.7358,0.0006,-1.1413,6.8369,+0.68%,Call,09/03/26,"4,225.00",79.30s,23.89%,-0.2465,0.0006,-0.8297,6.7061,-0.62%,Put,09/03/26
388.60s,25.17%,0.7327,0.0006,-1.1491,6.8793,+0.66%,Call,09/03/26,"4,230.00",80.70s,23.89%,-0.2498,0.0006,-0.8353,6.7533,-0.63%,Put,09/03/26
385.00s,25.15%,0.7296,0.0006,-1.1567,6.9211,+0.64%,Call,09/03/26,"4,235.00",82.10s,23.88%,-0.2531,0.0006,-0.8407,6.7999,-0.63%,Put,09/03/26
381.40s,25.13%,0.7265,0.0006,-1.1641,6.9624,+0.62%,Call,09/03/26,"4,240.00",85.40s,24.15%,-0.2583,0.0006,-0.8609,6.8728,-0.36%,Put,09/03/26
377.90s,25.12%,0.7234,0.0006,-1.1722,7.0043,+0.61%,Call,09/03/26,"4,245.00",84.90s,23.86%,-0.2596,0.0006,-0.8510,6.8909,-0.65%,Put,09/03/26
374.40s,25.11%,0.7202,0.0006,-1.1802,7.0456,+0.59%,Call,09/03/26,"4,250.00",90.30s,24.42%,-0.2669,0.0006,-0.8866,6.9877,-0.09%,Put,09/03/26
370.90s,25.09%,0.7170,0.0006,-1.1879,7.0863,+0.58%,Call,09/03/26,"4,255.00",87.80s,23.85%,-0.2663,0.0006,-0.8611,6.9805,-0.67%,Put,09/03/26
367.40s,25.07%,0.7138,0.0006,-1.1954,7.1264,+0.56%,Call,09/03/26,"4,260.00",97.80s,25.04%,-0.2775,0.0006,-0.9305,7.1242,+0.53%,Put,09/03/26
363.90s,25.05%,0.7106,0.0006,-1.2028,7.1659,+0.54%,Call,09/03/26,"4,265.00",101.80s,25.38%,-0.2829,0.0006,-0.9535,7.1897,+0.86%,Put,09/03/26
360.50s,25.04%,0.7073,0.0006,-1.2108,7.2059,+0.53%,Call,09/03/26,"4,270.00",92.40s,23.84%,-0.2766,0.0007,-0.8767,7.1128,-0.67%,Put,09/03/26
357.10s,25.03%,0.7040,0.0006,-1.2186,7.2451,+0.52%,Call,09/03/26,"4,275.00",93.90s,23.83%,-0.2800,0.0007,-0.8813,7.1550,-0.69%,Put,09/03/26
353.70s,25.02%,0.7007,0.0006,-1.2262,7.2837,+0.51%,Call,09/03/26,"4,280.00",94.30s,23.66%,-0.2825,0.0007,-0.8774,7.1845,-0.85%,Put,09/03/26
350.30s,25.00%,0.6974,0.0006,-1.2336,7.3217,+0.49%,Call,09/03/26,"4,285.00",97.60s,23.89%,-0.2875,0.0007,-0.8948,7.2445,-0.62%,Put,09/03/26
347.00s,25.00%,0.6940,0.0006,-1.2416,7.3599,+0.49%,Call,09/03/26,"4,290.00",110.10s,25.37%,-0.2995,0.0006,-0.9779,7.3828,+0.86%,Put,09/03/26
343.60s,24.98%,0.6907,0.0006,-1.2486,7.3966,+0.47%,Call,09/03/26,"4,295.00",100.30s,23.81%,-0.2940,0.0007,-0.9002,7.3208,-0.70%,Put,09/03/26
340.30s,24.97%,0.6873,0.0007,-1.2562,7.4335,+0.46%,Call,09/03/26,"4,300.00",103.00,24.29%,-0.3004,0.0007,-0.9301,7.3920,-0.22%,Put,"02:56 CT"
337.00s,24.96%,0.6839,0.0007,-1.2636,7.4697,+0.45%,Call,09/03/26,"4,305.00",103.30s,23.76%,-0.3009,0.0007,-0.9069,7.3975,-0.75%,Put,09/03/26
333.80s,24.96%,0.6805,0.0007,-1.2716,7.5059,+0.45%,Call,09/03/26,"4,310.00",105.40s,23.81%,-0.3048,0.0007,-0.9142,7.4399,-0.70%,Put,09/03/26
330.50s,26.91%,0.6537,0.0006,-1.4196,7.7234,+1.04%,Call,09/03/26,"4,315.00",108.30s,23.97%,-0.3093,0.0007,-0.9268,7.4874,-0.54%,Put,09/03/26
327.30s,24.94%,0.6736,0.0007,-1.2862,7.5756,+0.43%,Call,09/03/26,"4,320.00",108.80s,23.80%,-0.3120,0.0007,-0.9224,7.5154,-0.71%,Put,09/03/26
324.10s,24.93%,0.6701,0.0007,-1.2935,7.6097,+0.42%,Call,09/03/26,"4,325.00",109.30s,23.63%,-0.3147,0.0007,-0.9179,7.5433,-0.88%,Put,09/03/26
320.90s,24.92%,0.6667,0.0007,-1.3007,7.6431,+0.41%,Call,09/03/26,"4,330.00",113.50s,23.95%,-0.3200,0.0007,-0.9387,7.5966,-0.56%,Put,09/03/26
317.70s,24.91%,0.6632,0.0007,-1.3076,7.6758,+0.40%,Call,09/03/26,"4,335.00",114.20s,23.80%,-0.3229,0.0007,-0.9351,7.6249,-0.71%,Put,09/03/26
296.10s,22.49%,0.6718,0.0007,-1.1717,7.5933,-2.02%,Call,09/03/26,"4,340.00",118.50s,24.13%,-0.3282,0.0007,-0.9558,7.6748,-0.39%,Put,09/03/26
311.50s,24.91%,0.6561,0.0007,-1.3223,7.7403,+0.39%,Call,09/03/26,"4,345.00",117.90s,23.81%,-0.3303,0.0007,-0.9431,7.6945,-0.71%,Put,09/03/26
308.40s,24.90%,0.6526,0.0007,-1.3294,7.7714,+0.39%,Call,09/03/26,"4,350.00",121.40s,24.02%,-0.3350,0.0007,-0.9578,7.7370,-0.49%,Put,09/03/26
305.30s,24.89%,0.6490,0.0007,-1.3362,7.8018,+0.38%,Call,09/03/26,"4,355.00",121.60s,23.80%,-0.3377,0.0007,-0.9502,7.7609,-0.71%,Put,09/03/26
302.20s,24.88%,0.6455,0.0007,-1.3428,7.8315,+0.37%,Call,09/03/26,"4,360.00",123.50s,23.80%,-0.3414,0.0007,-0.9537,7.7932,-0.71%,Put,09/03/26
299.20s,24.88%,0.6419,0.0007,-1.3499,7.8609,+0.37%,Call,09/03/26,"4,365.00",125.00s,23.74%,-0.3449,0.0007,-0.9544,7.8228,-0.77%,Put,09/03/26
296.20s,24.88%,0.6383,0.0007,-1.3568,7.8896,+0.37%,Call,09/03/26,"4,370.00",128.00s,23.88%,-0.3493,0.0007,-0.9647,7.8583,-0.63%,Put,09/03/26
282.00s,23.46%,0.6402,0.0007,-1.2816,7.8746,-1.06%,Call,09/03/26,"4,375.00",135.00s,24.52%,-0.3555,0.0007,-1.0007,7.9074,unch,Put,09/03/26
290.20s,24.87%,0.6311,0.0007,-1.3699,7.9447,+0.35%,Call,09/03/26,"4,380.00",131.40s,23.81%,-0.3565,0.0007,-0.9675,7.9154,-0.70%,Put,09/03/26
287.30s,24.87%,0.6275,0.0007,-1.3769,7.9714,+0.36%,Call,09/03/26,"4,385.00",134.90s,24.00%,-0.3610,0.0007,-0.9802,7.9491,-0.52%,Put,09/03/26
284.40s,24.87%,0.6238,0.0007,-1.3836,7.9974,+0.36%,Call,09/03/26,"4,390.00",135.50s,23.82%,-0.3641,0.0007,-0.9739,7.9721,-0.69%,Put,09/03/26
281.40s,24.86%,0.6202,0.0007,-1.3894,8.0224,+0.34%,Call,09/03/26,"4,395.00",142.70s,24.46%,-0.3700,0.0007,-1.0097,8.0139,-0.05%,Put,09/03/26
266.10s,23.31%,0.6215,0.0008,-1.3078,8.0137,-1.20%,Call,09/03/26,"4,400.00",140.80s,23.97%,-0.3722,0.0007,-0.9870,8.0287,-0.55%,Put,09/03/26
275.70s,24.86%,0.6129,0.0007,-1.4024,8.0709,+0.35%,Call,09/03/26,"4,405.00",141.70s,23.82%,-0.3755,0.0007,-0.9821,8.0510,-0.69%,Put,09/03/26
272.90s,24.86%,0.6092,0.0007,-1.4089,8.0942,+0.35%,Call,09/03/26,"4,410.00",143.80s,23.82%,-0.3793,0.0007,-0.9845,8.0758,-0.69%,Put,09/03/26
249.00s,22.26%,0.6131,0.0008,-1.2677,8.0696,-2.26%,Call,09/03/26,"4,415.00",162.60s,25.87%,-0.3883,0.0007,-1.0917,8.1309,+1.36%,Put,09/03/26
267.30s,24.86%,0.6019,0.0007,-1.4212,8.1383,+0.35%,Call,09/03/26,"4,420.00",150.20,24.67%,-0.3892,0.0007,-1.0326,8.1357,+0.16%,Put,"02:57 CT"
264.50s,24.86%,0.5982,0.0007,-1.4270,8.1593,+0.35%,Call,09/03/26,"4,425.00",150.40s,23.84%,-0.3909,0.0007,-0.9924,8.1457,-0.67%,Put,09/03/26
261.70s,24.85%,0.5945,0.0007,-1.4326,8.1795,+0.34%,Call,09/03/26,"4,430.00",183.60s,27.63%,-0.4019,0.0007,-1.1871,8.2055,+3.12%,Put,09/03/26
197.20s,17.27%,0.6149,0.0010,-1.0063,8.0584,-7.24%,Call,09/03/26,"4,435.00",172.90s,26.05%,-0.4028,0.0007,-1.1086,8.2101,+1.54%,Put,09/03/26
189.90s,16.73%,0.6122,0.0011,-0.9816,8.0754,-7.79%,Call,09/03/26,"4,440.00",161.40s,24.38%,-0.4035,0.0007,-1.0253,8.2134,-0.14%,Put,09/03/26
253.60s,24.86%,0.5834,0.0007,-1.4501,8.2359,+0.35%,Call,09/03/26,"4,445.00",187.50s,27.27%,-0.4115,0.0007,-1.1740,8.2520,+2.76%,Put,09/03/26
251.00s,24.87%,0.5797,0.0007,-1.4561,8.2533,+0.36%,Call,09/03/26,"4,450.00",161.70s,23.86%,-0.4102,0.0008,-1.0025,8.2458,-0.65%,Put,09/03/26
248.40s,24.88%,0.5760,0.0007,-1.4618,8.2699,+0.36%,Call,09/03/26,"4,455.00",192.80s,27.35%,-0.4184,0.0007,-1.1808,8.2821,+2.84%,Put,09/03/26
245.80s,24.88%,0.5723,0.0007,-1.4674,8.2857,+0.37%,Call,09/03/26,"4,460.00",165.70s,23.79%,-0.4178,0.0008,-1.0017,8.2798,-0.72%,Put,09/03/26
197.10s,19.32%,0.5776,0.0009,-1.1647,8.2628,-5.19%,Call,09/03/26,"4,465.00",198.10s,27.42%,-0.4252,0.0007,-1.1869,8.3094,+2.90%,Put,09/03/26
197.10s,19.65%,0.5722,0.0009,-1.1889,8.2861,-4.87%,Call,09/03/26,"4,470.00",195.10s,26.77%,-0.4281,0.0007,-1.1550,8.3206,+2.26%,Put,09/03/26
194.10s,19.61%,0.5675,0.0009,-1.1925,8.3047,-4.91%,Call,09/03/26,"4,475.00",172.90s,23.82%,-0.4295,0.0008,-1.0060,8.3254,-0.70%,Put,09/03/26
194.10s,19.92%,0.5623,0.0009,-1.2158,8.3242,-4.59%,Call,09/03/26,"4,480.00",176.00s,23.90%,-0.4334,0.0008,-1.0112,8.3392,-0.61%,Put,09/03/26
184.70s,19.11%,0.5588,0.0010,-1.1763,8.3367,-5.40%,Call,09/03/26,"4,485.00",199.10s,26.38%,-0.4384,0.0007,-1.1379,8.3553,+1.87%,Put,09/03/26
182.20s,19.12%,0.5539,0.0010,-1.1825,8.3526,-5.39%,Call,09/03/26,"4,490.00",181.00s,23.93%,-0.4412,0.0008,-1.0136,8.3637,-0.59%,Put,09/03/26
228.00s,24.90%,0.5462,0.0007,-1.5023,8.3753,+0.39%,Call,09/03/26,"4,495.00",186.20s,24.26%,-0.4451,0.0008,-1.0308,8.3750,-0.26%,Put,09/03/26
230.10s,25.45%,0.5425,0.0007,-1.5361,8.3851,+0.94%,Call,09/03/26,"4,500.00",194.10,24.90%,-0.4490,0.0007,-1.0642,8.3851,+0.39%,Put,"19:33 CT"
223.20s,24.92%,0.5388,0.0007,-1.5120,8.3942,+0.41%,Call,09/03/26,"4,505.00",221.50s,27.87%,-0.4521,0.0007,-1.2157,8.3927,+3.36%,Put,09/03/26
221.70s,25.03%,0.5351,0.0007,-1.5223,8.4024,+0.52%,Call,09/03/26,"4,510.00",223.40s,27.80%,-0.4554,0.0007,-1.2122,8.4003,+3.28%,Put,09/03/26
218.40s,24.93%,0.5314,0.0007,-1.5208,8.4100,+0.42%,Call,09/03/26,"4,515.00",206.10,25.44%,-0.4599,0.0007,-1.0918,8.4095,+0.92%,Put,"01:47 CT"
207.10s,23.88%,0.5271,0.0008,-1.4684,8.4177,-0.64%,Call,09/03/26,"4,520.00",204.00,24.89%,-0.4639,0.0007,-1.0636,8.4168,+0.37%,Put,"23:36 CT"
205.10s,23.92%,0.5232,0.0008,-1.4749,8.4238,-0.59%,Call,09/03/26,"4,525.00",204.20,24.61%,-0.4678,0.0008,-1.0490,8.4231,+0.09%,Put,"21:07 CT"
204.10s,24.09%,0.5195,0.0008,-1.4874,8.4290,-0.42%,Call,09/03/26,"4,530.00",205.10s,24.41%,-0.4717,0.0008,-1.0385,8.4286,-0.11%,Put,09/03/26
209.00s,24.95%,0.5165,0.0007,-1.5369,8.4325,+0.44%,Call,09/03/26,"4,535.00",209.10s,24.57%,-0.4754,0.0008,-1.0465,8.4330,+0.06%,Put,09/03/26
198.40,23.97%,0.5117,0.0008,-1.4884,8.4374,-0.54%,Call,"21:07 CT","4,540.00",212.10s,24.62%,-0.4791,0.0008,-1.0483,8.4367,+0.11%,Put,09/03/26
159.90s,19.69%,0.5016,0.0009,-1.2639,8.4433,-4.83%,Call,09/03/26,"4,545.00",229.70s,26.39%,-0.4805,0.0007,-1.1387,8.4379,+1.88%,Put,09/03/26
190.00,23.52%,0.5033,0.0008,-1.4716,8.4427,-0.99%,Call,"20:43 CT","4,550.00",212.30s,24.02%,-0.4875,0.0008,-1.0157,8.4424,-0.50%,Put,09/03/26
200.10s,24.99%,0.5018,0.0007,-1.5525,8.4432,+0.48%,Call,09/03/26,"4,555.00",215.10s,24.03%,-0.4913,0.0008,-1.0155,8.4437,-0.48%,Put,09/03/26
189.70,24.03%,0.4964,0.0008,-1.5046,8.4442,-0.48%,Call,"21:07 CT","4,560.00",217.80s,24.03%,-0.4951,0.0008,-1.0145,8.4442,-0.48%,Put,09/03/26
182.70,23.47%,0.4914,0.0008,-1.4779,8.4437,-1.05%,Call,"00:49 CT","4,565.00",220.60s,24.04%,-0.4989,0.0008,-1.0138,8.4439,-0.47%,Put,09/03/26
193.60s,25.02%,0.4908,0.0007,-1.5629,8.4435,+0.51%,Call,09/03/26,"4,570.00",223.50s,24.06%,-0.5027,0.0008,-1.0135,8.4429,-0.45%,Put,09/03/26
177.40,23.36%,0.4833,0.0008,-1.4782,8.4400,-1.15%,Call,"01:16 CT","4,575.00",226.30s,24.07%,-0.5065,0.0008,-1.0124,8.4411,-0.44%,Put,09/03/26
189.30s,25.03%,0.4835,0.0007,-1.5689,8.4402,+0.52%,Call,09/03/26,"4,580.00",229.20s,24.09%,-0.5103,0.0008,-1.0117,8.4385,-0.43%,Put,09/03/26
187.20s,25.04%,0.4799,0.0007,-1.5718,8.4374,+0.53%,Call,09/03/26,"4,585.00",232.00s,24.09%,-0.5141,0.0008,-1.0101,8.4352,-0.42%,Put,09/03/26
148.30s,20.68%,0.4632,0.0009,-1.3448,8.4155,-3.83%,Call,09/03/26,"4,590.00",234.90s,24.10%,-0.5178,0.0008,-1.0088,8.4311,-0.41%,Put,09/03/26
157.60s,22.04%,0.4635,0.0008,-1.4185,8.4161,-2.47%,Call,09/03/26,"4,595.00",237.90s,24.12%,-0.5215,0.0008,-1.0080,8.4262,-0.39%,Put,09/03/26
183.80s,25.40%,0.4700,0.0007,-1.5975,8.4263,+0.89%,Call,09/03/26,"4,600.00",238.60s,23.87%,-0.5261,0.0008,-0.9926,8.4193,-0.65%,Put,09/03/26
179.10s,25.09%,0.4655,0.0007,-1.5833,8.4194,+0.58%,Call,09/03/26,"4,605.00",243.80s,24.15%,-0.5290,0.0008,-1.0051,8.4143,-0.37%,Put,09/03/26
166.00s,23.78%,0.4575,0.0008,-1.5164,8.4047,-0.73%,Call,09/03/26,"4,610.00",246.70s,24.15%,-0.5328,0.0008,-1.0030,8.4072,-0.37%,Put,09/03/26
175.10s,25.11%,0.4583,0.0007,-1.5880,8.4063,+0.60%,Call,09/03/26,"4,615.00",249.70s,24.16%,-0.5365,0.0008,-1.0012,8.3994,-0.35%,Put,09/03/26
179.70s,25.90%,0.4574,0.0007,-1.6314,8.4045,+1.39%,Call,09/03/26,"4,620.00",252.70s,24.17%,-0.5402,0.0008,-0.9993,8.3909,-0.34%,Put,09/03/26
171.20s,25.13%,0.4512,0.0007,-1.5925,8.3905,+0.62%,Call,09/03/26,"4,625.00",255.80s,24.19%,-0.5438,0.0008,-0.9977,8.3817,-0.32%,Put,09/03/26
169.30s,25.15%,0.4476,0.0007,-1.5947,8.3817,+0.63%,Call,09/03/26,"4,630.00",258.80s,22.68%,-0.5721,0.0008,-0.8941,8.2450,-3.20%,Put,09/03/26
167.40s,25.16%,0.4441,0.0007,-1.5967,8.3722,+0.65%,Call,09/03/26,"4,635.00",261.90s,24.21%,-0.5512,0.0008,-0.9933,8.3612,-0.30%,Put,09/03/26
165.60s,25.18%,0.4406,0.0007,-1.5991,8.3621,+0.67%,Call,09/03/26,"4,640.00",287.60s,26.93%,-0.5442,0.0007,-1.1359,8.3808,+2.41%,Put,09/03/26
163.70s,25.19%,0.4371,0.0007,-1.6007,8.3513,+0.68%,Call,09/03/26,"4,645.00",268.10s,24.24%,-0.5585,0.0008,-0.9887,8.3379,-0.28%,Put,09/03/26
153.90s,24.25%,0.4294,0.0008,-1.5521,8.3252,-0.27%,Call,09/03/26,"4,650.00",271.20s,24.25%,-0.5621,0.0008,-0.9860,8.3252,-0.27%,Put,09/03/26
151.80s,24.22%,0.4256,0.0008,-1.5519,8.3112,-0.29%,Call,09/03/26,"4,655.00",274.40s,24.27%,-0.5657,0.0008,-0.9838,8.3120,-0.25%,Put,09/03/26
158.20s,25.22%,0.4267,0.0007,-1.6054,8.3151,+0.71%,Call,09/03/26,"4,660.00",277.50s,24.27%,-0.5693,0.0008,-0.9807,8.2978,-0.24%,Put,09/03/26
165.80s,26.37%,0.4283,0.0007,-1.6664,8.3212,+1.85%,Call,09/03/26,"4,665.00",276.40s,23.77%,-0.5755,0.0008,-0.9497,8.2721,-0.75%,Put,09/03/26
154.70s,25.26%,0.4198,0.0007,-1.6085,8.2881,+0.74%,Call,09/03/26,"4,670.00",278.60s,23.66%,-0.5798,0.0008,-0.9400,8.2530,-0.85%,Put,09/03/26
150.40s,24.96%,0.4149,0.0007,-1.5934,8.2670,+0.45%,Call,09/03/26,"4,675.00",287.10s,24.31%,-0.5800,0.0007,-0.9722,8.2520,-0.20%,Put,09/03/26
151.20s,25.28%,0.4130,0.0007,-1.6108,8.2586,+0.77%,Call,09/03/26,"4,680.00",290.30s,24.32%,-0.5835,0.0007,-0.9689,8.2354,-0.19%,Put,09/03/26
156.80s,26.18%,0.4140,0.0007,-1.6587,8.2634,+1.67%,Call,09/03/26,"4,685.00",293.60s,24.34%,-0.5870,0.0007,-0.9660,8.2184,-0.17%,Put,09/03/26
147.80s,25.31%,0.4062,0.0007,-1.6128,8.2269,+0.80%,Call,09/03/26,"4,690.00",296.90s,24.36%,-0.5905,0.0007,-0.9630,8.2007,-0.16%,Put,09/03/26
146.10s,25.32%,0.4028,0.0007,-1.6136,8.2101,+0.81%,Call,09/03/26,"4,695.00",300.10s,24.36%,-0.5941,0.0007,-0.9591,8.1821,-0.15%,Put,09/03/26
144.30s,25.32%,0.3994,0.0007,-1.6135,8.1924,+0.81%,Call,09/03/26,"4,700.00",303.40s,24.37%,-0.5975,0.0007,-0.9556,8.1631,-0.14%,Put,09/03/26
139.60s,24.96%,0.3939,0.0007,-1.5942,8.1628,+0.45%,Call,09/03/26,"4,705.00",306.80s,24.39%,-0.6009,0.0007,-0.9526,8.1439,-0.12%,Put,09/03/26
141.10s,25.36%,0.3928,0.0007,-1.6152,8.1565,+0.85%,Call,09/03/26,"4,710.00",310.10s,24.40%,-0.6044,0.0007,-0.9487,8.1236,-0.11%,Put,09/03/26
131.90s,24.44%,0.3838,0.0007,-1.5658,8.1039,-0.07%,Call,09/03/26,"4,715.00",313.50s,24.42%,-0.6078,0.0007,-0.9454,8.1032,-0.09%,Put,09/03/26
137.90s,25.39%,0.3862,0.0007,-1.6161,8.1183,+0.88%,Call,09/03/26,"4,720.00",316.80s,24.43%,-0.6112,0.0007,-0.9411,8.0816,-0.09%,Put,09/03/26
125.30s,24.04%,0.3742,0.0007,-1.5434,8.0425,-0.47%,Call,09/03/26,"4,725.00",320.20s,24.44%,-0.6146,0.0007,-0.9373,8.0599,-0.07%,Put,09/03/26
134.80s,25.42%,0.3797,0.0007,-1.6169,8.0782,+0.91%,Call,09/03/26,"4,730.00",323.60s,24.45%,-0.6180,0.0007,-0.9333,8.0376,-0.06%,Put,09/03/26
133.30s,25.45%,0.3765,0.0007,-1.6174,8.0576,+0.93%,Call,09/03/26,"4,735.00",327.10s,24.48%,-0.6213,0.0007,-0.9298,8.0152,-0.03%,Put,09/03/26
131.70s,25.45%,0.3732,0.0007,-1.6170,8.0358,+0.94%,Call,09/03/26,"4,740.00",330.50s,24.49%,-0.6247,0.0007,-0.9254,7.9917,-0.03%,Put,09/03/26
130.20s,25.47%,0.3700,0.0007,-1.6170,8.0141,+0.96%,Call,09/03/26,"4,745.00",334.00s,24.51%,-0.6279,0.0007,-0.9216,7.9682,-0.01%,Put,09/03/26
107.00s,22.74%,0.3469,0.0008,-1.4689,7.8394,-1.77%,Call,09/03/26,"4,750.00",337.40s,24.51%,-0.6313,0.0007,-0.9168,7.9434,unch,Put,09/03/26
135.90s,26.59%,0.3708,0.0007,-1.6754,8.0191,+2.07%,Call,09/03/26,"4,755.00",340.90s,24.53%,-0.6346,0.0007,-0.9125,7.9186,+0.02%,Put,09/03/26
125.80s,25.52%,0.3606,0.0007,-1.6167,7.9461,+1.01%,Call,09/03/26,"4,760.00",344.40s,24.54%,-0.6378,0.0007,-0.9081,7.8933,+0.03%,Put,09/03/26
95.90s,21.90%,0.3289,0.0008,-1.4183,7.6815,-2.62%,Call,09/03/26,"4,765.00",348.00s,24.57%,-0.6410,0.0007,-0.9042,7.8682,+0.05%,Put,09/03/26
122.90s,25.55%,0.3543,0.0007,-1.6158,7.8984,+1.04%,Call,09/03/26,"4,770.00",351.50s,24.58%,-0.6443,0.0007,-0.8994,7.8417,+0.06%,Put,09/03/26
122.30s,25.67%,0.3519,0.0007,-1.6209,7.8798,+1.16%,Call,09/03/26,"4,775.00",355.00s,24.59%,-0.6475,0.0007,-0.8943,7.8147,+0.07%,Put,09/03/26
117.10,25.59%,0.3481,0.0007,-1.6148,7.8492,+1.07%,Call,"02:51 CT","4,780.00",358.60s,24.60%,-0.6507,0.0007,-0.8899,7.7879,+0.09%,Put,09/03/26
116.50s,25.32%,0.3430,0.0007,-1.5986,7.8064,+0.81%,Call,09/03/26,"4,785.00",362.20s,24.62%,-0.6538,0.0007,-0.8853,7.7605,+0.11%,Put,09/03/26
90.10s,22.07%,0.3125,0.0007,-1.4181,7.5209,-2.44%,Call,09/03/26,"4,790.00",365.80s,24.64%,-0.6570,0.0007,-0.8804,7.7326,+0.12%,Put,09/03/26
116.00s,25.64%,0.3390,0.0007,-1.6127,7.7724,+1.13%,Call,09/03/26,"4,795.00",369.40s,24.65%,-0.6601,0.0007,-0.8754,7.7041,+0.14%,Put,09/03/26
108.00s,24.79%,0.3293,0.0007,-1.5642,7.6850,+0.28%,Call,09/03/26,"4,800.00",373.00s,24.66%,-0.6633,0.0007,-0.8703,7.6751,+0.15%,Put,09/03/26
113.30s,25.67%,0.3330,0.0007,-1.6106,7.7189,+1.16%,Call,09/03/26,"4,805.00",376.70s,24.68%,-0.6663,0.0007,-0.8657,7.6466,+0.17%,Put,09/03/26
112.00s,25.69%,0.3300,0.0007,-1.6096,7.6919,+1.18%,Call,09/03/26,"4,810.00",380.30s,24.69%,-0.6694,0.0007,-0.8601,7.6165,+0.18%,Put,09/03/26
110.70s,25.71%,0.3271,0.0007,-1.6085,7.6644,+1.19%,Call,09/03/26,"4,815.00",384.00s,24.71%,-0.6725,0.0007,-0.8552,7.5869,+0.20%,Put,09/03/26
109.40s,25.72%,0.3241,0.0007,-1.6072,7.6364,+1.21%,Call,09/03/26,"4,820.00",387.70s,24.73%,-0.6755,0.0007,-0.8501,7.5568,+0.21%,Put,09/03/26
99.30s,24.57%,0.3115,0.0007,-1.5408,7.5111,+0.06%,Call,09/03/26,"4,825.00",391.40s,24.74%,-0.6785,0.0007,-0.8448,7.5262,+0.23%,Put,09/03/26
100.30s,24.88%,0.3111,0.0007,-1.5559,7.5065,+0.37%,Call,09/03/26,"4,830.00",395.10s,24.76%,-0.6815,0.0007,-0.8394,7.4951,+0.24%,Put,09/03/26
98.70s,24.85%,0.3077,0.0007,-1.5515,7.4711,+0.34%,Call,09/03/26,"4,835.00",398.80s,24.77%,-0.6845,0.0007,-0.8337,7.4635,+0.25%,Put,09/03/26
102.20s,25.50%,0.3102,0.0006,-1.5853,7.4967,+0.99%,Call,09/03/26,"4,840.00",402.60s,24.79%,-0.6874,0.0007,-0.8287,7.4326,+0.28%,Put,09/03/26
103.20s,25.81%,0.3098,0.0006,-1.6003,7.4926,+1.30%,Call,09/03/26,"4,845.00",406.30s,24.80%,-0.6904,0.0007,-0.8228,7.4000,+0.29%,Put,09/03/26
98.50,25.36%,0.3030,0.0006,-1.5722,7.4201,+0.85%,Call,"20:01 CT","4,850.00",410.10s,24.82%,-0.6933,0.0007,-0.8175,7.3681,+0.31%,Put,09/03/26
105.70s,26.50%,0.3096,0.0006,-1.6341,7.4906,+1.99%,Call,09/03/26,"4,855.00",413.90s,24.84%,-0.6961,0.0006,-0.8120,7.3358,+0.32%,Put,09/03/26
99.70s,25.87%,0.3014,0.0006,-1.5958,7.4035,+1.36%,Call,09/03/26,"4,860.00",417.70s,24.85%,-0.6990,0.0006,-0.8064,7.3031,+0.34%,Put,09/03/26
77.10s,22.92%,0.2708,0.0007,-1.4248,7.0392,-1.59%,Call,09/03/26,"4,865.00",421.50s,24.87%,-0.7019,0.0006,-0.8006,7.2698,+0.35%,Put,09/03/26
97.40s,25.91%,0.2959,0.0006,-1.5923,7.3424,+1.40%,Call,09/03/26,"4,870.00",425.30s,24.88%,-0.7047,0.0006,-0.7946,7.2361,+0.37%,Put,09/03/26
96.30s,25.93%,0.2933,0.0006,-1.5907,7.3119,+1.42%,Call,09/03/26,"4,875.00",429.20s,24.90%,-0.7075,0.0006,-0.7894,7.2035,+0.39%,Put,09/03/26
95.10s,25.94%,0.2905,0.0006,-1.5881,7.2796,+1.43%,Call,09/03/26,"4,880.00",433.00s,24.91%,-0.7103,0.0006,-0.7831,7.1688,+0.40%,Put,09/03/26
94.00s,25.96%,0.2878,0.0006,-1.5862,7.2483,+1.45%,Call,09/03/26,"4,885.00",436.90s,24.93%,-0.7131,0.0006,-0.7775,7.1353,+0.42%,Put,09/03/26
92.90s,25.98%,0.2851,0.0006,-1.5841,7.2166,+1.47%,Call,09/03/26,"4,890.00",440.80s,24.95%,-0.7158,0.0006,-0.7718,7.1014,+0.44%,Put,09/03/26
67.90s,22.57%,0.2486,0.0007,-1.3835,6.7370,-1.94%,Call,09/03/26,"4,895.00",444.70s,24.97%,-0.7185,0.0006,-0.7659,7.0670,+0.46%,Put,09/03/26
89.20s,25.80%,0.2779,0.0006,-1.5673,7.1284,+1.29%,Call,09/03/26,"4,900.00",448.60s,24.99%,-0.7212,0.0006,-0.7599,7.0322,+0.48%,Put,09/03/26
91.30s,26.26%,0.2793,0.0006,-1.5907,7.1455,+1.75%,Call,09/03/26,"4,905.00",452.50s,25.00%,-0.7239,0.0006,-0.7538,6.9970,+0.49%,Put,09/03/26
88.70s,26.07%,0.2747,0.0006,-1.5758,7.0888,+1.55%,Call,09/03/26,"4,910.00",456.40s,25.02%,-0.7266,0.0006,-0.7474,6.9614,+0.50%,Put,09/03/26
87.70s,26.09%,0.2722,0.0006,-1.5738,7.0567,+1.58%,Call,09/03/26,"4,915.00",460.30s,25.03%,-0.7293,0.0006,-0.7410,6.9253,+0.51%,Put,09/03/26
84.30,25.77%,0.2665,0.0006,-1.5516,6.9827,+1.26%,Call,"02:46 CT","4,920.00",464.30s,25.05%,-0.7319,0.0006,-0.7353,6.8906,+0.54%,Put,09/03/26
64.90s,23.07%,0.2364,0.0006,-1.3894,6.5557,-1.44%,Call,09/03/26,"4,925.00",468.30s,25.07%,-0.7344,0.0006,-0.7295,6.8556,+0.56%,Put,09/03/26
84.70s,26.15%,0.2646,0.0006,-1.5668,6.9583,+1.64%,Call,09/03/26,"4,930.00",472.20s,25.08%,-0.7371,0.0006,-0.7225,6.8182,+0.56%,Put,09/03/26
82.10s,25.94%,0.2600,0.0006,-1.5506,6.8954,+1.43%,Call,09/03/26,"4,935.00",476.20s,25.10%,-0.7397,0.0006,-0.7164,6.7825,+0.58%,Put,09/03/26
82.70s,26.19%,0.2596,0.0006,-1.5615,6.8910,+1.67%,Call,09/03/26,"4,940.00",480.20s,25.11%,-0.7422,0.0006,-0.7101,6.7463,+0.60%,Put,09/03/26
81.80s,26.22%,0.2573,0.0006,-1.5594,6.8586,+1.70%,Call,09/03/26,"4,945.00",484.30s,25.14%,-0.7446,0.0006,-0.7047,6.7119,+0.63%,Put,09/03/26
79.20s,26.00%,0.2525,0.0006,-1.5425,6.7927,+1.48%,Call,09/03/26,"4,950.00",488.30s,25.16%,-0.7472,0.0006,-0.6982,6.6750,+0.64%,Put,09/03/26
81.40s,26.48%,0.2545,0.0006,-1.5671,6.8202,+1.96%,Call,09/03/26,"4,955.00",492.30s,25.17%,-0.7497,0.0006,-0.6915,6.6376,+0.66%,Put,09/03/26
77.40s,26.04%,0.2478,0.0006,-1.5376,6.7251,+1.53%,Call,09/03/26,"4,960.00",496.40s,25.20%,-0.7521,0.0006,-0.6857,6.6022,+0.68%,Put,09/03/26
78.70s,26.39%,0.2486,0.0006,-1.5544,6.7363,+1.88%,Call,09/03/26,"4,965.00",500.40s,25.20%,-0.7546,0.0006,-0.6788,6.5641,+0.69%,Put,09/03/26
77.90s,26.43%,0.2464,0.0006,-1.5526,6.7047,+1.92%,Call,09/03/26,"4,970.00",504.50s,25.23%,-0.7570,0.0006,-0.6727,6.5280,+0.71%,Put,09/03/26
77.00s,26.45%,0.2441,0.0006,-1.5498,6.6708,+1.94%,Call,09/03/26,"4,975.00",508.60s,25.25%,-0.7593,0.0006,-0.6665,6.4915,+0.73%,Put,09/03/26
76.80s,26.58%,0.2427,0.0005,-1.5532,6.6514,+2.06%,Call,09/03/26,"4,980.00",512.70s,25.27%,-0.7617,0.0006,-0.6602,6.4548,+0.75%,Put,09/03/26
76.90s,26.75%,0.2419,0.0005,-1.5592,6.6385,+2.23%,Call,09/03/26,"4,985.00",516.80s,25.28%,-0.7641,0.0006,-0.6537,6.4176,+0.77%,Put,09/03/26
72.30s,26.20%,0.2341,0.0005,-1.5223,6.5215,+1.69%,Call,09/03/26,"4,990.00",520.90s,25.30%,-0.7664,0.0006,-0.6471,6.3802,+0.79%,Put,09/03/26
73.50s,26.54%,0.2349,0.0005,-1.5383,6.5340,+2.02%,Call,09/03/26,"4,995.00",525.00s,25.32%,-0.7688,0.0005,-0.6404,6.3423,+0.80%,Put,09/03/26
64.00,25.20%,0.2191,0.0005,-1.4536,6.2831,+0.69%,Call,"01:55 CT","5,000.00",529.20s,25.34%,-0.7710,0.0005,-0.6346,6.3068,+0.83%,Put,09/03/26
71.80s,26.58%,0.2304,0.0005,-1.5322,6.4649,+2.06%,Call,09/03/26,"5,005.00",533.30s,25.36%,-0.7733,0.0005,-0.6276,6.2683,+0.84%,Put,09/03/26
73.90s,27.05%,0.2326,0.0005,-1.5566,6.4988,+2.54%,Call,09/03/26,"5,010.00",537.50s,25.38%,-0.7755,0.0005,-0.6216,6.2323,+0.87%,Put,09/03/26
70.70s,26.70%,0.2269,0.0005,-1.5313,6.4092,+2.19%,Call,09/03/26,"5,015.00",541.60s,25.39%,-0.7778,0.0005,-0.6144,6.1931,+0.88%,Put,09/03/26
68.70s,26.54%,0.2229,0.0005,-1.5169,6.3452,+2.03%,Call,09/03/26,"5,020.00",545.80s,25.41%,-0.7800,0.0005,-0.6082,6.1564,+0.90%,Put,09/03/26
68.00s,26.58%,0.2209,0.0005,-1.5147,6.3129,+2.06%,Call,09/03/26,"5,025.00",550.00s,25.43%,-0.7822,0.0005,-0.6018,6.1194,+0.92%,Put,09/03/26
67.20s,26.60%,0.2188,0.0005,-1.5114,6.2778,+2.08%,Call,09/03/26,"5,030.00",554.20s,25.45%,-0.7843,0.0005,-0.5953,6.0821,+0.94%,Put,09/03/26
69.80s,27.15%,0.2219,0.0005,-1.5411,6.3293,+2.64%,Call,09/03/26,"5,035.00",558.40s,25.47%,-0.7865,0.0005,-0.5887,6.0446,+0.96%,Put,09/03/26
65.70s,26.65%,0.2146,0.0005,-1.5055,6.2093,+2.13%,Call,09/03/26,"5,040.00",562.60s,25.49%,-0.7887,0.0005,-0.5820,6.0067,+0.98%,Put,09/03/26
64.90s,26.66%,0.2125,0.0005,-1.5019,6.1734,+2.15%,Call,09/03/26,"5,045.00",566.80s,25.50%,-0.7908,0.0005,-0.5752,5.9685,+0.99%,Put,09/03/26
64.20s,26.69%,0.2105,0.0005,-1.4991,6.1399,+2.18%,Call,09/03/26,"5,050.00",571.10s,25.53%,-0.7928,0.0005,-0.5694,5.9332,+1.02%,Put,09/03/26
63.50s,26.72%,0.2086,0.0005,-1.4963,6.1062,+2.21%,Call,09/03/26,"5,055.00",575.30s,25.55%,-0.7949,0.0005,-0.5624,5.8945,+1.03%,Put,09/03/26
62.70s,26.73%,0.2064,0.0005,-1.4923,6.0694,+2.22%,Call,09/03/26,"5,060.00",579.60s,25.57%,-0.7969,0.0005,-0.5564,5.8587,+1.06%,Put,09/03/26
62.00s,26.76%,0.2045,0.0005,-1.4892,6.0352,+2.25%,Call,09/03/26,"5,065.00",583.80s,25.58%,-0.7990,0.0005,-0.5491,5.8194,+1.07%,Put,09/03/26
61.30s,26.78%,0.2025,0.0005,-1.4860,6.0008,+2.27%,Call,09/03/26,"5,070.00",588.10s,25.61%,-0.8010,0.0005,-0.5429,5.7831,+1.10%,Put,09/03/26
60.60s,26.81%,0.2006,0.0005,-1.4828,5.9662,+2.29%,Call,09/03/26,"5,075.00",592.40s,25.63%,-0.8030,0.0005,-0.5366,5.7465,+1.12%,Put,09/03/26
59.90s,26.83%,0.1986,0.0005,-1.4794,5.9313,+2.32%,Call,09/03/26,"5,080.00",596.70s,25.65%,-0.8049,0.0005,-0.5302,5.7097,+1.14%,Put,09/03/26
59.30s,26.87%,0.1968,0.0005,-1.4769,5.8993,+2.35%,Call,09/03/26,"5,085.00",601.00s,25.67%,-0.8069,0.0005,-0.5237,5.6727,+1.16%,Put,09/03/26
58.60s,26.89%,0.1949,0.0005,-1.4733,5.8640,+2.37%,Call,09/03/26,"5,090.00",605.30s,25.69%,-0.8088,0.0005,-0.5171,5.6355,+1.18%,Put,09/03/26
57.90s,26.90%,0.1929,0.0005,-1.4696,5.8285,+2.39%,Call,09/03/26,"5,095.00",609.60s,25.71%,-0.8108,0.0005,-0.5104,5.5980,+1.20%,Put,09/03/26
54.20s,26.40%,0.1857,0.0005,-1.4332,5.6935,+1.89%,Call,09/03/26,"5,100.00",613.90s,25.73%,-0.8127,0.0005,-0.5036,5.5602,+1.22%,Put,09/03/26
52.40s,26.21%,0.1817,0.0005,-1.4169,5.6175,+1.70%,Call,09/03/26,"5,105.00",618.20s,25.74%,-0.8147,0.0005,-0.4967,5.5222,+1.23%,Put,09/03/26
56.00s,26.98%,0.1875,0.0005,-1.4601,5.7269,+2.47%,Call,09/03/26,"5,110.00",622.60s,25.78%,-0.8164,0.0005,-0.4910,5.4876,+1.26%,Put,09/03/26
58.30s,27.52%,0.1907,0.0005,-1.4887,5.7879,+3.01%,Call,09/03/26,"5,115.00",626.90s,25.79%,-0.8183,0.0005,-0.4839,5.4491,+1.27%,Put,09/03/26
55.10s,27.10%,0.1845,0.0005,-1.4573,5.6706,+2.58%,Call,09/03/26,"5,120.00",631.30s,25.82%,-0.8201,0.0005,-0.4780,5.4142,+1.30%,Put,09/03/26
54.20s,27.07%,0.1822,0.0005,-1.4507,5.6271,+2.56%,Call,09/03/26,"5,125.00",635.70s,25.84%,-0.8218,0.0005,-0.4720,5.3791,+1.33%,Put,09/03/26
53.60s,27.10%,0.1805,0.0005,-1.4475,5.5934,+2.59%,Call,09/03/26,"5,130.00",640.00s,25.85%,-0.8237,0.0005,-0.4645,5.3399,+1.34%,Put,09/03/26
48.20s,26.25%,0.1698,0.0004,-1.3889,5.3824,+1.73%,Call,09/03/26,"5,135.00",644.40s,25.88%,-0.8255,0.0004,-0.4584,5.3044,+1.36%,Put,09/03/26
52.40s,27.15%,0.1770,0.0004,-1.4406,5.5256,+2.63%,Call,09/03/26,"5,140.00",648.80s,25.90%,-0.8272,0.0004,-0.4521,5.2687,+1.39%,Put,09/03/26
51.80s,27.17%,0.1753,0.0004,-1.4370,5.4914,+2.66%,Call,09/03/26,"5,145.00",653.20s,25.92%,-0.8289,0.0004,-0.4458,5.2328,+1.41%,Put,09/03/26
51.20s,27.19%,0.1736,0.0004,-1.4334,5.4570,+2.68%,Call,09/03/26,"5,150.00",657.60s,25.94%,-0.8306,0.0004,-0.4393,5.1967,+1.43%,Put,09/03/26
52.40s,27.54%,0.1751,0.0004,-1.4505,5.4878,+3.03%,Call,09/03/26,"5,155.00",662.00s,25.96%,-0.8324,0.0004,-0.4328,5.1605,+1.45%,Put,09/03/26
50.10s,27.25%,0.1703,0.0004,-1.4269,5.3914,+2.74%,Call,09/03/26,"5,160.00",666.40s,25.98%,-0.8341,0.0004,-0.4262,5.1240,+1.47%,Put,09/03/26
41.70s,25.77%,0.1533,0.0004,-1.3282,5.0348,+1.25%,Call,09/03/26,"5,165.00",670.80s,26.00%,-0.8358,0.0004,-0.4195,5.0873,+1.49%,Put,09/03/26
49.00s,27.30%,0.1670,0.0004,-1.4202,5.3251,+2.79%,Call,09/03/26,"5,170.00",675.30s,26.04%,-0.8373,0.0004,-0.4141,5.0548,+1.52%,Put,09/03/26
51.70s,27.93%,0.1714,0.0004,-1.4551,5.4136,+3.42%,Call,09/03/26,"5,175.00",679.70s,26.05%,-0.8390,0.0004,-0.4072,5.0177,+1.54%,Put,09/03/26
50.60s,27.86%,0.1688,0.0004,-1.4453,5.3612,+3.35%,Call,09/03/26,"5,180.00",684.20s,26.08%,-0.8405,0.0004,-0.4017,4.9849,+1.57%,Put,09/03/26
47.40s,27.38%,0.1623,0.0004,-1.4100,5.2264,+2.87%,Call,09/03/26,"5,185.00",688.60s,26.10%,-0.8422,0.0004,-0.3946,4.9475,+1.58%,Put,09/03/26
43.00s,26.65%,0.1531,0.0004,-1.3585,5.0315,+2.14%,Call,09/03/26,"5,190.00",693.10s,26.13%,-0.8437,0.0004,-0.3889,4.9144,+1.61%,Put,09/03/26
46.40s,27.44%,0.1592,0.0004,-1.4036,5.1626,+2.93%,Call,09/03/26,"5,195.00",697.50s,26.14%,-0.8454,0.0004,-0.3817,4.8765,+1.62%,Put,09/03/26
42.30s,26.76%,0.1506,0.0004,-1.3551,4.9770,+2.25%,Call,09/03/26,"5,200.00",702.00s,26.16%,-0.8469,0.0004,-0.3759,4.8432,+1.65%,Put,09/03/26
42.50s,26.92%,0.1505,0.0004,-1.3604,4.9742,+2.41%,Call,09/03/26,"5,205.00",706.50s,26.19%,-0.8484,0.0004,-0.3700,4.8096,+1.68%,Put,09/03/26
44.90s,27.52%,0.1547,0.0004,-1.3935,5.0658,+3.01%,Call,09/03/26,"5,210.00",711.00s,26.22%,-0.8499,0.0004,-0.3640,4.7760,+1.70%,Put,09/03/26
39.20,26.49%,0.1427,0.0004,-1.3228,4.7997,+1.98%,Call,"01:55 CT","5,215.00",715.50s,26.24%,-0.8513,0.0004,-0.3579,4.7422,+1.73%,Put,09/03/26
43.90s,27.57%,0.1517,0.0004,-1.3864,5.0006,+3.06%,Call,09/03/26,"5,220.00",720.00s,26.27%,-0.8528,0.0004,-0.3518,4.7083,+1.75%,Put,09/03/26
44.20s,27.76%,0.1518,0.0004,-1.3929,5.0021,+3.24%,Call,09/03/26,"5,225.00",724.50s,26.29%,-0.8543,0.0004,-0.3456,4.6742,+1.78%,Put,09/03/26
43.00s,27.64%,0.1489,0.0004,-1.3802,4.9391,+3.12%,Call,09/03/26,"5,230.00",729.00s,26.31%,-0.8558,0.0004,-0.3394,4.6399,+1.80%,Put,09/03/26
43.20s,27.80%,0.1488,0.0004,-1.3854,4.9367,+3.29%,Call,09/03/26,"5,235.00",733.50s,26.33%,-0.8572,0.0004,-0.3330,4.6055,+1.82%,Put,09/03/26
42.10s,27.70%,0.1461,0.0004,-1.3737,4.8772,+3.19%,Call,09/03/26,"5,240.00",738.00s,26.35%,-0.8587,0.0004,-0.3266,4.5709,+1.84%,Put,09/03/26
41.60s,27.72%,0.1446,0.0004,-1.3698,4.8439,+3.20%,Call,09/03/26,"5,245.00",742.60s,26.39%,-0.8599,0.0004,-0.3217,4.5414,+1.88%,Put,09/03/26
41.20s,27.75%,0.1434,0.0004,-1.3670,4.8149,+3.24%,Call,09/03/26,"5,250.00",747.10s,26.40%,-0.8614,0.0004,-0.3151,4.5066,+1.89%,Put,09/03/26
41.40s,27.92%,0.1433,0.0004,-1.3722,4.8132,+3.40%,Call,09/03/26,"5,255.00",751.60s,26.42%,-0.8629,0.0004,-0.3085,4.4716,+1.91%,Put,09/03/26
40.30s,27.81%,0.1406,0.0004,-1.3600,4.7521,+3.29%,Call,09/03/26,"5,260.00",756.20s,26.46%,-0.8641,0.0004,-0.3034,4.4418,+1.94%,Put,09/03/26
34.00s,26.55%,0.1268,0.0004,-1.2752,4.4263,+2.04%,Call,09/03/26,"5,265.00",760.70s,26.47%,-0.8655,0.0004,-0.2966,4.4065,+1.96%,Put,09/03/26
33.40s,26.53%,0.1250,0.0004,-1.2688,4.3832,+2.02%,Call,09/03/26,"5,270.00",765.30s,26.50%,-0.8668,0.0004,-0.2914,4.3765,+1.99%,Put,09/03/26
39.10s,27.91%,0.1368,0.0004,-1.3510,4.6641,+3.39%,Call,09/03/26,"5,275.00",769.90s,26.54%,-0.8680,0.0004,-0.2861,4.3464,+2.02%,Put,09/03/26
39.70s,28.15%,0.1376,0.0004,-1.3616,4.6821,+3.64%,Call,09/03/26,"5,280.00",774.40s,26.54%,-0.8694,0.0004,-0.2792,4.3106,+2.03%,Put,09/03/26
38.30s,27.97%,0.1342,0.0004,-1.3448,4.6049,+3.46%,Call,09/03/26,"5,285.00",779.00s,26.58%,-0.8707,0.0004,-0.2738,4.2803,+2.06%,Put,09/03/26
37.90s,28.00%,0.1330,0.0004,-1.3415,4.5752,+3.49%,Call,09/03/26,"5,290.00",783.60s,26.61%,-0.8719,0.0004,-0.2683,4.2500,+2.09%,Put,09/03/26
31.50s,26.66%,0.1186,0.0003,-1.2515,4.2258,+2.15%,Call,09/03/26,"5,295.00",788.20s,26.63%,-0.8731,0.0003,-0.2628,4.2195,+2.12%,Put,09/03/26
37.20s,28.08%,0.1307,0.0004,-1.3363,4.5206,+3.56%,Call,09/03/26,"5,300.00",792.80s,26.66%,-0.8743,0.0003,-0.2573,4.1889,+2.15%,Put,09/03/26
36.70s,28.08%,0.1292,0.0004,-1.3314,4.4856,+3.57%,Call,09/03/26,"5,305.00",797.40s,26.69%,-0.8755,0.0003,-0.2516,4.1583,+2.18%,Put,09/03/26
30.50s,26.76%,0.1152,0.0003,-1.2425,4.1383,+2.25%,Call,09/03/26,"5,310.00",802.00s,26.71%,-0.8767,0.0003,-0.2460,4.1275,+2.20%,Put,09/03/26
35.90s,28.13%,0.1267,0.0003,-1.3244,4.4253,+3.62%,Call,09/03/26,"5,315.00",806.60s,26.74%,-0.8779,0.0003,-0.2402,4.0966,+2.23%,Put,09/03/26
35.60s,28.18%,0.1257,0.0003,-1.3223,4.4002,+3.67%,Call,09/03/26,"5,320.00",811.20s,26.76%,-0.8791,0.0003,-0.2345,4.0657,+2.25%,Put,09/03/26
35.20s,28.20%,0.1245,0.0003,-1.3186,4.3698,+3.69%,Call,09/03/26,"5,325.00",815.80s,26.78%,-0.8803,0.0003,-0.2286,4.0346,+2.27%,Put,09/03/26
34.80s,28.22%,0.1232,0.0003,-1.3149,4.3393,+3.71%,Call,09/03/26,"5,330.00",820.40s,26.81%,-0.8815,0.0003,-0.2227,4.0034,+2.29%,Put,09/03/26
34.50s,28.27%,0.1222,0.0003,-1.3126,4.3140,+3.75%,Call,09/03/26,"5,335.00",825.00s,26.83%,-0.8827,0.0003,-0.2167,3.9721,+2.31%,Put,09/03/26
34.10s,28.29%,0.1210,0.0003,-1.3087,4.2834,+3.77%,Call,09/03/26,"5,340.00",829.70s,26.87%,-0.8837,0.0003,-0.2125,3.9469,+2.36%,Put,09/03/26
32.40s,28.00%,0.1169,0.0003,-1.2852,4.1812,+3.48%,Call,09/03/26,"5,345.00",834.30s,26.89%,-0.8849,0.0003,-0.2065,3.9155,+2.38%,Put,09/03/26
33.50s,28.37%,0.1189,0.0003,-1.3038,4.2326,+3.86%,Call,09/03/26,"5,350.00",838.90s,26.91%,-0.8861,0.0003,-0.2003,3.8839,+2.39%,Put,09/03/26
32.50s,28.24%,0.1164,0.0003,-1.2907,4.1685,+3.73%,Call,09/03/26,"5,355.00",843.60s,26.95%,-0.8870,0.0003,-0.1960,3.8585,+2.43%,Put,09/03/26
32.80s,28.42%,0.1167,0.0003,-1.2973,4.1761,+3.91%,Call,09/03/26,"5,360.00",848.20s,26.96%,-0.8882,0.0003,-0.1897,3.8267,+2.45%,Put,09/03/26
32.50s,28.46%,0.1157,0.0003,-1.2947,4.1505,+3.95%,Call,09/03/26,"5,365.00",852.90s,27.00%,-0.8892,0.0003,-0.1853,3.8013,+2.49%,Put,09/03/26
32.10s,28.48%,0.1144,0.0003,-1.2905,4.1193,+3.96%,Call,09/03/26,"5,370.00",857.50s,27.01%,-0.8903,0.0003,-0.1789,3.7693,+2.50%,Put,09/03/26
31.80s,28.51%,0.1134,0.0003,-1.2878,4.0936,+4.00%,Call,09/03/26,"5,375.00",862.20s,27.05%,-0.8913,0.0003,-0.1744,3.7438,+2.54%,Put,09/03/26
29.00s,27.92%,0.1068,0.0003,-1.2456,3.9209,+3.41%,Call,09/03/26,"5,380.00",866.90s,27.09%,-0.8922,0.0003,-0.1699,3.7182,+2.58%,Put,09/03/26
31.20s,28.58%,0.1114,0.0003,-1.2823,4.0421,+4.07%,Call,09/03/26,"5,385.00",871.50s,27.10%,-0.8934,0.0003,-0.1633,3.6859,+2.59%,Put,09/03/26
30.90s,28.62%,0.1104,0.0003,-1.2794,4.0162,+4.11%,Call,09/03/26,"5,390.00",876.20s,27.13%,-0.8943,0.0003,-0.1587,3.6602,+2.62%,Put,09/03/26
30.60s,28.65%,0.1095,0.0003,-1.2766,3.9903,+4.14%,Call,09/03/26,"5,395.00",880.90s,27.17%,-0.8953,0.0003,-0.1540,3.6345,+2.66%,Put,09/03/26
26.60,27.72%,0.1000,0.0003,-1.2134,3.7366,+3.21%,Call,"02:02 CT","5,400.00",885.60s,27.20%,-0.8962,0.0003,-0.1493,3.6087,+2.69%,Put,09/03/26
27.70s,28.12%,0.1022,0.0003,-1.2333,3.7985,+3.61%,Call,09/03/26,"5,405.00",890.30s,27.23%,-0.8971,0.0003,-0.1445,3.5829,+2.72%,Put,09/03/26
29.70s,28.75%,0.1065,0.0003,-1.2676,3.9123,+4.23%,Call,09/03/26,"5,410.00",894.90s,27.24%,-0.8983,0.0003,-0.1377,3.5500,+2.73%,Put,09/03/26
29.40s,28.78%,0.1055,0.0003,-1.2646,3.8862,+4.26%,Call,09/03/26,"5,415.00",899.60s,27.27%,-0.8992,0.0003,-0.1329,3.5241,+2.76%,Put,09/03/26
31.00s,29.29%,0.1087,0.0003,-1.2921,3.9717,+4.78%,Call,09/03/26,"5,420.00",904.30s,27.30%,-0.9001,0.0003,-0.1280,3.4981,+2.79%,Put,09/03/26
28.80s,28.83%,0.1035,0.0003,-1.2583,3.8338,+4.32%,Call,09/03/26,"5,425.00",909.00s,27.33%,-0.9010,0.0003,-0.1230,3.4720,+2.81%,Put,09/03/26
28.60s,28.89%,0.1028,0.0003,-1.2568,3.8136,+4.37%,Call,09/03/26,"5,430.00",913.70s,27.36%,-0.9020,0.0003,-0.1180,3.4459,+2.84%,Put,09/03/26
28.30s,28.91%,0.1018,0.0003,-1.2535,3.7873,+4.40%,Call,09/03/26,"5,435.00",918.50s,27.41%,-0.9026,0.0003,-0.1150,3.4269,+2.90%,Put,09/03/26
28.00s,28.94%,0.1008,0.0003,-1.2503,3.7609,+4.43%,Call,09/03/26,"5,440.00",923.20s,27.44%,-0.9035,0.0003,-0.1100,3.4008,+2.93%,Put,09/03/26
28.70s,29.23%,0.1021,0.0003,-1.2636,3.7960,+4.72%,Call,09/03/26,"5,445.00",927.90s,27.46%,-0.9044,0.0003,-0.1049,3.3745,+2.95%,Put,09/03/26
27.50s,29.01%,0.0991,0.0003,-1.2452,3.7142,+4.50%,Call,09/03/26,"5,450.00",932.60s,27.49%,-0.9054,0.0003,-0.0997,3.3482,+2.98%,Put,09/03/26
28.50s,29.39%,0.1011,0.0003,-1.2637,3.7683,+4.87%,Call,09/03/26,"5,455.00",937.30s,27.51%,-0.9063,0.0003,-0.0946,3.3218,+3.00%,Put,09/03/26
27.00s,29.09%,0.0974,0.0003,-1.2401,3.6674,+4.57%,Call,09/03/26,"5,460.00",942.00s,27.53%,-0.9072,0.0003,-0.0894,3.2954,+3.02%,Put,09/03/26
26.70s,29.11%,0.0965,0.0003,-1.2366,3.6408,+4.60%,Call,09/03/26,"5,465.00",946.80s,27.59%,-0.9078,0.0003,-0.0862,3.2764,+3.07%,Put,09/03/26
26.50s,29.16%,0.0957,0.0003,-1.2348,3.6205,+4.64%,Call,09/03/26,"5,470.00",951.50s,27.61%,-0.9087,0.0003,-0.0809,3.2499,+3.09%,Put,09/03/26
26.20s,29.18%,0.0948,0.0003,-1.2312,3.5937,+4.66%,Call,09/03/26,"5,475.00",956.20s,27.63%,-0.9096,0.0003,-0.0756,3.2233,+3.11%,Put,09/03/26
25.40s,29.05%,0.0926,0.0003,-1.2188,3.5341,+4.54%,Call,09/03/26,"5,480.00",961.00s,27.68%,-0.9103,0.0003,-0.0723,3.2043,+3.16%,Put,09/03/26
25.70s,29.24%,0.0931,0.0003,-1.2256,3.5466,+4.73%,Call,09/03/26,"5,485.00",965.70s,27.70%,-0.9111,0.0003,-0.0669,3.1776,+3.18%,Put,09/03/26
25.70s,29.34%,0.0928,0.0003,-1.2272,3.5393,+4.83%,Call,09/03/26,"5,490.00",970.50s,27.74%,-0.9118,0.0002,-0.0636,3.1586,+3.23%,Put,09/03/26
25.20s,29.30%,0.0914,0.0003,-1.2199,3.4992,+4.79%,Call,09/03/26,"5,495.00",975.20s,27.76%,-0.9127,0.0002,-0.0581,3.1318,+3.25%,Put,09/03/26
21.70,28.36%,0.0827,0.0003,-1.1579,3.2472,+3.85%,Call,"01:56 CT","5,500.00",980.00s,27.81%,-0.9133,0.0002,-0.0547,3.1127,+3.29%,Put,09/03/26
24.80s,29.39%,0.0900,0.0003,-1.2159,3.4584,+4.87%,Call,09/03/26,"5,505.00",984.70s,27.82%,-0.9142,0.0002,-0.0492,3.0858,+3.31%,Put,09/03/26
24.60s,29.43%,0.0893,0.0003,-1.2138,3.4380,+4.92%,Call,09/03/26,"5,510.00",989.50s,27.87%,-0.9148,0.0002,-0.0458,3.0668,+3.36%,Put,09/03/26
24.30s,29.44%,0.0883,0.0003,-1.2099,3.4108,+4.93%,Call,09/03/26,"5,515.00",994.20s,27.88%,-0.9157,0.0002,-0.0402,3.0397,+3.37%,Put,09/03/26
24.10s,29.48%,0.0876,0.0003,-1.2077,3.3903,+4.97%,Call,09/03/26,"5,520.00",999.00s,27.93%,-0.9163,0.0002,-0.0367,3.0206,+3.41%,Put,09/03/26
23.90s,29.52%,0.0869,0.0003,-1.2056,3.3699,+5.01%,Call,09/03/26,"5,525.00","1,003.80s",27.97%,-0.9170,0.0002,-0.0332,3.0016,+3.46%,Put,09/03/26
23.70s,29.56%,0.0862,0.0002,-1.2034,3.3494,+5.05%,Call,09/03/26,"5,530.00","1,008.50s",27.98%,-0.9178,0.0002,-0.0275,2.9744,+3.47%,Put,09/03/26
23.50s,29.60%,0.0855,0.0002,-1.2011,3.3289,+5.09%,Call,09/03/26,"5,535.00","1,013.30s",28.02%,-0.9185,0.0002,-0.0239,2.9553,+3.51%,Put,09/03/26
23.30s,29.64%,0.0848,0.0002,-1.1989,3.3084,+5.13%,Call,09/03/26,"5,540.00","1,018.10s",28.06%,-0.9191,0.0002,-0.0204,2.9362,+3.55%,Put,09/03/26
23.00s,29.65%,0.0838,0.0002,-1.1947,3.2808,+5.13%,Call,09/03/26,"5,545.00","1,022.90s",28.10%,-0.9197,0.0002,-0.0168,2.9171,+3.59%,Put,09/03/26
22.80s,29.68%,0.0831,0.0002,-1.1924,3.2603,+5.17%,Call,09/03/26,"5,550.00","1,027.60s",28.11%,-0.9206,0.0002,-0.0109,2.8896,+3.60%,Put,09/03/26
22.60s,29.72%,0.0824,0.0002,-1.1901,3.2397,+5.21%,Call,09/03/26,"5,555.00","1,032.40s",28.15%,-0.9212,0.0002,-0.0073,2.8705,+3.64%,Put,09/03/26
22.40s,29.76%,0.0817,0.0002,-1.1877,3.2191,+5.24%,Call,09/03/26,"5,560.00","1,037.20s",28.19%,-0.9218,0.0002,-0.0036,2.8513,+3.68%,Put,09/03/26
22.20s,29.79%,0.0811,0.0002,-1.1853,3.1984,+5.28%,Call,09/03/26,"5,565.00","1,042.00s",28.23%,-0.9224,0.0002,0.0001,2.8322,+3.72%,Put,09/03/26
22.00s,29.82%,0.0804,0.0002,-1.1828,3.1778,+5.31%,Call,09/03/26,"5,570.00","1,046.80s",28.27%,-0.9230,0.0002,0.0038,2.8130,+3.75%,Put,09/03/26
21.90s,29.89%,0.0799,0.0002,-1.1823,3.1644,+5.38%,Call,09/03/26,"5,575.00","1,051.60s",28.30%,-0.9236,0.0002,0.0075,2.7938,+3.79%,Put,09/03/26
21.70s,29.92%,0.0792,0.0002,-1.1798,3.1437,+5.41%,Call,09/03/26,"5,580.00","1,056.40s",28.34%,-0.9242,0.0002,0.0113,2.7747,+3.83%,Put,09/03/26
21.50s,29.95%,0.0785,0.0002,-1.1773,3.1230,+5.44%,Call,09/03/26,"5,585.00","1,061.20s",28.38%,-0.9248,0.0002,0.0150,2.7555,+3.86%,Put,09/03/26
21.30s,29.99%,0.0778,0.0002,-1.1747,3.1023,+5.47%,Call,09/03/26,"5,590.00","1,066.00s",28.41%,-0.9254,0.0002,0.0188,2.7363,+3.90%,Put,09/03/26
21.10s,30.02%,0.0772,0.0002,-1.1721,3.0816,+5.50%,Call,09/03/26,"5,595.00","1,070.80s",28.45%,-0.9260,0.0002,0.0227,2.7170,+3.93%,Put,09/03/26
19.30s,29.51%,0.0725,0.0002,-1.1378,2.9388,+5.00%,Call,09/03/26,"5,600.00","1,075.60s",28.48%,-0.9266,0.0002,0.0265,2.6978,+3.97%,Put,09/03/26
20.80s,30.11%,0.0760,0.0002,-1.1689,3.0475,+5.60%,Call,09/03/26,"5,605.00","1,080.40s",28.51%,-0.9272,0.0002,0.0304,2.6786,+4.00%,Put,09/03/26
20.60s,30.14%,0.0754,0.0002,-1.1662,3.0268,+5.63%,Call,09/03/26,"5,610.00","1,085.20s",28.54%,-0.9278,0.0002,0.0342,2.6593,+4.03%,Put,09/03/26
20.40s,30.17%,0.0747,0.0002,-1.1635,3.0060,+5.65%,Call,09/03/26,"5,615.00","1,090.00s",28.58%,-0.9284,0.0002,0.0382,2.6400,+4.06%,Put,09/03/26
20.20s,30.19%,0.0740,0.0002,-1.1608,2.9851,+5.68%,Call,09/03/26,"5,620.00","1,094.90s",28.65%,-0.9287,0.0002,0.0397,2.6296,+4.13%,Put,09/03/26
20.10s,30.25%,0.0736,0.0002,-1.1601,2.9719,+5.74%,Call,09/03/26,"5,625.00","1,099.70s",28.68%,-0.9293,0.0002,0.0436,2.6104,+4.16%,Put,09/03/26
19.90s,30.28%,0.0729,0.0002,-1.1573,2.9510,+5.77%,Call,09/03/26,"5,630.00","1,104.50s",28.71%,-0.9299,0.0002,0.0476,2.5911,+4.19%,Put,09/03/26
19.70s,30.30%,0.0722,0.0002,-1.1545,2.9301,+5.79%,Call,09/03/26,"5,635.00","1,109.30s",28.74%,-0.9305,0.0002,0.0516,2.5718,+4.22%,Put,09/03/26
20.10s,30.53%,0.0730,0.0002,-1.1638,2.9550,+6.02%,Call,09/03/26,"5,640.00","1,114.10s",28.76%,-0.9311,0.0002,0.0556,2.5524,+4.25%,Put,09/03/26
19.40s,30.39%,0.0711,0.0002,-1.1509,2.8960,+5.87%,Call,09/03/26,"5,645.00","1,119.00s",28.83%,-0.9314,0.0002,0.0572,2.5422,+4.32%,Put,09/03/26
19.30s,30.45%,0.0707,0.0002,-1.1500,2.8828,+5.93%,Call,09/03/26,"5,650.00","1,123.80s",28.86%,-0.9320,0.0002,0.0612,2.5229,+4.35%,Put,09/03/26
19.10s,30.47%,0.0700,0.0002,-1.1471,2.8619,+5.96%,Call,09/03/26,"5,655.00","1,128.60s",28.89%,-0.9325,0.0002,0.0653,2.5035,+4.37%,Put,09/03/26
18.90s,30.49%,0.0694,0.0002,-1.1442,2.8409,+5.98%,Call,09/03/26,"5,660.00","1,133.50s",28.95%,-0.9329,0.0002,0.0669,2.4933,+4.44%,Put,09/03/26
18.80s,30.55%,0.0690,0.0002,-1.1433,2.8277,+6.03%,Call,09/03/26,"5,665.00","1,138.30s",28.98%,-0.9334,0.0002,0.0710,2.4740,+4.46%,Put,09/03/26
18.60s,30.57%,0.0683,0.0002,-1.1404,2.8067,+6.05%,Call,09/03/26,"5,670.00","1,143.10s",29.00%,-0.9340,0.0002,0.0751,2.4546,+4.49%,Put,09/03/26
18.50s,30.62%,0.0679,0.0002,-1.1394,2.7936,+6.11%,Call,09/03/26,"5,675.00","1,148.00s",29.07%,-0.9343,0.0002,0.0768,2.4444,+4.55%,Put,09/03/26
18.30s,30.64%,0.0672,0.0002,-1.1364,2.7725,+6.13%,Call,09/03/26,"5,680.00","1,152.80s",29.09%,-0.9349,0.0002,0.0809,2.4251,+4.58%,Put,09/03/26
18.20s,30.70%,0.0668,0.0002,-1.1355,2.7594,+6.18%,Call,09/03/26,"5,685.00","1,157.70s",29.15%,-0.9352,0.0002,0.0826,2.4150,+4.64%,Put,09/03/26
18.10s,30.75%,0.0664,0.0002,-1.1345,2.7463,+6.24%,Call,09/03/26,"5,690.00","1,162.50s",29.18%,-0.9358,0.0002,0.0868,2.3956,+4.66%,Put,09/03/26
17.90s,30.77%,0.0657,0.0002,-1.1314,2.7252,+6.26%,Call,09/03/26,"5,695.00","1,167.40s",29.24%,-0.9361,0.0002,0.0885,2.3856,+4.73%,Put,09/03/26
13.70s,29.20%,0.0545,0.0002,-1.0394,2.3534,+4.69%,Call,09/03/26,"5,700.00","1,172.20s",29.26%,-0.9366,0.0002,0.0927,2.3661,+4.75%,Put,09/03/26
17.60s,30.84%,0.0647,0.0002,-1.1273,2.6910,+6.32%,Call,09/03/26,"5,705.00","1,177.10s",29.32%,-0.9369,0.0002,0.0944,2.3562,+4.81%,Put,09/03/26
17.50s,30.89%,0.0643,0.0002,-1.1262,2.6779,+6.38%,Call,09/03/26,"5,710.00","1,181.90s",29.34%,-0.9375,0.0002,0.0987,2.3367,+4.83%,Put,09/03/26
17.20s,30.96%,0.0632,0.0002,-1.1220,2.6437,+6.44%,Call,09/03/26,"5,720.00","1,191.60s",29.42%,-0.9383,0.0002,0.1047,2.3073,+4.91%,Put,09/03/26
17.10s,31.01%,0.0628,0.0002,-1.1209,2.6307,+6.49%,Call,09/03/26,"5,725.00","1,196.50s",29.48%,-0.9386,0.0002,0.1064,2.2974,+4.97%,Put,09/03/26
17.00s,31.06%,0.0624,0.0002,-1.1198,2.6177,+6.54%,Call,09/03/26,"5,730.00","1,201.40s",29.54%,-0.9389,0.0002,0.1082,2.2876,+5.03%,Put,09/03/26
16.70s,31.12%,0.0614,0.0002,-1.1154,2.5834,+6.61%,Call,09/03/26,"5,740.00","1,211.10s",29.62%,-0.9398,0.0002,0.1143,2.2583,+5.11%,Put,09/03/26
16.90s,31.37%,0.0616,0.0002,-1.1220,2.5907,+6.86%,Call,09/03/26,"5,750.00","1,220.80s",29.70%,-0.9406,0.0002,0.1204,2.2290,+5.18%,Put,09/03/26
16.20s,31.27%,0.0595,0.0002,-1.1086,2.5232,+6.76%,Call,09/03/26,"5,760.00","1,230.60s",29.81%,-0.9412,0.0002,0.1240,2.2095,+5.30%,Put,09/03/26
16.50s,31.57%,0.0600,0.0002,-1.1174,2.5394,+7.05%,Call,09/03/26,"5,770.00","1,240.30s",29.88%,-0.9420,0.0002,0.1303,2.1803,+5.37%,Put,09/03/26
15.90s,31.41%,0.0584,0.0002,-1.1050,2.4844,+6.90%,Call,09/03/26,"5,775.00","1,245.20s",29.94%,-0.9423,0.0002,0.1321,2.1706,+5.43%,Put,09/03/26
15.80s,31.46%,0.0580,0.0002,-1.1037,2.4715,+6.95%,Call,09/03/26,"5,780.00","1,250.00s",29.95%,-0.9428,0.0002,0.1366,2.1511,+5.44%,Put,09/03/26
16.00s,31.71%,0.0582,0.0002,-1.1103,2.4798,+7.20%,Call,09/03/26,"5,790.00","1,259.80s",30.07%,-0.9434,0.0002,0.1402,2.1318,+5.55%,Put,09/03/26
13.80s,30.96%,0.0523,0.0002,-1.0613,2.2771,+6.45%,Call,09/03/26,"5,800.00","1,269.60s",30.18%,-0.9439,0.0002,0.1439,2.1126,+5.67%,Put,09/03/26
15.10s,31.69%,0.0554,0.0002,-1.0938,2.3856,+7.17%,Call,09/03/26,"5,810.00","1,279.30s",30.24%,-0.9447,0.0002,0.1504,2.0835,+5.73%,Put,09/03/26
14.80s,31.82%,0.0543,0.0002,-1.0898,2.3470,+7.30%,Call,09/03/26,"5,825.00","1,294.00s",30.41%,-0.9455,0.0001,0.1560,2.0550,+5.89%,Put,09/03/26
10.70s,30.31%,0.0426,0.0001,-0.9933,1.9345,+5.80%,Call,09/03/26,"5,850.00","1,318.40s",30.62%,-0.9471,0.0001,0.1683,1.9977,+6.11%,Put,09/03/26
13.80s,32.21%,0.0506,0.0002,-1.0756,2.2190,+7.70%,Call,09/03/26,"5,875.00","1,342.90s",30.88%,-0.9484,0.0001,0.1780,1.9509,+6.37%,Put,09/03/26
9.20s,30.29%,0.0374,0.0001,-0.9614,1.7386,+5.78%,Call,09/03/26,"5,900.00","1,367.40s",31.13%,-0.9497,0.0001,0.1878,1.9046,+6.62%,Put,09/03/26
12.90s,32.61%,0.0472,0.0001,-1.0626,2.1006,+8.10%,Call,09/03/26,"5,925.00","1,392.00s",31.43%,-0.9506,0.0001,0.1948,1.8690,+6.92%,Put,09/03/26
12.50s,32.82%,0.0457,0.0001,-1.0570,2.0463,+8.31%,Call,09/03/26,"5,950.00","1,416.50s",31.67%,-0.9518,0.0001,0.2049,1.8235,+7.15%,Put,09/03/26
12.30s,33.12%,0.0448,0.0001,-1.0562,2.0112,+8.61%,Call,09/03/26,"5,975.00","1,441.10s",31.95%,-0.9528,0.0001,0.2121,1.7889,+7.44%,Put,09/03/26
11.70s,33.21%,0.0427,0.0001,-1.0450,1.9382,+8.70%,Call,09/03/26,"6,000.00","1,465.70s",32.23%,-0.9537,0.0001,0.2194,1.7547,+7.72%,Put,09/03/26
11.30s,33.39%,0.0413,0.0001,-1.0386,1.8844,+8.88%,Call,09/03/26,"6,025.00","1,490.40s",32.56%,-0.9543,0.0001,0.2238,1.7316,+8.05%,Put,09/03/26
11.00s,33.62%,0.0401,0.0001,-1.0347,1.8405,+9.10%,Call,09/03/26,"6,050.00","1,515.00s",32.83%,-0.9552,0.0001,0.2312,1.6982,+8.32%,Put,09/03/26
9.20,33.33%,0.0345,0.0001,-0.9925,1.6288,+8.82%,Call,"21:44 CT","6,100.00","1,564.40s",33.48%,-0.9563,0.0001,0.2402,1.6539,+8.96%,Put,09/03/26
9.80s,34.44%,0.0355,0.0001,-1.0173,1.6673,+9.92%,Call,09/03/26,"6,150.00","1,613.80s",34.11%,-0.9574,0.0001,0.2492,1.6111,+9.59%,Put,09/03/26
8.10s,34.07%,0.0303,0.0001,-0.9749,1.4626,+9.56%,Call,09/03/26,"6,200.00","1,663.30s",34.79%,-0.9582,0.0001,0.2552,1.5801,+10.27%,Put,09/03/26
8.90s,35.32%,0.0320,0.0001,-1.0062,1.5283,+10.81%,Call,09/03/26,"6,250.00","1,712.90s",35.52%,-0.9587,0.0001,0.2581,1.5608,+11.01%,Put,09/03/26
8.10s,35.48%,0.0293,0.0001,-0.9892,1.4222,+10.97%,Call,09/03/26,"6,300.00","1,762.50s",36.25%,-0.9592,0.0001,0.2610,1.5424,+11.73%,Put,09/03/26
7.70s,36.56%,0.0273,0.0001,-0.9907,1.3418,+12.05%,Call,09/03/26,"6,400.00","1,861.80s",37.74%,-0.9598,0.0001,0.2637,1.5180,+13.23%,Put,09/03/26
7.10s,37.43%,0.0249,0.0001,-0.9849,1.2430,+12.92%,Call,09/03/26,"6,500.00","1,961.30s",39.34%,-0.9599,0.0001,0.2599,1.5154,+14.83%,Put,09/03/26
5.70s,39.34%,0.0197,0.0001,-0.9693,1.0173,+14.83%,Call,09/03/26,"6,750.00","2,210.40s",43.47%,-0.9591,0.0001,0.2390,1.5437,+18.95%,Put,09/03/26
5.80s,39.74%,0.0198,0.0001,-0.9760,1.0234,+15.23%,Call,09/03/26,"6,775.00","2,235.40s",43.93%,-0.9589,0.0001,0.2341,1.5542,+19.42%,Put,09/03/26
5.60s,39.84%,0.0191,0.0001,-0.9720,0.9946,+15.33%,Call,09/03/26,"6,800.00","2,260.30s",44.32%,-0.9588,0.0001,0.2323,1.5561,+19.81%,Put,09/03/26
5.20s,40.61%,0.0176,0.0001,-0.9696,0.9272,+16.10%,Call,09/03/26,"6,900.00","2,360.20s",46.08%,-0.9580,0.0001,0.2158,1.5883,+21.57%,Put,09/03/26
5.00s,41.54%,0.0167,0.0000,-0.9743,0.8852,+17.03%,Call,09/03/26,"7,000.00","2,460.10s",47.82%,-0.9572,0.0001,0.1993,1.6188,+23.31%,Put,09/03/26
4.60s,42.20%,0.0153,0.0000,-0.9709,0.8208,+17.69%,Call,09/03/26,"7,100.00","2,560.10s",49.59%,-0.9563,0.0001,0.1798,1.6553,+25.08%,Put,09/03/26
4.60s,42.48%,0.0152,0.0000,-0.9738,0.8169,+17.96%,Call,09/03/26,"7,125.00","2,585.10s",50.03%,-0.9561,0.0001,0.1750,1.6641,+25.51%,Put,09/03/26
4.50s,42.41%,0.0149,0.0000,-0.9705,0.8040,+17.90%,Call,09/03/26,"7,130.00","2,590.10s",50.11%,-0.9560,0.0001,0.1740,1.6658,+25.60%,Put,09/03/26
4.50s,42.63%,0.0149,0.0000,-0.9729,0.8010,+18.12%,Call,09/03/26,"7,150.00","2,610.10s",50.46%,-0.9558,0.0001,0.1702,1.6728,+25.95%,Put,09/03/26
4.40s,42.78%,0.0145,0.0000,-0.9719,0.7852,+18.26%,Call,09/03/26,"7,175.00","2,635.10s",50.90%,-0.9556,0.0001,0.1653,1.6814,+26.38%,Put,09/03/26
4.30s,42.92%,0.0142,0.0000,-0.9708,0.7695,+18.41%,Call,09/03/26,"7,200.00","2,660.10s",51.33%,-0.9554,0.0001,0.1605,1.6899,+26.82%,Put,09/03/26
4.30s,43.46%,0.0140,0.0000,-0.9767,0.7625,+18.94%,Call,09/03/26,"7,250.00","2,710.10s",52.19%,-0.9549,0.0001,0.1509,1.7066,+27.68%,Put,09/03/26
3.70s,45.22%,0.0118,0.0000,-0.9809,0.6587,+20.70%,Call,09/03/26,"7,500.00","2,960.10s",56.41%,-0.9529,0.0001,0.1031,1.7845,+31.89%,Put,09/03/26
3.10s,49.03%,0.0094,0.0000,-1.0111,0.5396,+24.51%,Call,09/03/26,"8,000.00","3,460.10s",64.42%,-0.9492,0.0001,0.0092,1.9199,+39.90%,Put,09/03/26
2.60s,49.16%,0.0080,0.0000,-1.0017,0.4680,+24.65%,Call,09/03/26,"8,125.00","3,585.10s",66.34%,-0.9484,0.0001,-0.0140,1.9505,+41.83%,Put,09/03/26
2.40s,51.93%,0.0071,0.0000,-1.0332,0.4212,+27.42%,Call,09/03/26,"8,500.00","3,960.10s",71.94%,-0.9460,0.0001,-0.0832,2.0366,+47.43%,Put,09/03/26
2.10s,52.24%,0.0063,0.0000,-1.0324,0.3764,+27.73%,Call,09/03/26,"8,630.00","4,090.10s",73.82%,-0.9453,0.0001,-0.1070,2.0648,+49.31%,Put,09/03/26
2.40s,53.57%,0.0069,0.0000,-1.0551,0.4115,+29.06%,Call,09/03/26,"8,700.00","4,160.10s",74.83%,-0.9448,0.0001,-0.1197,2.0796,+50.31%,Put,09/03/26
2.20s,53.27%,0.0064,0.0000,-1.0478,0.3851,+28.76%,Call,09/03/26,"8,725.00","4,185.10s",75.18%,-0.9447,0.0001,-0.1243,2.0848,+50.67%,Put,09/03/26
2.20s,53.47%,0.0064,0.0000,-1.0505,0.3841,+28.96%,Call,09/03/26,"8,750.00","4,210.10s",75.54%,-0.9445,0.0001,-0.1289,2.0900,+51.02%,Put,09/03/26
2.20s,53.67%,0.0064,0.0000,-1.0532,0.3830,+29.16%,Call,09/03/26,"8,775.00","4,235.10s",75.89%,-0.9444,0.0001,-0.1334,2.0952,+51.38%,Put,09/03/26
2.00s,54.88%,0.0057,0.0000,-1.0673,0.3486,+30.36%,Call,09/03/26,"9,000.00","4,460.10s",79.04%,-0.9431,0.0001,-0.1743,2.1408,+54.52%,Put,09/03/26
1.80s,56.15%,0.0051,0.0000,-1.0837,0.3144,+31.63%,Call,09/03/26,"9,250.00","4,710.10s",82.44%,-0.9417,0.0001,-0.2194,2.1894,+57.93%,Put,09/03/26
1.70s,57.62%,0.0047,0.0000,-1.1051,0.2942,+33.11%,Call,09/03/26,"9,500.00","4,960.10s",85.76%,-0.9404,0.0001,-0.2643,2.2360,+61.24%,Put,09/03/26
1.30s,56.81%,0.0037,0.0000,-1.0934,0.2384,+32.30%,Call,09/03/26,"9,600.00","5,060.10s",87.06%,-0.9399,0.0001,-0.2821,2.2541,+62.55%,Put,09/03/26
1.60s,59.01%,0.0044,0.0000,-1.1264,0.2749,+34.50%,Call,09/03/26,"9,750.00","5,210.10s",88.99%,-0.9391,0.0001,-0.3089,2.2809,+64.48%,Put,09/03/26
1.60s,60.02%,0.0043,0.0000,-1.1424,0.2713,+35.51%,Call,09/03/26,"9,900.00","5,360.10s",90.89%,-0.9384,0.0001,-0.3356,2.3071,+66.38%,Put,09/03/26
0.70,56.24%,0.0021,0.0000,-1.0992,0.1433,+31.72%,Call,"17:54 CT","10,000.00","5,460.10s",92.15%,-0.9379,0.0001,-0.3533,2.3243,+67.63%,Put,09/03/26
"Downloaded from Barchart.com as of 09-04-2026 03:18am CDT"
